ID,Category,Subcategory,Shade_Name,Hex_Code,Recommended_Surface,Mood_And_Description
SHADE-0001,Most Searched: Living Room,Warm Neutrals & Greiges,Swiss Coffee,#D7DAB4,Walls & Trims,Warm Neutrals & Greiges tone curated for optimal interior/exterior depth and light reflectance.
SHADE-0002,Most Searched: Living Room,Warm Neutrals & Greiges,Alabaster White,#E0D6C6,Walls & Trims,Warm Neutrals & Greiges tone curated for optimal interior/exterior depth and light reflectance.
SHADE-0003,Most Searched: Living Room,Warm Neutrals & Greiges,Warm Greige,#DBE0BC,Walls & Trims,Warm Neutrals & Greiges tone curated for optimal interior/exterior depth and light reflectance.
SHADE-0004,Most Searched: Living Room,Warm Neutrals & Greiges,Natural Canvas,#E4DCCE,Walls & Trims,Warm Neutrals & Greiges tone curated for optimal interior/exterior depth and light reflectance.
SHADE-0005,Most Searched: Living Room,Warm Neutrals & Greiges,Pale Linen,#F2CEC7,Walls & Trims,Warm Neutrals & Greiges tone curated for optimal interior/exterior depth and light reflectance.
SHADE-0006,Most Searched: Living Room,Warm Neutrals & Greiges,Oat Milk,#ECE8BB,Walls & Trims,Warm Neutrals & Greiges tone curated for optimal interior/exterior depth and light reflectance.
SHADE-0007,Most Searched: Living Room,Warm Neutrals & Greiges,Toasted Almond,#ECE8BB,Walls & Trims,Warm Neutrals & Greiges tone curated for optimal interior/exterior depth and light reflectance.
SHADE-0008,Most Searched: Living Room,Warm Neutrals & Greiges,Sand Dune,#E2D9CA,Walls & Trims,Warm Neutrals & Greiges tone curated for optimal interior/exterior depth and light reflectance.
SHADE-0009,Most Searched: Living Room,Warm Neutrals & Greiges,Desert Taupe,#F4D1CB,Walls & Trims,Warm Neutrals & Greiges tone curated for optimal interior/exterior depth and light reflectance.
SHADE-0010,Most Searched: Living Room,Warm Neutrals & Greiges,Birch White,#F2CEC7,Walls & Trims,Warm Neutrals & Greiges tone curated for optimal interior/exterior depth and light reflectance.
SHADE-0011,Most Searched: Living Room,Warm Neutrals & Greiges,Vanilla Silk,#EFDBC1,Walls & Trims,Warm Neutrals & Greiges tone curated for optimal interior/exterior depth and light reflectance.
SHADE-0012,Most Searched: Living Room,Warm Neutrals & Greiges,Light Cashmere,#D9DDB8,Walls & Trims,Warm Neutrals & Greiges tone curated for optimal interior/exterior depth and light reflectance.
SHADE-0013,Most Searched: Living Room,Warm Neutrals & Greiges,Pale Chamois,#EDD8BD,Walls & Trims,Warm Neutrals & Greiges tone curated for optimal interior/exterior depth and light reflectance.
SHADE-0014,Most Searched: Living Room,Warm Neutrals & Greiges,Biscotti Cream,#E3C9CC,Walls & Trims,Warm Neutrals & Greiges tone curated for optimal interior/exterior depth and light reflectance.
SHADE-0015,Most Searched: Living Room,Warm Neutrals & Greiges,Clam Shell,#EAE5B7,Walls & Trims,Warm Neutrals & Greiges tone curated for optimal interior/exterior depth and light reflectance.
SHADE-0016,Most Searched: Living Room,Warm Neutrals & Greiges,Macadamia Buff,#E6DFD2,Walls & Trims,Warm Neutrals & Greiges tone curated for optimal interior/exterior depth and light reflectance.
SHADE-0017,Most Searched: Living Room,Warm Neutrals & Greiges,Wheat Field,#E9D2B5,Walls & Trims,Warm Neutrals & Greiges tone curated for optimal interior/exterior depth and light reflectance.
SHADE-0018,Most Searched: Living Room,Warm Neutrals & Greiges,Frosted Truffle,#F6D4CF,Walls & Trims,Warm Neutrals & Greiges tone curated for optimal interior/exterior depth and light reflectance.
SHADE-0019,Most Searched: Living Room,Warm Neutrals & Greiges,Bone White,#E0D6C6,Walls & Trims,Warm Neutrals & Greiges tone curated for optimal interior/exterior depth and light reflectance.
SHADE-0020,Most Searched: Living Room,Warm Neutrals & Greiges,Warm Ivory,#D7DAB4,Walls & Trims,Warm Neutrals & Greiges tone curated for optimal interior/exterior depth and light reflectance.
SHADE-0021,Most Searched: Living Room,Warm Neutrals & Greiges,Parchment Haze,#DDE3C0,Walls & Trims,Warm Neutrals & Greiges tone curated for optimal interior/exterior depth and light reflectance.
SHADE-0022,Most Searched: Living Room,Warm Neutrals & Greiges,Creamy Chiffon,#D7DAB4,Walls & Trims,Warm Neutrals & Greiges tone curated for optimal interior/exterior depth and light reflectance.
SHADE-0023,Most Searched: Living Room,Warm Neutrals & Greiges,Pale Khaki,#D7DAB4,Walls & Trims,Warm Neutrals & Greiges tone curated for optimal interior/exterior depth and light reflectance.
SHADE-0024,Most Searched: Living Room,Warm Neutrals & Greiges,Soft Putty,#F6D4CF,Walls & Trims,Warm Neutrals & Greiges tone curated for optimal interior/exterior depth and light reflectance.
SHADE-0025,Most Searched: Living Room,Warm Neutrals & Greiges,Cashmere Tweed,#E5CCD0,Walls & Trims,Warm Neutrals & Greiges tone curated for optimal interior/exterior depth and light reflectance.
SHADE-0026,Most Searched: Living Room,Warm Neutrals & Greiges,Travertine Cream,#DACDBA,Walls & Trims,Warm Neutrals & Greiges tone curated for optimal interior/exterior depth and light reflectance.
SHADE-0027,Most Searched: Living Room,Warm Neutrals & Greiges,Sesame Seed,#DCD0BE,Walls & Trims,Warm Neutrals & Greiges tone curated for optimal interior/exterior depth and light reflectance.
SHADE-0028,Most Searched: Living Room,Warm Neutrals & Greiges,Raw Silk,#E9D2B5,Walls & Trims,Warm Neutrals & Greiges tone curated for optimal interior/exterior depth and light reflectance.
SHADE-0029,Most Searched: Living Room,Warm Neutrals & Greiges,Dovetail Beige,#EDD8BD,Walls & Trims,Warm Neutrals & Greiges tone curated for optimal interior/exterior depth and light reflectance.
SHADE-0030,Most Searched: Living Room,Warm Neutrals & Greiges,Bleached Sandstone,#E3C9CC,Walls & Trims,Warm Neutrals & Greiges tone curated for optimal interior/exterior depth and light reflectance.
SHADE-0031,Most Searched: Living Room,Warm Neutrals & Greiges,Malted Cream,#D6C7B2,Walls & Trims,Warm Neutrals & Greiges tone curated for optimal interior/exterior depth and light reflectance.
SHADE-0032,Most Searched: Living Room,Warm Neutrals & Greiges,Cornsilk Haze,#F4D1CB,Walls & Trims,Warm Neutrals & Greiges tone curated for optimal interior/exterior depth and light reflectance.
SHADE-0033,Most Searched: Living Room,Warm Neutrals & Greiges,Bleached Sisal,#DFE6C4,Walls & Trims,Warm Neutrals & Greiges tone curated for optimal interior/exterior depth and light reflectance.
SHADE-0034,Most Searched: Living Room,Warm Neutrals & Greiges,Light Pumice,#D6C7B2,Walls & Trims,Warm Neutrals & Greiges tone curated for optimal interior/exterior depth and light reflectance.
SHADE-0035,Most Searched: Living Room,Warm Neutrals & Greiges,Limestone Gray,#D8CAB6,Walls & Trims,Warm Neutrals & Greiges tone curated for optimal interior/exterior depth and light reflectance.
SHADE-0036,Most Searched: Living Room,Warm Neutrals & Greiges,Pale Adobe,#E1E9C8,Walls & Trims,Warm Neutrals & Greiges tone curated for optimal interior/exterior depth and light reflectance.
SHADE-0037,Most Searched: Living Room,Warm Neutrals & Greiges,Warm Mushroom,#E2D9CA,Walls & Trims,Warm Neutrals & Greiges tone curated for optimal interior/exterior depth and light reflectance.
SHADE-0038,Most Searched: Living Room,Warm Neutrals & Greiges,Blonde Wood,#DED3C2,Walls & Trims,Warm Neutrals & Greiges tone curated for optimal interior/exterior depth and light reflectance.
SHADE-0039,Most Searched: Living Room,Warm Neutrals & Greiges,Vanilla Glaze,#F8D7D3,Walls & Trims,Warm Neutrals & Greiges tone curated for optimal interior/exterior depth and light reflectance.
SHADE-0040,Most Searched: Living Room,Warm Neutrals & Greiges,Oatmeal Haze,#F6D4CF,Walls & Trims,Warm Neutrals & Greiges tone curated for optimal interior/exterior depth and light reflectance.
SHADE-0041,Most Searched: Living Room,Warm Neutrals & Greiges,Silken Taupe,#E9D2B5,Walls & Trims,Warm Neutrals & Greiges tone curated for optimal interior/exterior depth and light reflectance.
SHADE-0042,Most Searched: Living Room,Warm Neutrals & Greiges,Cozy Greige,#F0CBC3,Walls & Trims,Warm Neutrals & Greiges tone curated for optimal interior/exterior depth and light reflectance.
SHADE-0043,Most Searched: Living Room,Warm Neutrals & Greiges,Antique Linen,#E2D9CA,Walls & Trims,Warm Neutrals & Greiges tone curated for optimal interior/exterior depth and light reflectance.
SHADE-0044,Most Searched: Living Room,Warm Neutrals & Greiges,Almond Milk,#EAE5B7,Walls & Trims,Warm Neutrals & Greiges tone curated for optimal interior/exterior depth and light reflectance.
SHADE-0045,Most Searched: Living Room,Warm Neutrals & Greiges,Cashew Buff,#F7E7D1,Walls & Trims,Warm Neutrals & Greiges tone curated for optimal interior/exterior depth and light reflectance.
SHADE-0046,Most Searched: Living Room,Warm Neutrals & Greiges,Soft Sandalwood,#E4DCCE,Walls & Trims,Warm Neutrals & Greiges tone curated for optimal interior/exterior depth and light reflectance.
SHADE-0047,Most Searched: Living Room,Warm Neutrals & Greiges,Pale Fawn,#E3C9CC,Walls & Trims,Warm Neutrals & Greiges tone curated for optimal interior/exterior depth and light reflectance.
SHADE-0048,Most Searched: Living Room,Warm Neutrals & Greiges,Tuscan White,#DBE0BC,Walls & Trims,Warm Neutrals & Greiges tone curated for optimal interior/exterior depth and light reflectance.
SHADE-0049,Most Searched: Living Room,Warm Neutrals & Greiges,Chalky Taupe,#D7DAB4,Walls & Trims,Warm Neutrals & Greiges tone curated for optimal interior/exterior depth and light reflectance.
SHADE-0050,Most Searched: Living Room,Warm Neutrals & Greiges,Pecan Cream,#EDD8BD,Walls & Trims,Warm Neutrals & Greiges tone curated for optimal interior/exterior depth and light reflectance.
SHADE-0051,Most Searched: Living Room,Warm Neutrals & Greiges,Champagne Haze,#F7E7D1,Walls & Trims,Warm Neutrals & Greiges tone curated for optimal interior/exterior depth and light reflectance.
SHADE-0052,Most Searched: Living Room,Warm Neutrals & Greiges,Pale Brioche,#D9DDB8,Walls & Trims,Warm Neutrals & Greiges tone curated for optimal interior/exterior depth and light reflectance.
SHADE-0053,Most Searched: Living Room,Warm Neutrals & Greiges,Creamed Honey,#DDE3C0,Walls & Trims,Warm Neutrals & Greiges tone curated for optimal interior/exterior depth and light reflectance.
SHADE-0054,Most Searched: Living Room,Warm Neutrals & Greiges,Raw Macrame,#E1E9C8,Walls & Trims,Warm Neutrals & Greiges tone curated for optimal interior/exterior depth and light reflectance.
SHADE-0055,Most Searched: Living Room,Warm Neutrals & Greiges,Weathered Linen,#E9D2B5,Walls & Trims,Warm Neutrals & Greiges tone curated for optimal interior/exterior depth and light reflectance.
SHADE-0056,Most Searched: Living Room,Warm Neutrals & Greiges,Saddle Stone,#E3C9CC,Walls & Trims,Warm Neutrals & Greiges tone curated for optimal interior/exterior depth and light reflectance.
SHADE-0057,Most Searched: Living Room,Warm Neutrals & Greiges,Porcelain Ivory,#D6C7B2,Walls & Trims,Warm Neutrals & Greiges tone curated for optimal interior/exterior depth and light reflectance.
SHADE-0058,Most Searched: Living Room,Warm Neutrals & Greiges,Pale Burlap,#F3E1C9,Walls & Trims,Warm Neutrals & Greiges tone curated for optimal interior/exterior depth and light reflectance.
SHADE-0059,Most Searched: Living Room,Warm Neutrals & Greiges,Buff Chamois,#E8E2B3,Walls & Trims,Warm Neutrals & Greiges tone curated for optimal interior/exterior depth and light reflectance.
SHADE-0060,Most Searched: Living Room,Warm Neutrals & Greiges,Shortbread Tint,#F5E4CD,Walls & Trims,Warm Neutrals & Greiges tone curated for optimal interior/exterior depth and light reflectance.
SHADE-0061,Most Searched: Living Room,Warm Neutrals & Greiges,Cotton Wool,#F3E1C9,Walls & Trims,Warm Neutrals & Greiges tone curated for optimal interior/exterior depth and light reflectance.
SHADE-0062,Most Searched: Living Room,Warm Neutrals & Greiges,Warm Limestone,#E8E2B3,Walls & Trims,Warm Neutrals & Greiges tone curated for optimal interior/exterior depth and light reflectance.
SHADE-0063,Most Searched: Living Room,Warm Neutrals & Greiges,Smoked Cream,#E7CFD4,Walls & Trims,Warm Neutrals & Greiges tone curated for optimal interior/exterior depth and light reflectance.
SHADE-0064,Most Searched: Living Room,Warm Neutrals & Greiges,Vanilla Bean,#D8CAB6,Walls & Trims,Warm Neutrals & Greiges tone curated for optimal interior/exterior depth and light reflectance.
SHADE-0065,Most Searched: Living Room,Warm Neutrals & Greiges,Natural Jute,#F2CEC7,Walls & Trims,Warm Neutrals & Greiges tone curated for optimal interior/exterior depth and light reflectance.
SHADE-0066,Most Searched: Living Room,Warm Neutrals & Greiges,Woven Hemp,#F6D4CF,Walls & Trims,Warm Neutrals & Greiges tone curated for optimal interior/exterior depth and light reflectance.
SHADE-0067,Most Searched: Living Room,Warm Neutrals & Greiges,Muted Biscuit,#DCD0BE,Walls & Trims,Warm Neutrals & Greiges tone curated for optimal interior/exterior depth and light reflectance.
SHADE-0068,Most Searched: Living Room,Warm Neutrals & Greiges,Blonde Straw,#F4D1CB,Walls & Trims,Warm Neutrals & Greiges tone curated for optimal interior/exterior depth and light reflectance.
SHADE-0069,Most Searched: Living Room,Warm Neutrals & Greiges,Desert Mirage,#E4DCCE,Walls & Trims,Warm Neutrals & Greiges tone curated for optimal interior/exterior depth and light reflectance.
SHADE-0070,Most Searched: Living Room,Warm Neutrals & Greiges,Pale Camel,#D9DDB8,Walls & Trims,Warm Neutrals & Greiges tone curated for optimal interior/exterior depth and light reflectance.
SHADE-0071,Most Searched: Living Room,Warm Neutrals & Greiges,Muted Khaki,#EAE5B7,Walls & Trims,Warm Neutrals & Greiges tone curated for optimal interior/exterior depth and light reflectance.
SHADE-0072,Most Searched: Living Room,Warm Neutrals & Greiges,Cashmere Wrap,#E8E2B3,Walls & Trims,Warm Neutrals & Greiges tone curated for optimal interior/exterior depth and light reflectance.
SHADE-0073,Most Searched: Living Room,Warm Neutrals & Greiges,Warm Alabaster,#ECE8BB,Walls & Trims,Warm Neutrals & Greiges tone curated for optimal interior/exterior depth and light reflectance.
SHADE-0074,Most Searched: Living Room,Warm Neutrals & Greiges,Sand Castle,#F8D7D3,Walls & Trims,Warm Neutrals & Greiges tone curated for optimal interior/exterior depth and light reflectance.
SHADE-0075,Most Searched: Living Room,Warm Neutrals & Greiges,Pale Pampa,#E5CCD0,Walls & Trims,Warm Neutrals & Greiges tone curated for optimal interior/exterior depth and light reflectance.
SHADE-0076,Most Searched: Living Room,Earthy Sages & Olive Greens,Silver Sage,#8C9D8A,Accent & Main Walls,Earthy Sages & Olive Greens tone curated for optimal interior/exterior depth and light reflectance.
SHADE-0077,Most Searched: Living Room,Earthy Sages & Olive Greens,Spanish Olive,#8A9A86,Accent & Main Walls,Earthy Sages & Olive Greens tone curated for optimal interior/exterior depth and light reflectance.
SHADE-0078,Most Searched: Living Room,Earthy Sages & Olive Greens,Laurel Green,#AAA7A3,Accent & Main Walls,Earthy Sages & Olive Greens tone curated for optimal interior/exterior depth and light reflectance.
SHADE-0079,Most Searched: Living Room,Earthy Sages & Olive Greens,Washed Willow,#95BC9C,Accent & Main Walls,Earthy Sages & Olive Greens tone curated for optimal interior/exterior depth and light reflectance.
SHADE-0080,Most Searched: Living Room,Earthy Sages & Olive Greens,Dried Thyme,#A1AB91,Accent & Main Walls,Earthy Sages & Olive Greens tone curated for optimal interior/exterior depth and light reflectance.
SHADE-0081,Most Searched: Living Room,Earthy Sages & Olive Greens,Faded Moss,#9AB2A6,Accent & Main Walls,Earthy Sages & Olive Greens tone curated for optimal interior/exterior depth and light reflectance.
SHADE-0082,Most Searched: Living Room,Earthy Sages & Olive Greens,Eucalyptus Mist,#A8A49F,Accent & Main Walls,Earthy Sages & Olive Greens tone curated for optimal interior/exterior depth and light reflectance.
SHADE-0083,Most Searched: Living Room,Earthy Sages & Olive Greens,Olive Sprig,#A3AE95,Accent & Main Walls,Earthy Sages & Olive Greens tone curated for optimal interior/exterior depth and light reflectance.
SHADE-0084,Most Searched: Living Room,Earthy Sages & Olive Greens,Clary Sage,#A49E97,Accent & Main Walls,Earthy Sages & Olive Greens tone curated for optimal interior/exterior depth and light reflectance.
SHADE-0085,Most Searched: Living Room,Earthy Sages & Olive Greens,Agave Tint,#9FA88D,Accent & Main Walls,Earthy Sages & Olive Greens tone curated for optimal interior/exterior depth and light reflectance.
SHADE-0086,Most Searched: Living Room,Earthy Sages & Olive Greens,Soft Rosemary,#979CA0,Accent & Main Walls,Earthy Sages & Olive Greens tone curated for optimal interior/exterior depth and light reflectance.
SHADE-0087,Most Searched: Living Room,Earthy Sages & Olive Greens,Muted Celadon,#AAA7A3,Accent & Main Walls,Earthy Sages & Olive Greens tone curated for optimal interior/exterior depth and light reflectance.
SHADE-0088,Most Searched: Living Room,Earthy Sages & Olive Greens,Fern Frost,#94A99A,Accent & Main Walls,Earthy Sages & Olive Greens tone curated for optimal interior/exterior depth and light reflectance.
SHADE-0089,Most Searched: Living Room,Earthy Sages & Olive Greens,Jade Milk,#A6A19B,Accent & Main Walls,Earthy Sages & Olive Greens tone curated for optimal interior/exterior depth and light reflectance.
SHADE-0090,Most Searched: Living Room,Earthy Sages & Olive Greens,Pine Haze,#AAA7A3,Accent & Main Walls,Earthy Sages & Olive Greens tone curated for optimal interior/exterior depth and light reflectance.
SHADE-0091,Most Searched: Living Room,Earthy Sages & Olive Greens,Pale Aloe,#8BAD88,Accent & Main Walls,Earthy Sages & Olive Greens tone curated for optimal interior/exterior depth and light reflectance.
SHADE-0092,Most Searched: Living Room,Earthy Sages & Olive Greens,Vintage Celery,#9EB88B,Accent & Main Walls,Earthy Sages & Olive Greens tone curated for optimal interior/exterior depth and light reflectance.
SHADE-0093,Most Searched: Living Room,Earthy Sages & Olive Greens,Bayleaf Tint,#93B998,Accent & Main Walls,Earthy Sages & Olive Greens tone curated for optimal interior/exterior depth and light reflectance.
SHADE-0094,Most Searched: Living Room,Earthy Sages & Olive Greens,Lichen Gray,#9CB587,Accent & Main Walls,Earthy Sages & Olive Greens tone curated for optimal interior/exterior depth and light reflectance.
SHADE-0095,Most Searched: Living Room,Earthy Sages & Olive Greens,Artichoke Cream,#94A99A,Accent & Main Walls,Earthy Sages & Olive Greens tone curated for optimal interior/exterior depth and light reflectance.
SHADE-0096,Most Searched: Living Room,Earthy Sages & Olive Greens,Herb Garden,#A6A19B,Accent & Main Walls,Earthy Sages & Olive Greens tone curated for optimal interior/exterior depth and light reflectance.
SHADE-0097,Most Searched: Living Room,Earthy Sages & Olive Greens,Smoked Sage,#8EA08E,Accent & Main Walls,Earthy Sages & Olive Greens tone curated for optimal interior/exterior depth and light reflectance.
SHADE-0098,Most Searched: Living Room,Earthy Sages & Olive Greens,Mistletoe Haze,#8FB390,Accent & Main Walls,Earthy Sages & Olive Greens tone curated for optimal interior/exterior depth and light reflectance.
SHADE-0099,Most Searched: Living Room,Earthy Sages & Olive Greens,Meadow Grass,#96AC9E,Accent & Main Walls,Earthy Sages & Olive Greens tone curated for optimal interior/exterior depth and light reflectance.
SHADE-0100,Most Searched: Living Room,Earthy Sages & Olive Greens,Bonsai Tint,#9BA2A8,Accent & Main Walls,Earthy Sages & Olive Greens tone curated for optimal interior/exterior depth and light reflectance.
SHADE-0101,Most Searched: Living Room,Earthy Sages & Olive Greens,Cypress Frost,#9EB88B,Accent & Main Walls,Earthy Sages & Olive Greens tone curated for optimal interior/exterior depth and light reflectance.
SHADE-0102,Most Searched: Living Room,Earthy Sages & Olive Greens,Tea Tree Green,#AAA7A3,Accent & Main Walls,Earthy Sages & Olive Greens tone curated for optimal interior/exterior depth and light reflectance.
SHADE-0103,Most Searched: Living Room,Earthy Sages & Olive Greens,Dry Reed,#ACAAA7,Accent & Main Walls,Earthy Sages & Olive Greens tone curated for optimal interior/exterior depth and light reflectance.
SHADE-0104,Most Searched: Living Room,Earthy Sages & Olive Greens,Thyme Infusion,#98AFA2,Accent & Main Walls,Earthy Sages & Olive Greens tone curated for optimal interior/exterior depth and light reflectance.
SHADE-0105,Most Searched: Living Room,Earthy Sages & Olive Greens,Basil Cream,#9BA2A8,Accent & Main Walls,Earthy Sages & Olive Greens tone curated for optimal interior/exterior depth and light reflectance.
SHADE-0106,Most Searched: Living Room,Earthy Sages & Olive Greens,Earthy Celadon,#8DB08C,Accent & Main Walls,Earthy Sages & Olive Greens tone curated for optimal interior/exterior depth and light reflectance.
SHADE-0107,Most Searched: Living Room,Earthy Sages & Olive Greens,Pale Spruce,#ACAAA7,Accent & Main Walls,Earthy Sages & Olive Greens tone curated for optimal interior/exterior depth and light reflectance.
SHADE-0108,Most Searched: Living Room,Earthy Sages & Olive Greens,Olive Branch,#8BAD88,Accent & Main Walls,Earthy Sages & Olive Greens tone curated for optimal interior/exterior depth and light reflectance.
SHADE-0109,Most Searched: Living Room,Earthy Sages & Olive Greens,Washed Fern,#93B998,Accent & Main Walls,Earthy Sages & Olive Greens tone curated for optimal interior/exterior depth and light reflectance.
SHADE-0110,Most Searched: Living Room,Earthy Sages & Olive Greens,Dill Mist,#98AFA2,Accent & Main Walls,Earthy Sages & Olive Greens tone curated for optimal interior/exterior depth and light reflectance.
SHADE-0111,Most Searched: Living Room,Earthy Sages & Olive Greens,Soft Botanical,#91B694,Accent & Main Walls,Earthy Sages & Olive Greens tone curated for optimal interior/exterior depth and light reflectance.
SHADE-0112,Most Searched: Living Room,Earthy Sages & Olive Greens,Sagebrush Hue,#A6A19B,Accent & Main Walls,Earthy Sages & Olive Greens tone curated for optimal interior/exterior depth and light reflectance.
SHADE-0113,Most Searched: Living Room,Earthy Sages & Olive Greens,Green Tea Foam,#90A392,Accent & Main Walls,Earthy Sages & Olive Greens tone curated for optimal interior/exterior depth and light reflectance.
SHADE-0114,Most Searched: Living Room,Earthy Sages & Olive Greens,Muted Marjoram,#94A99A,Accent & Main Walls,Earthy Sages & Olive Greens tone curated for optimal interior/exterior depth and light reflectance.
SHADE-0115,Most Searched: Living Room,Earthy Sages & Olive Greens,Ginkgo Leaf,#999FA4,Accent & Main Walls,Earthy Sages & Olive Greens tone curated for optimal interior/exterior depth and light reflectance.
SHADE-0116,Most Searched: Living Room,Earthy Sages & Olive Greens,Sweet Fennel,#9AB2A6,Accent & Main Walls,Earthy Sages & Olive Greens tone curated for optimal interior/exterior depth and light reflectance.
SHADE-0117,Most Searched: Living Room,Earthy Sages & Olive Greens,Morning Mist Green,#ABBAA5,Accent & Main Walls,Earthy Sages & Olive Greens tone curated for optimal interior/exterior depth and light reflectance.
SHADE-0118,Most Searched: Living Room,Earthy Sages & Olive Greens,Frosted Tarragon,#A29B93,Accent & Main Walls,Earthy Sages & Olive Greens tone curated for optimal interior/exterior depth and light reflectance.
SHADE-0119,Most Searched: Living Room,Earthy Sages & Olive Greens,Vintage Olive,#92A696,Accent & Main Walls,Earthy Sages & Olive Greens tone curated for optimal interior/exterior depth and light reflectance.
SHADE-0120,Most Searched: Living Room,Earthy Sages & Olive Greens,Balsam Haze,#92A696,Accent & Main Walls,Earthy Sages & Olive Greens tone curated for optimal interior/exterior depth and light reflectance.
SHADE-0121,Most Searched: Living Room,Earthy Sages & Olive Greens,Pale Lemongrass,#AAA7A3,Accent & Main Walls,Earthy Sages & Olive Greens tone curated for optimal interior/exterior depth and light reflectance.
SHADE-0122,Most Searched: Living Room,Earthy Sages & Olive Greens,Wild Sage,#95BC9C,Accent & Main Walls,Earthy Sages & Olive Greens tone curated for optimal interior/exterior depth and light reflectance.
SHADE-0123,Most Searched: Living Room,Earthy Sages & Olive Greens,Spearmint Milk,#92A696,Accent & Main Walls,Earthy Sages & Olive Greens tone curated for optimal interior/exterior depth and light reflectance.
SHADE-0124,Most Searched: Living Room,Earthy Sages & Olive Greens,Lush Lichen,#9CB587,Accent & Main Walls,Earthy Sages & Olive Greens tone curated for optimal interior/exterior depth and light reflectance.
SHADE-0125,Most Searched: Living Room,Earthy Sages & Olive Greens,Mossy Path,#95BC9C,Accent & Main Walls,Earthy Sages & Olive Greens tone curated for optimal interior/exterior depth and light reflectance.
SHADE-0126,Most Searched: Living Room,Earthy Sages & Olive Greens,Pistachio Dust,#95BC9C,Accent & Main Walls,Earthy Sages & Olive Greens tone curated for optimal interior/exterior depth and light reflectance.
SHADE-0127,Most Searched: Living Room,Earthy Sages & Olive Greens,Rosemary Sprig,#A8A49F,Accent & Main Walls,Earthy Sages & Olive Greens tone curated for optimal interior/exterior depth and light reflectance.
SHADE-0128,Most Searched: Living Room,Earthy Sages & Olive Greens,Agave Dew,#A3AE95,Accent & Main Walls,Earthy Sages & Olive Greens tone curated for optimal interior/exterior depth and light reflectance.
SHADE-0129,Most Searched: Living Room,Earthy Sages & Olive Greens,Bay Laurel,#9AB2A6,Accent & Main Walls,Earthy Sages & Olive Greens tone curated for optimal interior/exterior depth and light reflectance.
SHADE-0130,Most Searched: Living Room,Earthy Sages & Olive Greens,Faded Juniper,#92A696,Accent & Main Walls,Earthy Sages & Olive Greens tone curated for optimal interior/exterior depth and light reflectance.
SHADE-0131,Most Searched: Living Room,Earthy Sages & Olive Greens,Silver Thyme,#96AC9E,Accent & Main Walls,Earthy Sages & Olive Greens tone curated for optimal interior/exterior depth and light reflectance.
SHADE-0132,Most Searched: Living Room,Earthy Sages & Olive Greens,Pale Oregano,#8BAD88,Accent & Main Walls,Earthy Sages & Olive Greens tone curated for optimal interior/exterior depth and light reflectance.
SHADE-0133,Most Searched: Living Room,Earthy Sages & Olive Greens,Eucalyptus Ash,#ACAAA7,Accent & Main Walls,Earthy Sages & Olive Greens tone curated for optimal interior/exterior depth and light reflectance.
SHADE-0134,Most Searched: Living Room,Earthy Sages & Olive Greens,Spruce Frost,#A5B199,Accent & Main Walls,Earthy Sages & Olive Greens tone curated for optimal interior/exterior depth and light reflectance.
SHADE-0135,Most Searched: Living Room,Earthy Sages & Olive Greens,Herbal Linen,#8BAD88,Accent & Main Walls,Earthy Sages & Olive Greens tone curated for optimal interior/exterior depth and light reflectance.
SHADE-0136,Most Searched: Living Room,Earthy Sages & Olive Greens,Green Silt,#8FB390,Accent & Main Walls,Earthy Sages & Olive Greens tone curated for optimal interior/exterior depth and light reflectance.
SHADE-0137,Most Searched: Living Room,Earthy Sages & Olive Greens,Olive Grove,#8DB08C,Accent & Main Walls,Earthy Sages & Olive Greens tone curated for optimal interior/exterior depth and light reflectance.
SHADE-0138,Most Searched: Living Room,Earthy Sages & Olive Greens,Muted Meadow,#8EA08E,Accent & Main Walls,Earthy Sages & Olive Greens tone curated for optimal interior/exterior depth and light reflectance.
SHADE-0139,Most Searched: Living Room,Earthy Sages & Olive Greens,Misty Foliage,#8BAD88,Accent & Main Walls,Earthy Sages & Olive Greens tone curated for optimal interior/exterior depth and light reflectance.
SHADE-0140,Most Searched: Living Room,Earthy Sages & Olive Greens,Soft Laurel,#98AFA2,Accent & Main Walls,Earthy Sages & Olive Greens tone curated for optimal interior/exterior depth and light reflectance.
SHADE-0141,Most Searched: Living Room,Earthy Sages & Olive Greens,Celadon Cream,#A8A49F,Accent & Main Walls,Earthy Sages & Olive Greens tone curated for optimal interior/exterior depth and light reflectance.
SHADE-0142,Most Searched: Living Room,Earthy Sages & Olive Greens,Clover Mist,#A29B93,Accent & Main Walls,Earthy Sages & Olive Greens tone curated for optimal interior/exterior depth and light reflectance.
SHADE-0143,Most Searched: Living Room,Earthy Sages & Olive Greens,Woodland Lichen,#8BAD88,Accent & Main Walls,Earthy Sages & Olive Greens tone curated for optimal interior/exterior depth and light reflectance.
SHADE-0144,Most Searched: Living Room,Earthy Sages & Olive Greens,Pale Chive,#ABBAA5,Accent & Main Walls,Earthy Sages & Olive Greens tone curated for optimal interior/exterior depth and light reflectance.
SHADE-0145,Most Searched: Living Room,Earthy Sages & Olive Greens,Forest Veil,#A49E97,Accent & Main Walls,Earthy Sages & Olive Greens tone curated for optimal interior/exterior depth and light reflectance.
SHADE-0146,Most Searched: Living Room,Earthy Sages & Olive Greens,Crisp Thyme,#8BAD88,Accent & Main Walls,Earthy Sages & Olive Greens tone curated for optimal interior/exterior depth and light reflectance.
SHADE-0147,Most Searched: Living Room,Earthy Sages & Olive Greens,Muted Evergreen,#A6A19B,Accent & Main Walls,Earthy Sages & Olive Greens tone curated for optimal interior/exterior depth and light reflectance.
SHADE-0148,Most Searched: Living Room,Earthy Sages & Olive Greens,Botanical Fog,#94A99A,Accent & Main Walls,Earthy Sages & Olive Greens tone curated for optimal interior/exterior depth and light reflectance.
SHADE-0149,Most Searched: Living Room,Earthy Sages & Olive Greens,Herbaceous Green,#8EA08E,Accent & Main Walls,Earthy Sages & Olive Greens tone curated for optimal interior/exterior depth and light reflectance.
SHADE-0150,Most Searched: Living Room,Earthy Sages & Olive Greens,Tuscan Olive,#A8A49F,Accent & Main Walls,Earthy Sages & Olive Greens tone curated for optimal interior/exterior depth and light reflectance.
SHADE-0151,Most Searched: Living Room,Soft Coastal & Mineral Blues,Dusty Denim,#9BAFBD,Feature Walls & Accents,Soft Coastal & Mineral Blues tone curated for optimal interior/exterior depth and light reflectance.
SHADE-0152,Most Searched: Living Room,Soft Coastal & Mineral Blues,Oxford Fog,#8D9AA1,Feature Walls & Accents,Soft Coastal & Mineral Blues tone curated for optimal interior/exterior depth and light reflectance.
SHADE-0153,Most Searched: Living Room,Soft Coastal & Mineral Blues,Mineral Blue,#91A0A9,Feature Walls & Accents,Soft Coastal & Mineral Blues tone curated for optimal interior/exterior depth and light reflectance.
SHADE-0154,Most Searched: Living Room,Soft Coastal & Mineral Blues,Morning Mist Blue,#8F9DA5,Feature Walls & Accents,Soft Coastal & Mineral Blues tone curated for optimal interior/exterior depth and light reflectance.
SHADE-0155,Most Searched: Living Room,Soft Coastal & Mineral Blues,Wedgewood Haze,#8791B8,Feature Walls & Accents,Soft Coastal & Mineral Blues tone curated for optimal interior/exterior depth and light reflectance.
SHADE-0156,Most Searched: Living Room,Soft Coastal & Mineral Blues,Coastal Twilight,#9C9FBF,Feature Walls & Accents,Soft Coastal & Mineral Blues tone curated for optimal interior/exterior depth and light reflectance.
SHADE-0157,Most Searched: Living Room,Soft Coastal & Mineral Blues,Cadet Blue,#9899B7,Feature Walls & Accents,Soft Coastal & Mineral Blues tone curated for optimal interior/exterior depth and light reflectance.
SHADE-0158,Most Searched: Living Room,Soft Coastal & Mineral Blues,French Sky,#7DA5A4,Feature Walls & Accents,Soft Coastal & Mineral Blues tone curated for optimal interior/exterior depth and light reflectance.
SHADE-0159,Most Searched: Living Room,Soft Coastal & Mineral Blues,Nordic Frost,#7C92A2,Feature Walls & Accents,Soft Coastal & Mineral Blues tone curated for optimal interior/exterior depth and light reflectance.
SHADE-0160,Most Searched: Living Room,Soft Coastal & Mineral Blues,Duck Egg Haze,#99ACB9,Feature Walls & Accents,Soft Coastal & Mineral Blues tone curated for optimal interior/exterior depth and light reflectance.
SHADE-0161,Most Searched: Living Room,Soft Coastal & Mineral Blues,Dusty Periwinkle,#7BA2A0,Feature Walls & Accents,Soft Coastal & Mineral Blues tone curated for optimal interior/exterior depth and light reflectance.
SHADE-0162,Most Searched: Living Room,Soft Coastal & Mineral Blues,Indigo Wash,#829BAE,Feature Walls & Accents,Soft Coastal & Mineral Blues tone curated for optimal interior/exterior depth and light reflectance.
SHADE-0163,Most Searched: Living Room,Soft Coastal & Mineral Blues,Sea Salt Blue,#8994BC,Feature Walls & Accents,Soft Coastal & Mineral Blues tone curated for optimal interior/exterior depth and light reflectance.
SHADE-0164,Most Searched: Living Room,Soft Coastal & Mineral Blues,Gray Cashmere Blue,#9696B3,Feature Walls & Accents,Soft Coastal & Mineral Blues tone curated for optimal interior/exterior depth and light reflectance.
SHADE-0165,Most Searched: Living Room,Soft Coastal & Mineral Blues,Harbor Fog,#8EADA3,Feature Walls & Accents,Soft Coastal & Mineral Blues tone curated for optimal interior/exterior depth and light reflectance.
SHADE-0166,Most Searched: Living Room,Soft Coastal & Mineral Blues,Blue Shadow,#81ABAC,Feature Walls & Accents,Soft Coastal & Mineral Blues tone curated for optimal interior/exterior depth and light reflectance.
SHADE-0167,Most Searched: Living Room,Soft Coastal & Mineral Blues,Faded Slate,#99ACB9,Feature Walls & Accents,Soft Coastal & Mineral Blues tone curated for optimal interior/exterior depth and light reflectance.
SHADE-0168,Most Searched: Living Room,Soft Coastal & Mineral Blues,Storm Cloud Pale,#9290AB,Feature Walls & Accents,Soft Coastal & Mineral Blues tone curated for optimal interior/exterior depth and light reflectance.
SHADE-0169,Most Searched: Living Room,Soft Coastal & Mineral Blues,Sky Dusk,#9696B3,Feature Walls & Accents,Soft Coastal & Mineral Blues tone curated for optimal interior/exterior depth and light reflectance.
SHADE-0170,Most Searched: Living Room,Soft Coastal & Mineral Blues,Bleached Indigo,#7DA5A4,Feature Walls & Accents,Soft Coastal & Mineral Blues tone curated for optimal interior/exterior depth and light reflectance.
SHADE-0171,Most Searched: Living Room,Soft Coastal & Mineral Blues,Airy Chambray,#9BAFBD,Feature Walls & Accents,Soft Coastal & Mineral Blues tone curated for optimal interior/exterior depth and light reflectance.
SHADE-0172,Most Searched: Living Room,Soft Coastal & Mineral Blues,Glacier Blue,#7BA2A0,Feature Walls & Accents,Soft Coastal & Mineral Blues tone curated for optimal interior/exterior depth and light reflectance.
SHADE-0173,Most Searched: Living Room,Soft Coastal & Mineral Blues,Seafarer Gray,#9899B7,Feature Walls & Accents,Soft Coastal & Mineral Blues tone curated for optimal interior/exterior depth and light reflectance.
SHADE-0174,Most Searched: Living Room,Soft Coastal & Mineral Blues,Misty Pacific,#8B97C0,Feature Walls & Accents,Soft Coastal & Mineral Blues tone curated for optimal interior/exterior depth and light reflectance.
SHADE-0175,Most Searched: Living Room,Soft Coastal & Mineral Blues,Nautical Linen,#829BAE,Feature Walls & Accents,Soft Coastal & Mineral Blues tone curated for optimal interior/exterior depth and light reflectance.
SHADE-0176,Most Searched: Living Room,Soft Coastal & Mineral Blues,Breezy Teal,#97A9B5,Feature Walls & Accents,Soft Coastal & Mineral Blues tone curated for optimal interior/exterior depth and light reflectance.
SHADE-0177,Most Searched: Living Room,Soft Coastal & Mineral Blues,Ocean Pebble,#7FA8A8,Feature Walls & Accents,Soft Coastal & Mineral Blues tone curated for optimal interior/exterior depth and light reflectance.
SHADE-0178,Most Searched: Living Room,Soft Coastal & Mineral Blues,Chalky Azure,#9BAFBD,Feature Walls & Accents,Soft Coastal & Mineral Blues tone curated for optimal interior/exterior depth and light reflectance.
SHADE-0179,Most Searched: Living Room,Soft Coastal & Mineral Blues,Cape Cod Fog,#9BAFBD,Feature Walls & Accents,Soft Coastal & Mineral Blues tone curated for optimal interior/exterior depth and light reflectance.
SHADE-0180,Most Searched: Living Room,Soft Coastal & Mineral Blues,Sailcloth Blue,#849EB2,Feature Walls & Accents,Soft Coastal & Mineral Blues tone curated for optimal interior/exterior depth and light reflectance.
SHADE-0181,Most Searched: Living Room,Soft Coastal & Mineral Blues,Whale Haze,#85B1B4,Feature Walls & Accents,Soft Coastal & Mineral Blues tone curated for optimal interior/exterior depth and light reflectance.
SHADE-0182,Most Searched: Living Room,Soft Coastal & Mineral Blues,Muted Marine,#8EADA3,Feature Walls & Accents,Soft Coastal & Mineral Blues tone curated for optimal interior/exterior depth and light reflectance.
SHADE-0183,Most Searched: Living Room,Soft Coastal & Mineral Blues,Quiet Cove,#9290AB,Feature Walls & Accents,Soft Coastal & Mineral Blues tone curated for optimal interior/exterior depth and light reflectance.
SHADE-0184,Most Searched: Living Room,Soft Coastal & Mineral Blues,Smoky Sky,#9A9CBB,Feature Walls & Accents,Soft Coastal & Mineral Blues tone curated for optimal interior/exterior depth and light reflectance.
SHADE-0185,Most Searched: Living Room,Soft Coastal & Mineral Blues,Atlantic Mist,#97A9B5,Feature Walls & Accents,Soft Coastal & Mineral Blues tone curated for optimal interior/exterior depth and light reflectance.
SHADE-0186,Most Searched: Living Room,Soft Coastal & Mineral Blues,Pale Nautical,#8F9DA5,Feature Walls & Accents,Soft Coastal & Mineral Blues tone curated for optimal interior/exterior depth and light reflectance.
SHADE-0187,Most Searched: Living Room,Soft Coastal & Mineral Blues,Slate Twilight,#88A4BA,Feature Walls & Accents,Soft Coastal & Mineral Blues tone curated for optimal interior/exterior depth and light reflectance.
SHADE-0188,Most Searched: Living Room,Soft Coastal & Mineral Blues,Vintage Bluebell,#9899B7,Feature Walls & Accents,Soft Coastal & Mineral Blues tone curated for optimal interior/exterior depth and light reflectance.
SHADE-0189,Most Searched: Living Room,Soft Coastal & Mineral Blues,Opal Frost,#8B97C0,Feature Walls & Accents,Soft Coastal & Mineral Blues tone curated for optimal interior/exterior depth and light reflectance.
SHADE-0190,Most Searched: Living Room,Soft Coastal & Mineral Blues,Soft Cerulean,#7DA5A4,Feature Walls & Accents,Soft Coastal & Mineral Blues tone curated for optimal interior/exterior depth and light reflectance.
SHADE-0191,Most Searched: Living Room,Soft Coastal & Mineral Blues,Denim Shrew,#9BAFBD,Feature Walls & Accents,Soft Coastal & Mineral Blues tone curated for optimal interior/exterior depth and light reflectance.
SHADE-0192,Most Searched: Living Room,Soft Coastal & Mineral Blues,Lagoon Mist,#9C9FBF,Feature Walls & Accents,Soft Coastal & Mineral Blues tone curated for optimal interior/exterior depth and light reflectance.
SHADE-0193,Most Searched: Living Room,Soft Coastal & Mineral Blues,Silver Lake,#99ACB9,Feature Walls & Accents,Soft Coastal & Mineral Blues tone curated for optimal interior/exterior depth and light reflectance.
SHADE-0194,Most Searched: Living Room,Soft Coastal & Mineral Blues,Steel Horizon,#8791B8,Feature Walls & Accents,Soft Coastal & Mineral Blues tone curated for optimal interior/exterior depth and light reflectance.
SHADE-0195,Most Searched: Living Room,Soft Coastal & Mineral Blues,Maritime Mist,#8CAA9F,Feature Walls & Accents,Soft Coastal & Mineral Blues tone curated for optimal interior/exterior depth and light reflectance.
SHADE-0196,Most Searched: Living Room,Soft Coastal & Mineral Blues,Coastal Vapor,#83AEB0,Feature Walls & Accents,Soft Coastal & Mineral Blues tone curated for optimal interior/exterior depth and light reflectance.
SHADE-0197,Most Searched: Living Room,Soft Coastal & Mineral Blues,Faded Regatta,#849EB2,Feature Walls & Accents,Soft Coastal & Mineral Blues tone curated for optimal interior/exterior depth and light reflectance.
SHADE-0198,Most Searched: Living Room,Soft Coastal & Mineral Blues,Skyline Gray,#8B97C0,Feature Walls & Accents,Soft Coastal & Mineral Blues tone curated for optimal interior/exterior depth and light reflectance.
SHADE-0199,Most Searched: Living Room,Soft Coastal & Mineral Blues,Blue Heron,#95A6B1,Feature Walls & Accents,Soft Coastal & Mineral Blues tone curated for optimal interior/exterior depth and light reflectance.
SHADE-0200,Most Searched: Living Room,Soft Coastal & Mineral Blues,Anchor Fog,#97A9B5,Feature Walls & Accents,Soft Coastal & Mineral Blues tone curated for optimal interior/exterior depth and light reflectance.
SHADE-0201,Most Searched: Living Room,Soft Coastal & Mineral Blues,Washed Cobalt,#8AA7BE,Feature Walls & Accents,Soft Coastal & Mineral Blues tone curated for optimal interior/exterior depth and light reflectance.
SHADE-0202,Most Searched: Living Room,Soft Coastal & Mineral Blues,Pale Horizon,#8791B8,Feature Walls & Accents,Soft Coastal & Mineral Blues tone curated for optimal interior/exterior depth and light reflectance.
SHADE-0203,Most Searched: Living Room,Soft Coastal & Mineral Blues,Seaside Breeze,#99ACB9,Feature Walls & Accents,Soft Coastal & Mineral Blues tone curated for optimal interior/exterior depth and light reflectance.
SHADE-0204,Most Searched: Living Room,Soft Coastal & Mineral Blues,Faded Sapphire,#86A1B6,Feature Walls & Accents,Soft Coastal & Mineral Blues tone curated for optimal interior/exterior depth and light reflectance.
SHADE-0205,Most Searched: Living Room,Soft Coastal & Mineral Blues,Tidewater Blue,#9BAFBD,Feature Walls & Accents,Soft Coastal & Mineral Blues tone curated for optimal interior/exterior depth and light reflectance.
SHADE-0206,Most Searched: Living Room,Soft Coastal & Mineral Blues,Nordic Haze,#8F9DA5,Feature Walls & Accents,Soft Coastal & Mineral Blues tone curated for optimal interior/exterior depth and light reflectance.
SHADE-0207,Most Searched: Living Room,Soft Coastal & Mineral Blues,Pale Aqua Dust,#97A9B5,Feature Walls & Accents,Soft Coastal & Mineral Blues tone curated for optimal interior/exterior depth and light reflectance.
SHADE-0208,Most Searched: Living Room,Soft Coastal & Mineral Blues,Marine Wool,#7FA8A8,Feature Walls & Accents,Soft Coastal & Mineral Blues tone curated for optimal interior/exterior depth and light reflectance.
SHADE-0209,Most Searched: Living Room,Soft Coastal & Mineral Blues,Morning Tides,#8994BC,Feature Walls & Accents,Soft Coastal & Mineral Blues tone curated for optimal interior/exterior depth and light reflectance.
SHADE-0210,Most Searched: Living Room,Soft Coastal & Mineral Blues,Muted Ice Blue,#90B0A7,Feature Walls & Accents,Soft Coastal & Mineral Blues tone curated for optimal interior/exterior depth and light reflectance.
SHADE-0211,Most Searched: Living Room,Soft Coastal & Mineral Blues,Cloudburst Pale,#88A4BA,Feature Walls & Accents,Soft Coastal & Mineral Blues tone curated for optimal interior/exterior depth and light reflectance.
SHADE-0212,Most Searched: Living Room,Soft Coastal & Mineral Blues,Harbor Dusk,#7DA5A4,Feature Walls & Accents,Soft Coastal & Mineral Blues tone curated for optimal interior/exterior depth and light reflectance.
SHADE-0213,Most Searched: Living Room,Soft Coastal & Mineral Blues,Slate Mist,#7A8F9E,Feature Walls & Accents,Soft Coastal & Mineral Blues tone curated for optimal interior/exterior depth and light reflectance.
SHADE-0214,Most Searched: Living Room,Soft Coastal & Mineral Blues,Cerulean Ash,#7DA5A4,Feature Walls & Accents,Soft Coastal & Mineral Blues tone curated for optimal interior/exterior depth and light reflectance.
SHADE-0215,Most Searched: Living Room,Soft Coastal & Mineral Blues,Arctic Foam,#9BAFBD,Feature Walls & Accents,Soft Coastal & Mineral Blues tone curated for optimal interior/exterior depth and light reflectance.
SHADE-0216,Most Searched: Living Room,Soft Coastal & Mineral Blues,Blue Muslin,#9899B7,Feature Walls & Accents,Soft Coastal & Mineral Blues tone curated for optimal interior/exterior depth and light reflectance.
SHADE-0217,Most Searched: Living Room,Soft Coastal & Mineral Blues,Windy Shore,#9A9CBB,Feature Walls & Accents,Soft Coastal & Mineral Blues tone curated for optimal interior/exterior depth and light reflectance.
SHADE-0218,Most Searched: Living Room,Soft Coastal & Mineral Blues,Distant Mountain,#81ABAC,Feature Walls & Accents,Soft Coastal & Mineral Blues tone curated for optimal interior/exterior depth and light reflectance.
SHADE-0219,Most Searched: Living Room,Soft Coastal & Mineral Blues,Dusk Blue,#91A0A9,Feature Walls & Accents,Soft Coastal & Mineral Blues tone curated for optimal interior/exterior depth and light reflectance.
SHADE-0220,Most Searched: Living Room,Soft Coastal & Mineral Blues,Smoky Topaz,#829BAE,Feature Walls & Accents,Soft Coastal & Mineral Blues tone curated for optimal interior/exterior depth and light reflectance.
SHADE-0221,Most Searched: Living Room,Soft Coastal & Mineral Blues,Porcelain Blue,#91A0A9,Feature Walls & Accents,Soft Coastal & Mineral Blues tone curated for optimal interior/exterior depth and light reflectance.
SHADE-0222,Most Searched: Living Room,Soft Coastal & Mineral Blues,Pacific Slate,#7BA2A0,Feature Walls & Accents,Soft Coastal & Mineral Blues tone curated for optimal interior/exterior depth and light reflectance.
SHADE-0223,Most Searched: Living Room,Soft Coastal & Mineral Blues,Glacial Fog,#9290AB,Feature Walls & Accents,Soft Coastal & Mineral Blues tone curated for optimal interior/exterior depth and light reflectance.
SHADE-0224,Most Searched: Living Room,Soft Coastal & Mineral Blues,Mist Whisper,#83AEB0,Feature Walls & Accents,Soft Coastal & Mineral Blues tone curated for optimal interior/exterior depth and light reflectance.
SHADE-0225,Most Searched: Living Room,Soft Coastal & Mineral Blues,Deep Sea Fog,#7C92A2,Feature Walls & Accents,Soft Coastal & Mineral Blues tone curated for optimal interior/exterior depth and light reflectance.
SHADE-0226,Most Searched: Living Room,Modern Muted Darks & Accents,Deep Iron Ore,#324B41,Accent Wall / Media Unit,Modern Muted Darks & Accents tone curated for optimal interior/exterior depth and light reflectance.
SHADE-0227,Most Searched: Living Room,Modern Muted Darks & Accents,Charcoal Navy,#365149,Accent Wall / Media Unit,Modern Muted Darks & Accents tone curated for optimal interior/exterior depth and light reflectance.
SHADE-0228,Most Searched: Living Room,Modern Muted Darks & Accents,Slate Espresso,#42403E,Accent Wall / Media Unit,Modern Muted Darks & Accents tone curated for optimal interior/exterior depth and light reflectance.
SHADE-0229,Most Searched: Living Room,Modern Muted Darks & Accents,Peppercorn Gray,#4C4F52,Accent Wall / Media Unit,Modern Muted Darks & Accents tone curated for optimal interior/exterior depth and light reflectance.
SHADE-0230,Most Searched: Living Room,Modern Muted Darks & Accents,Dark Basalt,#344E45,Accent Wall / Media Unit,Modern Muted Darks & Accents tone curated for optimal interior/exterior depth and light reflectance.
SHADE-0231,Most Searched: Living Room,Modern Muted Darks & Accents,Cast Iron,#3C3755,Accent Wall / Media Unit,Modern Muted Darks & Accents tone curated for optimal interior/exterior depth and light reflectance.
SHADE-0232,Most Searched: Living Room,Modern Muted Darks & Accents,Black Olive,#30483D,Accent Wall / Media Unit,Modern Muted Darks & Accents tone curated for optimal interior/exterior depth and light reflectance.
SHADE-0233,Most Searched: Living Room,Modern Muted Darks & Accents,Deep Umber,#3A5751,Accent Wall / Media Unit,Modern Muted Darks & Accents tone curated for optimal interior/exterior depth and light reflectance.
SHADE-0234,Most Searched: Living Room,Modern Muted Darks & Accents,Dark Graphite,#51455C,Accent Wall / Media Unit,Modern Muted Darks & Accents tone curated for optimal interior/exterior depth and light reflectance.
SHADE-0235,Most Searched: Living Room,Modern Muted Darks & Accents,Nocturne Navy,#30483D,Accent Wall / Media Unit,Modern Muted Darks & Accents tone curated for optimal interior/exterior depth and light reflectance.
SHADE-0236,Most Searched: Living Room,Modern Muted Darks & Accents,Smoky Obsidian,#4B3C50,Accent Wall / Media Unit,Modern Muted Darks & Accents tone curated for optimal interior/exterior depth and light reflectance.
SHADE-0237,Most Searched: Living Room,Modern Muted Darks & Accents,Walnut Hull,#3B4753,Accent Wall / Media Unit,Modern Muted Darks & Accents tone curated for optimal interior/exterior depth and light reflectance.
SHADE-0238,Most Searched: Living Room,Modern Muted Darks & Accents,Dark Silt,#3E3A59,Accent Wall / Media Unit,Modern Muted Darks & Accents tone curated for optimal interior/exterior depth and light reflectance.
SHADE-0239,Most Searched: Living Room,Modern Muted Darks & Accents,Total Eclipse,#2F353B,Accent Wall / Media Unit,Modern Muted Darks & Accents tone curated for optimal interior/exterior depth and light reflectance.
SHADE-0240,Most Searched: Living Room,Modern Muted Darks & Accents,Overcoat Gray,#3D4A57,Accent Wall / Media Unit,Modern Muted Darks & Accents tone curated for optimal interior/exterior depth and light reflectance.
SHADE-0241,Most Searched: Living Room,Modern Muted Darks & Accents,Midnight Ash,#435340,Accent Wall / Media Unit,Modern Muted Darks & Accents tone curated for optimal interior/exterior depth and light reflectance.
SHADE-0242,Most Searched: Living Room,Modern Muted Darks & Accents,Gothic Pewter,#473648,Accent Wall / Media Unit,Modern Muted Darks & Accents tone curated for optimal interior/exterior depth and light reflectance.
SHADE-0243,Most Searched: Living Room,Modern Muted Darks & Accents,Wrought Iron,#51455C,Accent Wall / Media Unit,Modern Muted Darks & Accents tone curated for optimal interior/exterior depth and light reflectance.
SHADE-0244,Most Searched: Living Room,Modern Muted Darks & Accents,Carbon Slate,#4E5256,Accent Wall / Media Unit,Modern Muted Darks & Accents tone curated for optimal interior/exterior depth and light reflectance.
SHADE-0245,Most Searched: Living Room,Modern Muted Darks & Accents,Deep Black Walnut,#51455C,Accent Wall / Media Unit,Modern Muted Darks & Accents tone curated for optimal interior/exterior depth and light reflectance.
SHADE-0246,Most Searched: Living Room,Modern Muted Darks & Accents,Soot Mist,#4B3C50,Accent Wall / Media Unit,Modern Muted Darks & Accents tone curated for optimal interior/exterior depth and light reflectance.
SHADE-0247,Most Searched: Living Room,Modern Muted Darks & Accents,Smoked Peat,#4A4C4E,Accent Wall / Media Unit,Modern Muted Darks & Accents tone curated for optimal interior/exterior depth and light reflectance.
SHADE-0248,Most Searched: Living Room,Modern Muted Darks & Accents,Charcoal Truffle,#49394C,Accent Wall / Media Unit,Modern Muted Darks & Accents tone curated for optimal interior/exterior depth and light reflectance.
SHADE-0249,Most Searched: Living Room,Modern Muted Darks & Accents,Dark Forest Slate,#51455C,Accent Wall / Media Unit,Modern Muted Darks & Accents tone curated for optimal interior/exterior depth and light reflectance.
SHADE-0250,Most Searched: Living Room,Modern Muted Darks & Accents,Black Bean,#51455C,Accent Wall / Media Unit,Modern Muted Darks & Accents tone curated for optimal interior/exterior depth and light reflectance.
SHADE-0251,Most Searched: Living Room,Modern Muted Darks & Accents,Iron Velvet,#39444F,Accent Wall / Media Unit,Modern Muted Darks & Accents tone curated for optimal interior/exterior depth and light reflectance.
SHADE-0252,Most Searched: Living Room,Modern Muted Darks & Accents,Anchor Black,#38544D,Accent Wall / Media Unit,Modern Muted Darks & Accents tone curated for optimal interior/exterior depth and light reflectance.
SHADE-0253,Most Searched: Living Room,Modern Muted Darks & Accents,Shadowy Pewter,#444342,Accent Wall / Media Unit,Modern Muted Darks & Accents tone curated for optimal interior/exterior depth and light reflectance.
SHADE-0254,Most Searched: Living Room,Modern Muted Darks & Accents,Raven Black,#48494A,Accent Wall / Media Unit,Modern Muted Darks & Accents tone curated for optimal interior/exterior depth and light reflectance.
SHADE-0255,Most Searched: Living Room,Modern Muted Darks & Accents,Smoky Charcoal,#4A4C4E,Accent Wall / Media Unit,Modern Muted Darks & Accents tone curated for optimal interior/exterior depth and light reflectance.
SHADE-0256,Most Searched: Living Room,Modern Muted Darks & Accents,Volcanic Slate,#2F353B,Accent Wall / Media Unit,Modern Muted Darks & Accents tone curated for optimal interior/exterior depth and light reflectance.
SHADE-0257,Most Searched: Living Room,Modern Muted Darks & Accents,Dark Cinnabar Ash,#3D4A57,Accent Wall / Media Unit,Modern Muted Darks & Accents tone curated for optimal interior/exterior depth and light reflectance.
SHADE-0258,Most Searched: Living Room,Modern Muted Darks & Accents,Eclipse Gray,#3B4753,Accent Wall / Media Unit,Modern Muted Darks & Accents tone curated for optimal interior/exterior depth and light reflectance.
SHADE-0259,Most Searched: Living Room,Modern Muted Darks & Accents,Graphite Silk,#50555A,Accent Wall / Media Unit,Modern Muted Darks & Accents tone curated for optimal interior/exterior depth and light reflectance.
SHADE-0260,Most Searched: Living Room,Modern Muted Darks & Accents,Burnished Bronze,#4F4258,Accent Wall / Media Unit,Modern Muted Darks & Accents tone curated for optimal interior/exterior depth and light reflectance.
SHADE-0261,Most Searched: Living Room,Modern Muted Darks & Accents,Dark Kettle,#464646,Accent Wall / Media Unit,Modern Muted Darks & Accents tone curated for optimal interior/exterior depth and light reflectance.
SHADE-0262,Most Searched: Living Room,Modern Muted Darks & Accents,Muted Caviar,#455644,Accent Wall / Media Unit,Modern Muted Darks & Accents tone curated for optimal interior/exterior depth and light reflectance.
SHADE-0263,Most Searched: Living Room,Modern Muted Darks & Accents,Deep Moorland,#3F4D5B,Accent Wall / Media Unit,Modern Muted Darks & Accents tone curated for optimal interior/exterior depth and light reflectance.
SHADE-0264,Most Searched: Living Room,Modern Muted Darks & Accents,Canyon Dusk,#3B4753,Accent Wall / Media Unit,Modern Muted Darks & Accents tone curated for optimal interior/exterior depth and light reflectance.
SHADE-0265,Most Searched: Living Room,Modern Muted Darks & Accents,Flintstone Gray,#30483D,Accent Wall / Media Unit,Modern Muted Darks & Accents tone curated for optimal interior/exterior depth and light reflectance.
SHADE-0266,Most Searched: Living Room,Modern Muted Darks & Accents,Dark Nightfall,#344E45,Accent Wall / Media Unit,Modern Muted Darks & Accents tone curated for optimal interior/exterior depth and light reflectance.
SHADE-0267,Most Searched: Living Room,Modern Muted Darks & Accents,Spiced Charcoal,#42403E,Accent Wall / Media Unit,Modern Muted Darks & Accents tone curated for optimal interior/exterior depth and light reflectance.
SHADE-0268,Most Searched: Living Room,Modern Muted Darks & Accents,Blackened Sage,#4F4258,Accent Wall / Media Unit,Modern Muted Darks & Accents tone curated for optimal interior/exterior depth and light reflectance.
SHADE-0269,Most Searched: Living Room,Modern Muted Darks & Accents,Deep Pitch,#4D3F54,Accent Wall / Media Unit,Modern Muted Darks & Accents tone curated for optimal interior/exterior depth and light reflectance.
SHADE-0270,Most Searched: Living Room,Modern Muted Darks & Accents,Black Coffee,#50555A,Accent Wall / Media Unit,Modern Muted Darks & Accents tone curated for optimal interior/exterior depth and light reflectance.
SHADE-0271,Most Searched: Living Room,Modern Muted Darks & Accents,Muted Jet,#31383F,Accent Wall / Media Unit,Modern Muted Darks & Accents tone curated for optimal interior/exterior depth and light reflectance.
SHADE-0272,Most Searched: Living Room,Modern Muted Darks & Accents,Tuxedo Black,#353E47,Accent Wall / Media Unit,Modern Muted Darks & Accents tone curated for optimal interior/exterior depth and light reflectance.
SHADE-0273,Most Searched: Living Room,Modern Muted Darks & Accents,Industrial Carbon,#48494A,Accent Wall / Media Unit,Modern Muted Darks & Accents tone curated for optimal interior/exterior depth and light reflectance.
SHADE-0274,Most Searched: Living Room,Modern Muted Darks & Accents,Gargoyle Slate,#4C4F52,Accent Wall / Media Unit,Modern Muted Darks & Accents tone curated for optimal interior/exterior depth and light reflectance.
SHADE-0275,Most Searched: Living Room,Modern Muted Darks & Accents,Smoked Quartz,#473648,Accent Wall / Media Unit,Modern Muted Darks & Accents tone curated for optimal interior/exterior depth and light reflectance.
SHADE-0276,Most Searched: Living Room,Modern Muted Darks & Accents,Obsidian Shadow,#50555A,Accent Wall / Media Unit,Modern Muted Darks & Accents tone curated for optimal interior/exterior depth and light reflectance.
SHADE-0277,Most Searched: Living Room,Modern Muted Darks & Accents,Onyx Ash,#48494A,Accent Wall / Media Unit,Modern Muted Darks & Accents tone curated for optimal interior/exterior depth and light reflectance.
SHADE-0278,Most Searched: Living Room,Modern Muted Darks & Accents,Deep Anvil,#30483D,Accent Wall / Media Unit,Modern Muted Darks & Accents tone curated for optimal interior/exterior depth and light reflectance.
SHADE-0279,Most Searched: Living Room,Modern Muted Darks & Accents,Dark Hearthstone,#4F4258,Accent Wall / Media Unit,Modern Muted Darks & Accents tone curated for optimal interior/exterior depth and light reflectance.
SHADE-0280,Most Searched: Living Room,Modern Muted Darks & Accents,Charcoal Tweed,#42403E,Accent Wall / Media Unit,Modern Muted Darks & Accents tone curated for optimal interior/exterior depth and light reflectance.
SHADE-0281,Most Searched: Living Room,Modern Muted Darks & Accents,Deep Inkwell,#51455C,Accent Wall / Media Unit,Modern Muted Darks & Accents tone curated for optimal interior/exterior depth and light reflectance.
SHADE-0282,Most Searched: Living Room,Modern Muted Darks & Accents,Gunmetal Velvet,#435340,Accent Wall / Media Unit,Modern Muted Darks & Accents tone curated for optimal interior/exterior depth and light reflectance.
SHADE-0283,Most Searched: Living Room,Modern Muted Darks & Accents,Black Fox,#435340,Accent Wall / Media Unit,Modern Muted Darks & Accents tone curated for optimal interior/exterior depth and light reflectance.
SHADE-0284,Most Searched: Living Room,Modern Muted Darks & Accents,Charcoal Heather,#38544D,Accent Wall / Media Unit,Modern Muted Darks & Accents tone curated for optimal interior/exterior depth and light reflectance.
SHADE-0285,Most Searched: Living Room,Modern Muted Darks & Accents,Dark Leather,#3D4A57,Accent Wall / Media Unit,Modern Muted Darks & Accents tone curated for optimal interior/exterior depth and light reflectance.
SHADE-0286,Most Searched: Living Room,Modern Muted Darks & Accents,Cast Bronze,#41503C,Accent Wall / Media Unit,Modern Muted Darks & Accents tone curated for optimal interior/exterior depth and light reflectance.
SHADE-0287,Most Searched: Living Room,Modern Muted Darks & Accents,Nightfall Navy,#455644,Accent Wall / Media Unit,Modern Muted Darks & Accents tone curated for optimal interior/exterior depth and light reflectance.
SHADE-0288,Most Searched: Living Room,Modern Muted Darks & Accents,Smoked Obsidian,#4B3C50,Accent Wall / Media Unit,Modern Muted Darks & Accents tone curated for optimal interior/exterior depth and light reflectance.
SHADE-0289,Most Searched: Living Room,Modern Muted Darks & Accents,Shadow Rock,#50555A,Accent Wall / Media Unit,Modern Muted Darks & Accents tone curated for optimal interior/exterior depth and light reflectance.
SHADE-0290,Most Searched: Living Room,Modern Muted Darks & Accents,Vintage Ironstone,#38544D,Accent Wall / Media Unit,Modern Muted Darks & Accents tone curated for optimal interior/exterior depth and light reflectance.
SHADE-0291,Most Searched: Living Room,Modern Muted Darks & Accents,Heavy Flint,#4F4258,Accent Wall / Media Unit,Modern Muted Darks & Accents tone curated for optimal interior/exterior depth and light reflectance.
SHADE-0292,Most Searched: Living Room,Modern Muted Darks & Accents,Dark Velvet,#403D5D,Accent Wall / Media Unit,Modern Muted Darks & Accents tone curated for optimal interior/exterior depth and light reflectance.
SHADE-0293,Most Searched: Living Room,Modern Muted Darks & Accents,Charcoal Bramble,#51455C,Accent Wall / Media Unit,Modern Muted Darks & Accents tone curated for optimal interior/exterior depth and light reflectance.
SHADE-0294,Most Searched: Living Room,Modern Muted Darks & Accents,Espresso Dust,#39444F,Accent Wall / Media Unit,Modern Muted Darks & Accents tone curated for optimal interior/exterior depth and light reflectance.
SHADE-0295,Most Searched: Living Room,Modern Muted Darks & Accents,Deep Shale,#30483D,Accent Wall / Media Unit,Modern Muted Darks & Accents tone curated for optimal interior/exterior depth and light reflectance.
SHADE-0296,Most Searched: Living Room,Modern Muted Darks & Accents,Carbon Ash,#365149,Accent Wall / Media Unit,Modern Muted Darks & Accents tone curated for optimal interior/exterior depth and light reflectance.
SHADE-0297,Most Searched: Living Room,Modern Muted Darks & Accents,Smoky Jet,#435340,Accent Wall / Media Unit,Modern Muted Darks & Accents tone curated for optimal interior/exterior depth and light reflectance.
SHADE-0298,Most Searched: Living Room,Modern Muted Darks & Accents,Iron Dust,#324B41,Accent Wall / Media Unit,Modern Muted Darks & Accents tone curated for optimal interior/exterior depth and light reflectance.
SHADE-0299,Most Searched: Living Room,Modern Muted Darks & Accents,Deep Charcoal,#365149,Accent Wall / Media Unit,Modern Muted Darks & Accents tone curated for optimal interior/exterior depth and light reflectance.
SHADE-0300,Most Searched: Living Room,Modern Muted Darks & Accents,Midnight Basalt,#324B41,Accent Wall / Media Unit,Modern Muted Darks & Accents tone curated for optimal interior/exterior depth and light reflectance.
SHADE-0301,Most Searched: Exterior of House,Clean Whites & Architectural Off-Whites,Pure Chalk White,#F3F5F2,Façade & Siding,Clean Whites & Architectural Off-Whites tone curated for optimal interior/exterior depth and light reflectance.
SHADE-0302,Most Searched: Exterior of House,Clean Whites & Architectural Off-Whites,Bright Oyster,#FFFFFF,Façade & Siding,Clean Whites & Architectural Off-Whites tone curated for optimal interior/exterior depth and light reflectance.
SHADE-0303,Most Searched: Exterior of House,Clean Whites & Architectural Off-Whites,Crisp Sailcloth,#F0FFEC,Façade & Siding,Clean Whites & Architectural Off-Whites tone curated for optimal interior/exterior depth and light reflectance.
SHADE-0304,Most Searched: Exterior of House,Clean Whites & Architectural Off-Whites,Glacier White,#FAFFFF,Façade & Siding,Clean Whites & Architectural Off-Whites tone curated for optimal interior/exterior depth and light reflectance.
SHADE-0305,Most Searched: Exterior of House,Clean Whites & Architectural Off-Whites,Off-White Frost,#F4FFF4,Façade & Siding,Clean Whites & Architectural Off-Whites tone curated for optimal interior/exterior depth and light reflectance.
SHADE-0306,Most Searched: Exterior of House,Clean Whites & Architectural Off-Whites,Milk White,#FFFDF1,Façade & Siding,Clean Whites & Architectural Off-Whites tone curated for optimal interior/exterior depth and light reflectance.
SHADE-0307,Most Searched: Exterior of House,Clean Whites & Architectural Off-Whites,Titanium Stucco,#FEF4FF,Façade & Siding,Clean Whites & Architectural Off-Whites tone curated for optimal interior/exterior depth and light reflectance.
SHADE-0308,Most Searched: Exterior of House,Clean Whites & Architectural Off-Whites,Arctic Birch,#F0FFEC,Façade & Siding,Clean Whites & Architectural Off-Whites tone curated for optimal interior/exterior depth and light reflectance.
SHADE-0309,Most Searched: Exterior of House,Clean Whites & Architectural Off-Whites,Cloud Cover White,#F3F5F2,Façade & Siding,Clean Whites & Architectural Off-Whites tone curated for optimal interior/exterior depth and light reflectance.
SHADE-0310,Most Searched: Exterior of House,Clean Whites & Architectural Off-Whites,Modern Stucco White,#FFF9FF,Façade & Siding,Clean Whites & Architectural Off-Whites tone curated for optimal interior/exterior depth and light reflectance.
SHADE-0311,Most Searched: Exterior of House,Clean Whites & Architectural Off-Whites,Bleached Stucco,#F7FBFA,Façade & Siding,Clean Whites & Architectural Off-Whites tone curated for optimal interior/exterior depth and light reflectance.
SHADE-0312,Most Searched: Exterior of House,Clean Whites & Architectural Off-Whites,Whisper White,#FFFFFD,Façade & Siding,Clean Whites & Architectural Off-Whites tone curated for optimal interior/exterior depth and light reflectance.
SHADE-0313,Most Searched: Exterior of House,Clean Whites & Architectural Off-Whites,Cotton Sheet,#F6FFF8,Façade & Siding,Clean Whites & Architectural Off-Whites tone curated for optimal interior/exterior depth and light reflectance.
SHADE-0314,Most Searched: Exterior of House,Clean Whites & Architectural Off-Whites,Snowfall Pearl,#FBFFFF,Façade & Siding,Clean Whites & Architectural Off-Whites tone curated for optimal interior/exterior depth and light reflectance.
SHADE-0315,Most Searched: Exterior of House,Clean Whites & Architectural Off-Whites,Winter Marsh,#F0FFEC,Façade & Siding,Clean Whites & Architectural Off-Whites tone curated for optimal interior/exterior depth and light reflectance.
SHADE-0316,Most Searched: Exterior of House,Clean Whites & Architectural Off-Whites,Polar Drift,#FFFFEF,Façade & Siding,Clean Whites & Architectural Off-Whites tone curated for optimal interior/exterior depth and light reflectance.
SHADE-0317,Most Searched: Exterior of House,Clean Whites & Architectural Off-Whites,Bone Dust White,#F7FBFA,Façade & Siding,Clean Whites & Architectural Off-Whites tone curated for optimal interior/exterior depth and light reflectance.
SHADE-0318,Most Searched: Exterior of House,Clean Whites & Architectural Off-Whites,Vapor Mist,#F2FFF0,Façade & Siding,Clean Whites & Architectural Off-Whites tone curated for optimal interior/exterior depth and light reflectance.
SHADE-0319,Most Searched: Exterior of House,Clean Whites & Architectural Off-Whites,Eggshell Shell,#F0FFEC,Façade & Siding,Clean Whites & Architectural Off-Whites tone curated for optimal interior/exterior depth and light reflectance.
SHADE-0320,Most Searched: Exterior of House,Clean Whites & Architectural Off-Whites,Daylight Architectural White,#FBFFFF,Façade & Siding,Clean Whites & Architectural Off-Whites tone curated for optimal interior/exterior depth and light reflectance.
SHADE-0321,Most Searched: Exterior of House,Clean Whites & Architectural Off-Whites,Lighthouse White,#FFFFF5,Façade & Siding,Clean Whites & Architectural Off-Whites tone curated for optimal interior/exterior depth and light reflectance.
SHADE-0322,Most Searched: Exterior of House,Clean Whites & Architectural Off-Whites,Saltwater White,#FAFFFF,Façade & Siding,Clean Whites & Architectural Off-Whites tone curated for optimal interior/exterior depth and light reflectance.
SHADE-0323,Most Searched: Exterior of House,Clean Whites & Architectural Off-Whites,Nordic Ice White,#FFFFFF,Façade & Siding,Clean Whites & Architectural Off-Whites tone curated for optimal interior/exterior depth and light reflectance.
SHADE-0324,Most Searched: Exterior of House,Clean Whites & Architectural Off-Whites,Pure Plaster,#FFFFFF,Façade & Siding,Clean Whites & Architectural Off-Whites tone curated for optimal interior/exterior depth and light reflectance.
SHADE-0325,Most Searched: Exterior of House,Clean Whites & Architectural Off-Whites,Limewash Bright,#FBFFFF,Façade & Siding,Clean Whites & Architectural Off-Whites tone curated for optimal interior/exterior depth and light reflectance.
SHADE-0326,Most Searched: Exterior of House,Clean Whites & Architectural Off-Whites,Seashell White,#FFFCFF,Façade & Siding,Clean Whites & Architectural Off-Whites tone curated for optimal interior/exterior depth and light reflectance.
SHADE-0327,Most Searched: Exterior of House,Clean Whites & Architectural Off-Whites,Bright Masonry,#FFFCFF,Façade & Siding,Clean Whites & Architectural Off-Whites tone curated for optimal interior/exterior depth and light reflectance.
SHADE-0328,Most Searched: Exterior of House,Clean Whites & Architectural Off-Whites,Chalk Dust,#FFFCFF,Façade & Siding,Clean Whites & Architectural Off-Whites tone curated for optimal interior/exterior depth and light reflectance.
SHADE-0329,Most Searched: Exterior of House,Clean Whites & Architectural Off-Whites,Alabaster Stucco,#F4FFF4,Façade & Siding,Clean Whites & Architectural Off-Whites tone curated for optimal interior/exterior depth and light reflectance.
SHADE-0330,Most Searched: Exterior of House,Clean Whites & Architectural Off-Whites,White Sand,#FEF4FF,Façade & Siding,Clean Whites & Architectural Off-Whites tone curated for optimal interior/exterior depth and light reflectance.
SHADE-0331,Most Searched: Exterior of House,Clean Whites & Architectural Off-Whites,Ivory Stucco,#FFFFF3,Façade & Siding,Clean Whites & Architectural Off-Whites tone curated for optimal interior/exterior depth and light reflectance.
SHADE-0332,Most Searched: Exterior of House,Clean Whites & Architectural Off-Whites,Crisp Linen,#FFFFFF,Façade & Siding,Clean Whites & Architectural Off-Whites tone curated for optimal interior/exterior depth and light reflectance.
SHADE-0333,Most Searched: Exterior of House,Clean Whites & Architectural Off-Whites,Pebble White,#FFFFF5,Façade & Siding,Clean Whites & Architectural Off-Whites tone curated for optimal interior/exterior depth and light reflectance.
SHADE-0334,Most Searched: Exterior of House,Clean Whites & Architectural Off-Whites,Bright Cast,#F9FEFE,Façade & Siding,Clean Whites & Architectural Off-Whites tone curated for optimal interior/exterior depth and light reflectance.
SHADE-0335,Most Searched: Exterior of House,Clean Whites & Architectural Off-Whites,Frost Plaster,#FFFFFF,Façade & Siding,Clean Whites & Architectural Off-Whites tone curated for optimal interior/exterior depth and light reflectance.
SHADE-0336,Most Searched: Exterior of House,Clean Whites & Architectural Off-Whites,Modern Sail,#FFF6FF,Façade & Siding,Clean Whites & Architectural Off-Whites tone curated for optimal interior/exterior depth and light reflectance.
SHADE-0337,Most Searched: Exterior of House,Clean Whites & Architectural Off-Whites,Porcelain Exterior,#FFF9FF,Façade & Siding,Clean Whites & Architectural Off-Whites tone curated for optimal interior/exterior depth and light reflectance.
SHADE-0338,Most Searched: Exterior of House,Clean Whites & Architectural Off-Whites,Pure Mineral White,#F2FFF0,Façade & Siding,Clean Whites & Architectural Off-Whites tone curated for optimal interior/exterior depth and light reflectance.
SHADE-0339,Most Searched: Exterior of House,Clean Whites & Architectural Off-Whites,Silica Frost,#FFFFF9,Façade & Siding,Clean Whites & Architectural Off-Whites tone curated for optimal interior/exterior depth and light reflectance.
SHADE-0340,Most Searched: Exterior of House,Clean Whites & Architectural Off-Whites,Clean Quartz,#F0FFEC,Façade & Siding,Clean Whites & Architectural Off-Whites tone curated for optimal interior/exterior depth and light reflectance.
SHADE-0341,Most Searched: Exterior of House,Clean Whites & Architectural Off-Whites,Highland Snow,#FFFFEB,Façade & Siding,Clean Whites & Architectural Off-Whites tone curated for optimal interior/exterior depth and light reflectance.
SHADE-0342,Most Searched: Exterior of House,Clean Whites & Architectural Off-Whites,Winter White,#F0FFEC,Façade & Siding,Clean Whites & Architectural Off-Whites tone curated for optimal interior/exterior depth and light reflectance.
SHADE-0343,Most Searched: Exterior of House,Clean Whites & Architectural Off-Whites,Pale Dolomite,#FFFCFF,Façade & Siding,Clean Whites & Architectural Off-Whites tone curated for optimal interior/exterior depth and light reflectance.
SHADE-0344,Most Searched: Exterior of House,Clean Whites & Architectural Off-Whites,Chalk Rock,#F6FFF8,Façade & Siding,Clean Whites & Architectural Off-Whites tone curated for optimal interior/exterior depth and light reflectance.
SHADE-0345,Most Searched: Exterior of House,Clean Whites & Architectural Off-Whites,Stucco Cream,#FBFFFF,Façade & Siding,Clean Whites & Architectural Off-Whites tone curated for optimal interior/exterior depth and light reflectance.
SHADE-0346,Most Searched: Exterior of House,Clean Whites & Architectural Off-Whites,Bleached Stone,#FFFFFF,Façade & Siding,Clean Whites & Architectural Off-Whites tone curated for optimal interior/exterior depth and light reflectance.
SHADE-0347,Most Searched: Exterior of House,Clean Whites & Architectural Off-Whites,Alaskan White,#F1F2EE,Façade & Siding,Clean Whites & Architectural Off-Whites tone curated for optimal interior/exterior depth and light reflectance.
SHADE-0348,Most Searched: Exterior of House,Clean Whites & Architectural Off-Whites,Bright Travertine,#FFFCFF,Façade & Siding,Clean Whites & Architectural Off-Whites tone curated for optimal interior/exterior depth and light reflectance.
SHADE-0349,Most Searched: Exterior of House,Clean Whites & Architectural Off-Whites,Architectural White,#F5F8F6,Façade & Siding,Clean Whites & Architectural Off-Whites tone curated for optimal interior/exterior depth and light reflectance.
SHADE-0350,Most Searched: Exterior of House,Clean Whites & Architectural Off-Whites,Pure Calc,#F8FFFC,Façade & Siding,Clean Whites & Architectural Off-Whites tone curated for optimal interior/exterior depth and light reflectance.
SHADE-0351,Most Searched: Exterior of House,Clean Whites & Architectural Off-Whites,Modern Frost,#FFFAED,Façade & Siding,Clean Whites & Architectural Off-Whites tone curated for optimal interior/exterior depth and light reflectance.
SHADE-0352,Most Searched: Exterior of House,Clean Whites & Architectural Off-Whites,Morning Glaze,#FFFFF5,Façade & Siding,Clean Whites & Architectural Off-Whites tone curated for optimal interior/exterior depth and light reflectance.
SHADE-0353,Most Searched: Exterior of House,Clean Whites & Architectural Off-Whites,Pristine White,#FFF9FF,Façade & Siding,Clean Whites & Architectural Off-Whites tone curated for optimal interior/exterior depth and light reflectance.
SHADE-0354,Most Searched: Exterior of House,Clean Whites & Architectural Off-Whites,Clear Marble,#F6FFF8,Façade & Siding,Clean Whites & Architectural Off-Whites tone curated for optimal interior/exterior depth and light reflectance.
SHADE-0355,Most Searched: Exterior of House,Clean Whites & Architectural Off-Whites,Soft Chalk,#FAFFFF,Façade & Siding,Clean Whites & Architectural Off-Whites tone curated for optimal interior/exterior depth and light reflectance.
SHADE-0356,Most Searched: Exterior of House,Clean Whites & Architectural Off-Whites,Cottonwood White,#FDFFFF,Façade & Siding,Clean Whites & Architectural Off-Whites tone curated for optimal interior/exterior depth and light reflectance.
SHADE-0357,Most Searched: Exterior of House,Clean Whites & Architectural Off-Whites,Pure Limestone,#F7FBFA,Façade & Siding,Clean Whites & Architectural Off-Whites tone curated for optimal interior/exterior depth and light reflectance.
SHADE-0358,Most Searched: Exterior of House,Clean Whites & Architectural Off-Whites,Glacial White,#F7FBFA,Façade & Siding,Clean Whites & Architectural Off-Whites tone curated for optimal interior/exterior depth and light reflectance.
SHADE-0359,Most Searched: Exterior of House,Clean Whites & Architectural Off-Whites,Silver Birch Stucco,#F7FBFA,Façade & Siding,Clean Whites & Architectural Off-Whites tone curated for optimal interior/exterior depth and light reflectance.
SHADE-0360,Most Searched: Exterior of House,Clean Whites & Architectural Off-Whites,Bright Horizon,#FFFFFF,Façade & Siding,Clean Whites & Architectural Off-Whites tone curated for optimal interior/exterior depth and light reflectance.
SHADE-0361,Most Searched: Exterior of House,Clean Whites & Architectural Off-Whites,Bleached Shell,#FCF1FF,Façade & Siding,Clean Whites & Architectural Off-Whites tone curated for optimal interior/exterior depth and light reflectance.
SHADE-0362,Most Searched: Exterior of House,Clean Whites & Architectural Off-Whites,Frostline White,#F2FFF0,Façade & Siding,Clean Whites & Architectural Off-Whites tone curated for optimal interior/exterior depth and light reflectance.
SHADE-0363,Most Searched: Exterior of House,Clean Whites & Architectural Off-Whites,Bright Tufa,#FFFAED,Façade & Siding,Clean Whites & Architectural Off-Whites tone curated for optimal interior/exterior depth and light reflectance.
SHADE-0364,Most Searched: Exterior of House,Clean Whites & Architectural Off-Whites,Stucco Blanc,#FFFFFF,Façade & Siding,Clean Whites & Architectural Off-Whites tone curated for optimal interior/exterior depth and light reflectance.
SHADE-0365,Most Searched: Exterior of House,Clean Whites & Architectural Off-Whites,White Sandstone,#FFFFF3,Façade & Siding,Clean Whites & Architectural Off-Whites tone curated for optimal interior/exterior depth and light reflectance.
SHADE-0366,Most Searched: Exterior of House,Clean Whites & Architectural Off-Whites,Polar Stucco,#FCF1FF,Façade & Siding,Clean Whites & Architectural Off-Whites tone curated for optimal interior/exterior depth and light reflectance.
SHADE-0367,Most Searched: Exterior of House,Clean Whites & Architectural Off-Whites,Alpine White,#F9FEFE,Façade & Siding,Clean Whites & Architectural Off-Whites tone curated for optimal interior/exterior depth and light reflectance.
SHADE-0368,Most Searched: Exterior of House,Clean Whites & Architectural Off-Whites,Bright Siding,#FFF9FF,Façade & Siding,Clean Whites & Architectural Off-Whites tone curated for optimal interior/exterior depth and light reflectance.
SHADE-0369,Most Searched: Exterior of House,Clean Whites & Architectural Off-Whites,White Granite,#FFFFFF,Façade & Siding,Clean Whites & Architectural Off-Whites tone curated for optimal interior/exterior depth and light reflectance.
SHADE-0370,Most Searched: Exterior of House,Clean Whites & Architectural Off-Whites,Seaspray White,#FFFFF5,Façade & Siding,Clean Whites & Architectural Off-Whites tone curated for optimal interior/exterior depth and light reflectance.
SHADE-0371,Most Searched: Exterior of House,Clean Whites & Architectural Off-Whites,Pure Gypsum,#F0FFEC,Façade & Siding,Clean Whites & Architectural Off-Whites tone curated for optimal interior/exterior depth and light reflectance.
SHADE-0372,Most Searched: Exterior of House,Clean Whites & Architectural Off-Whites,Clean Plaster,#F8FFFC,Façade & Siding,Clean Whites & Architectural Off-Whites tone curated for optimal interior/exterior depth and light reflectance.
SHADE-0373,Most Searched: Exterior of House,Clean Whites & Architectural Off-Whites,Light Masonry,#F4FFF4,Façade & Siding,Clean Whites & Architectural Off-Whites tone curated for optimal interior/exterior depth and light reflectance.
SHADE-0374,Most Searched: Exterior of House,Clean Whites & Architectural Off-Whites,Vivid Off-White,#FAFFFF,Façade & Siding,Clean Whites & Architectural Off-Whites tone curated for optimal interior/exterior depth and light reflectance.
SHADE-0375,Most Searched: Exterior of House,Clean Whites & Architectural Off-Whites,Classic Façade White,#FAFFFF,Façade & Siding,Clean Whites & Architectural Off-Whites tone curated for optimal interior/exterior depth and light reflectance.
SHADE-0376,Most Searched: Exterior of House,"Earthy Sands, Stones & Beiges",Travertine Haze,#CFC3B0,Exterior Walls & Stucco,"Earthy Sands, Stones & Beiges tone curated for optimal interior/exterior depth and light reflectance."
SHADE-0377,Most Searched: Exterior of House,"Earthy Sands, Stones & Beiges",Sandstone Buff,#DCC5CA,Exterior Walls & Stucco,"Earthy Sands, Stones & Beiges tone curated for optimal interior/exterior depth and light reflectance."
SHADE-0378,Most Searched: Exterior of House,"Earthy Sands, Stones & Beiges",Wheat Stucco,#D9D2C4,Exterior Walls & Stucco,"Earthy Sands, Stones & Beiges tone curated for optimal interior/exterior depth and light reflectance."
SHADE-0379,Most Searched: Exterior of House,"Earthy Sands, Stones & Beiges",Warm Ochre Sand,#E9C7C1,Exterior Walls & Stucco,"Earthy Sands, Stones & Beiges tone curated for optimal interior/exterior depth and light reflectance."
SHADE-0380,Most Searched: Exterior of House,"Earthy Sands, Stones & Beiges",Golden Straw,#DBD5C8,Exterior Walls & Stucco,"Earthy Sands, Stones & Beiges tone curated for optimal interior/exterior depth and light reflectance."
SHADE-0381,Most Searched: Exterior of House,"Earthy Sands, Stones & Beiges",Sahara Dust,#CED3AE,Exterior Walls & Stucco,"Earthy Sands, Stones & Beiges tone curated for optimal interior/exterior depth and light reflectance."
SHADE-0382,Most Searched: Exterior of House,"Earthy Sands, Stones & Beiges",Desert Adobe,#E9C7C1,Exterior Walls & Stucco,"Earthy Sands, Stones & Beiges tone curated for optimal interior/exterior depth and light reflectance."
SHADE-0383,Most Searched: Exterior of House,"Earthy Sands, Stones & Beiges",Tuscan Clay,#EBCAC5,Exterior Walls & Stucco,"Earthy Sands, Stones & Beiges tone curated for optimal interior/exterior depth and light reflectance."
SHADE-0384,Most Searched: Exterior of House,"Earthy Sands, Stones & Beiges",Raw Khaki,#CDC0AC,Exterior Walls & Stucco,"Earthy Sands, Stones & Beiges tone curated for optimal interior/exterior depth and light reflectance."
SHADE-0385,Most Searched: Exterior of House,"Earthy Sands, Stones & Beiges",Driftwood Taupe,#CFC3B0,Exterior Walls & Stucco,"Earthy Sands, Stones & Beiges tone curated for optimal interior/exterior depth and light reflectance."
SHADE-0386,Most Searched: Exterior of House,"Earthy Sands, Stones & Beiges",Pale Mortar,#DEC8AB,Exterior Walls & Stucco,"Earthy Sands, Stones & Beiges tone curated for optimal interior/exterior depth and light reflectance."
SHADE-0387,Most Searched: Exterior of House,"Earthy Sands, Stones & Beiges",Soft Silt,#D5CCBC,Exterior Walls & Stucco,"Earthy Sands, Stones & Beiges tone curated for optimal interior/exterior depth and light reflectance."
SHADE-0388,Most Searched: Exterior of House,"Earthy Sands, Stones & Beiges",Pumice Stone,#E6D4BB,Exterior Walls & Stucco,"Earthy Sands, Stones & Beiges tone curated for optimal interior/exterior depth and light reflectance."
SHADE-0389,Most Searched: Exterior of House,"Earthy Sands, Stones & Beiges",Tanbark,#DFDBAD,Exterior Walls & Stucco,"Earthy Sands, Stones & Beiges tone curated for optimal interior/exterior depth and light reflectance."
SHADE-0390,Most Searched: Exterior of House,"Earthy Sands, Stones & Beiges",River Rock Beige,#EADAC3,Exterior Walls & Stucco,"Earthy Sands, Stones & Beiges tone curated for optimal interior/exterior depth and light reflectance."
SHADE-0391,Most Searched: Exterior of House,"Earthy Sands, Stones & Beiges",Toasted Sesame,#E5C1B9,Exterior Walls & Stucco,"Earthy Sands, Stones & Beiges tone curated for optimal interior/exterior depth and light reflectance."
SHADE-0392,Most Searched: Exterior of House,"Earthy Sands, Stones & Beiges",Flaxen Stucco,#D5CCBC,Exterior Walls & Stucco,"Earthy Sands, Stones & Beiges tone curated for optimal interior/exterior depth and light reflectance."
SHADE-0393,Most Searched: Exterior of House,"Earthy Sands, Stones & Beiges",Adobe Light,#D2D9B6,Exterior Walls & Stucco,"Earthy Sands, Stones & Beiges tone curated for optimal interior/exterior depth and light reflectance."
SHADE-0394,Most Searched: Exterior of House,"Earthy Sands, Stones & Beiges",Sunbleached Linen,#DAC2C6,Exterior Walls & Stucco,"Earthy Sands, Stones & Beiges tone curated for optimal interior/exterior depth and light reflectance."
SHADE-0395,Most Searched: Exterior of House,"Earthy Sands, Stones & Beiges",Pebble Buff,#E8D7BF,Exterior Walls & Stucco,"Earthy Sands, Stones & Beiges tone curated for optimal interior/exterior depth and light reflectance."
SHADE-0396,Most Searched: Exterior of House,"Earthy Sands, Stones & Beiges",Canyon Stone,#D6DFBE,Exterior Walls & Stucco,"Earthy Sands, Stones & Beiges tone curated for optimal interior/exterior depth and light reflectance."
SHADE-0397,Most Searched: Exterior of House,"Earthy Sands, Stones & Beiges",Dune Grass,#E4D1B7,Exterior Walls & Stucco,"Earthy Sands, Stones & Beiges tone curated for optimal interior/exterior depth and light reflectance."
SHADE-0398,Most Searched: Exterior of House,"Earthy Sands, Stones & Beiges",Mesa Sand,#D7CFC0,Exterior Walls & Stucco,"Earthy Sands, Stones & Beiges tone curated for optimal interior/exterior depth and light reflectance."
SHADE-0399,Most Searched: Exterior of House,"Earthy Sands, Stones & Beiges",Sonoran Dust,#E9C7C1,Exterior Walls & Stucco,"Earthy Sands, Stones & Beiges tone curated for optimal interior/exterior depth and light reflectance."
SHADE-0400,Most Searched: Exterior of House,"Earthy Sands, Stones & Beiges",Sedona Buff,#D2D9B6,Exterior Walls & Stucco,"Earthy Sands, Stones & Beiges tone curated for optimal interior/exterior depth and light reflectance."
SHADE-0401,Most Searched: Exterior of House,"Earthy Sands, Stones & Beiges",Warm Gravel,#D9D2C4,Exterior Walls & Stucco,"Earthy Sands, Stones & Beiges tone curated for optimal interior/exterior depth and light reflectance."
SHADE-0402,Most Searched: Exterior of House,"Earthy Sands, Stones & Beiges",Desert Cliff,#D4DCBA,Exterior Walls & Stucco,"Earthy Sands, Stones & Beiges tone curated for optimal interior/exterior depth and light reflectance."
SHADE-0403,Most Searched: Exterior of House,"Earthy Sands, Stones & Beiges",Highland Ochre,#CFC3B0,Exterior Walls & Stucco,"Earthy Sands, Stones & Beiges tone curated for optimal interior/exterior depth and light reflectance."
SHADE-0404,Most Searched: Exterior of House,"Earthy Sands, Stones & Beiges",Terracotta Stucco,#D6DFBE,Exterior Walls & Stucco,"Earthy Sands, Stones & Beiges tone curated for optimal interior/exterior depth and light reflectance."
SHADE-0405,Most Searched: Exterior of House,"Earthy Sands, Stones & Beiges",Dry Earth,#E3BEB5,Exterior Walls & Stucco,"Earthy Sands, Stones & Beiges tone curated for optimal interior/exterior depth and light reflectance."
SHADE-0406,Most Searched: Exterior of House,"Earthy Sands, Stones & Beiges",Warm Cobblestone,#E9C7C1,Exterior Walls & Stucco,"Earthy Sands, Stones & Beiges tone curated for optimal interior/exterior depth and light reflectance."
SHADE-0407,Most Searched: Exterior of House,"Earthy Sands, Stones & Beiges",Burlap Sand,#D6DFBE,Exterior Walls & Stucco,"Earthy Sands, Stones & Beiges tone curated for optimal interior/exterior depth and light reflectance."
SHADE-0408,Most Searched: Exterior of House,"Earthy Sands, Stones & Beiges",Pale Chert,#CCD0AA,Exterior Walls & Stucco,"Earthy Sands, Stones & Beiges tone curated for optimal interior/exterior depth and light reflectance."
SHADE-0409,Most Searched: Exterior of House,"Earthy Sands, Stones & Beiges",Tuscan Sun Sand,#D8BFC2,Exterior Walls & Stucco,"Earthy Sands, Stones & Beiges tone curated for optimal interior/exterior depth and light reflectance."
SHADE-0410,Most Searched: Exterior of House,"Earthy Sands, Stones & Beiges",Earthy Sandstone,#DFDBAD,Exterior Walls & Stucco,"Earthy Sands, Stones & Beiges tone curated for optimal interior/exterior depth and light reflectance."
SHADE-0411,Most Searched: Exterior of House,"Earthy Sands, Stones & Beiges",Weathered Adobe,#CFC3B0,Exterior Walls & Stucco,"Earthy Sands, Stones & Beiges tone curated for optimal interior/exterior depth and light reflectance."
SHADE-0412,Most Searched: Exterior of House,"Earthy Sands, Stones & Beiges",Siltstone Tan,#E3BEB5,Exterior Walls & Stucco,"Earthy Sands, Stones & Beiges tone curated for optimal interior/exterior depth and light reflectance."
SHADE-0413,Most Searched: Exterior of House,"Earthy Sands, Stones & Beiges",Raw Ochre Beige,#CFC3B0,Exterior Walls & Stucco,"Earthy Sands, Stones & Beiges tone curated for optimal interior/exterior depth and light reflectance."
SHADE-0414,Most Searched: Exterior of House,"Earthy Sands, Stones & Beiges",Sunbaked Clay,#DDD8A9,Exterior Walls & Stucco,"Earthy Sands, Stones & Beiges tone curated for optimal interior/exterior depth and light reflectance."
SHADE-0415,Most Searched: Exterior of House,"Earthy Sands, Stones & Beiges",Desert Suede,#D1C6B4,Exterior Walls & Stucco,"Earthy Sands, Stones & Beiges tone curated for optimal interior/exterior depth and light reflectance."
SHADE-0416,Most Searched: Exterior of House,"Earthy Sands, Stones & Beiges",Gobi Desert Buff,#E1DEB1,Exterior Walls & Stucco,"Earthy Sands, Stones & Beiges tone curated for optimal interior/exterior depth and light reflectance."
SHADE-0417,Most Searched: Exterior of House,"Earthy Sands, Stones & Beiges",Prairie Grass,#CFC3B0,Exterior Walls & Stucco,"Earthy Sands, Stones & Beiges tone curated for optimal interior/exterior depth and light reflectance."
SHADE-0418,Most Searched: Exterior of House,"Earthy Sands, Stones & Beiges",Warm Slate Beige,#CBBDA8,Exterior Walls & Stucco,"Earthy Sands, Stones & Beiges tone curated for optimal interior/exterior depth and light reflectance."
SHADE-0419,Most Searched: Exterior of House,"Earthy Sands, Stones & Beiges",Limestone Buff,#DEC8AB,Exterior Walls & Stucco,"Earthy Sands, Stones & Beiges tone curated for optimal interior/exterior depth and light reflectance."
SHADE-0420,Most Searched: Exterior of House,"Earthy Sands, Stones & Beiges",Earthy Mortar,#D1C6B4,Exterior Walls & Stucco,"Earthy Sands, Stones & Beiges tone curated for optimal interior/exterior depth and light reflectance."
SHADE-0421,Most Searched: Exterior of House,"Earthy Sands, Stones & Beiges",Savannah Dust,#D5CCBC,Exterior Walls & Stucco,"Earthy Sands, Stones & Beiges tone curated for optimal interior/exterior depth and light reflectance."
SHADE-0422,Most Searched: Exterior of House,"Earthy Sands, Stones & Beiges",Pueblo Sand,#CCD0AA,Exterior Walls & Stucco,"Earthy Sands, Stones & Beiges tone curated for optimal interior/exterior depth and light reflectance."
SHADE-0423,Most Searched: Exterior of House,"Earthy Sands, Stones & Beiges",Pale Sandstorm,#D5CCBC,Exterior Walls & Stucco,"Earthy Sands, Stones & Beiges tone curated for optimal interior/exterior depth and light reflectance."
SHADE-0424,Most Searched: Exterior of House,"Earthy Sands, Stones & Beiges",Biscotti Stucco,#EDCDC9,Exterior Walls & Stucco,"Earthy Sands, Stones & Beiges tone curated for optimal interior/exterior depth and light reflectance."
SHADE-0425,Most Searched: Exterior of House,"Earthy Sands, Stones & Beiges",Wheatstalk,#E9C7C1,Exterior Walls & Stucco,"Earthy Sands, Stones & Beiges tone curated for optimal interior/exterior depth and light reflectance."
SHADE-0426,Most Searched: Exterior of House,"Earthy Sands, Stones & Beiges",Oat Husk,#CCD0AA,Exterior Walls & Stucco,"Earthy Sands, Stones & Beiges tone curated for optimal interior/exterior depth and light reflectance."
SHADE-0427,Most Searched: Exterior of House,"Earthy Sands, Stones & Beiges",Golden Adobe,#DEC8AB,Exterior Walls & Stucco,"Earthy Sands, Stones & Beiges tone curated for optimal interior/exterior depth and light reflectance."
SHADE-0428,Most Searched: Exterior of House,"Earthy Sands, Stones & Beiges",Canyon Buff,#D3C9B8,Exterior Walls & Stucco,"Earthy Sands, Stones & Beiges tone curated for optimal interior/exterior depth and light reflectance."
SHADE-0429,Most Searched: Exterior of House,"Earthy Sands, Stones & Beiges",Desert Ridge,#CED3AE,Exterior Walls & Stucco,"Earthy Sands, Stones & Beiges tone curated for optimal interior/exterior depth and light reflectance."
SHADE-0430,Most Searched: Exterior of House,"Earthy Sands, Stones & Beiges",Warm Calcite,#CFC3B0,Exterior Walls & Stucco,"Earthy Sands, Stones & Beiges tone curated for optimal interior/exterior depth and light reflectance."
SHADE-0431,Most Searched: Exterior of House,"Earthy Sands, Stones & Beiges",Raw Burlap,#CFC3B0,Exterior Walls & Stucco,"Earthy Sands, Stones & Beiges tone curated for optimal interior/exterior depth and light reflectance."
SHADE-0432,Most Searched: Exterior of House,"Earthy Sands, Stones & Beiges",Flint Tan,#CED3AE,Exterior Walls & Stucco,"Earthy Sands, Stones & Beiges tone curated for optimal interior/exterior depth and light reflectance."
SHADE-0433,Most Searched: Exterior of House,"Earthy Sands, Stones & Beiges",Weathered Loam,#D9D2C4,Exterior Walls & Stucco,"Earthy Sands, Stones & Beiges tone curated for optimal interior/exterior depth and light reflectance."
SHADE-0434,Most Searched: Exterior of House,"Earthy Sands, Stones & Beiges",Earthy Silt,#E3BEB5,Exterior Walls & Stucco,"Earthy Sands, Stones & Beiges tone curated for optimal interior/exterior depth and light reflectance."
SHADE-0435,Most Searched: Exterior of House,"Earthy Sands, Stones & Beiges",Mudstone Tan,#E4D1B7,Exterior Walls & Stucco,"Earthy Sands, Stones & Beiges tone curated for optimal interior/exterior depth and light reflectance."
SHADE-0436,Most Searched: Exterior of House,"Earthy Sands, Stones & Beiges",Toasted Silt,#DAC2C6,Exterior Walls & Stucco,"Earthy Sands, Stones & Beiges tone curated for optimal interior/exterior depth and light reflectance."
SHADE-0437,Most Searched: Exterior of House,"Earthy Sands, Stones & Beiges",Sandstone Canyon,#CBBDA8,Exterior Walls & Stucco,"Earthy Sands, Stones & Beiges tone curated for optimal interior/exterior depth and light reflectance."
SHADE-0438,Most Searched: Exterior of House,"Earthy Sands, Stones & Beiges",Pale Feldspar,#CED3AE,Exterior Walls & Stucco,"Earthy Sands, Stones & Beiges tone curated for optimal interior/exterior depth and light reflectance."
SHADE-0439,Most Searched: Exterior of House,"Earthy Sands, Stones & Beiges",Golden Sandstone,#E0CBAF,Exterior Walls & Stucco,"Earthy Sands, Stones & Beiges tone curated for optimal interior/exterior depth and light reflectance."
SHADE-0440,Most Searched: Exterior of House,"Earthy Sands, Stones & Beiges",Rustic Tan,#E6D4BB,Exterior Walls & Stucco,"Earthy Sands, Stones & Beiges tone curated for optimal interior/exterior depth and light reflectance."
SHADE-0441,Most Searched: Exterior of House,"Earthy Sands, Stones & Beiges",Desert Dune,#E4D1B7,Exterior Walls & Stucco,"Earthy Sands, Stones & Beiges tone curated for optimal interior/exterior depth and light reflectance."
SHADE-0442,Most Searched: Exterior of House,"Earthy Sands, Stones & Beiges",Saddle Leather Tan,#E4D1B7,Exterior Walls & Stucco,"Earthy Sands, Stones & Beiges tone curated for optimal interior/exterior depth and light reflectance."
SHADE-0443,Most Searched: Exterior of House,"Earthy Sands, Stones & Beiges",Malted Stucco,#D8BFC2,Exterior Walls & Stucco,"Earthy Sands, Stones & Beiges tone curated for optimal interior/exterior depth and light reflectance."
SHADE-0444,Most Searched: Exterior of House,"Earthy Sands, Stones & Beiges",Harvest Tan,#CCD0AA,Exterior Walls & Stucco,"Earthy Sands, Stones & Beiges tone curated for optimal interior/exterior depth and light reflectance."
SHADE-0445,Most Searched: Exterior of House,"Earthy Sands, Stones & Beiges",Warm Loam,#DCC5CA,Exterior Walls & Stucco,"Earthy Sands, Stones & Beiges tone curated for optimal interior/exterior depth and light reflectance."
SHADE-0446,Most Searched: Exterior of House,"Earthy Sands, Stones & Beiges",Gravel Bed,#E2CEB3,Exterior Walls & Stucco,"Earthy Sands, Stones & Beiges tone curated for optimal interior/exterior depth and light reflectance."
SHADE-0447,Most Searched: Exterior of House,"Earthy Sands, Stones & Beiges",Sienna Sand,#D5CCBC,Exterior Walls & Stucco,"Earthy Sands, Stones & Beiges tone curated for optimal interior/exterior depth and light reflectance."
SHADE-0448,Most Searched: Exterior of House,"Earthy Sands, Stones & Beiges",Terracotta Buff,#D1C6B4,Exterior Walls & Stucco,"Earthy Sands, Stones & Beiges tone curated for optimal interior/exterior depth and light reflectance."
SHADE-0449,Most Searched: Exterior of House,"Earthy Sands, Stones & Beiges",Weathered Cliff,#EDCDC9,Exterior Walls & Stucco,"Earthy Sands, Stones & Beiges tone curated for optimal interior/exterior depth and light reflectance."
SHADE-0450,Most Searched: Exterior of House,"Earthy Sands, Stones & Beiges",Adobe Ridge,#CCD0AA,Exterior Walls & Stucco,"Earthy Sands, Stones & Beiges tone curated for optimal interior/exterior depth and light reflectance."
SHADE-0451,Most Searched: Exterior of House,"Charcoal, Slate, Concrete & Greys",Slate Ridge,#5A5774,"Trims, Doors, Accents","Charcoal, Slate, Concrete & Greys tone curated for optimal interior/exterior depth and light reflectance."
SHADE-0452,Most Searched: Exterior of House,"Charcoal, Slate, Concrete & Greys",Dark Flannel,#635363,"Trims, Doors, Accents","Charcoal, Slate, Concrete & Greys tone curated for optimal interior/exterior depth and light reflectance."
SHADE-0453,Most Searched: Exterior of House,"Charcoal, Slate, Concrete & Greys",Iron Gate Gray,#585470,"Trims, Doors, Accents","Charcoal, Slate, Concrete & Greys tone curated for optimal interior/exterior depth and light reflectance."
SHADE-0454,Most Searched: Exterior of House,"Charcoal, Slate, Concrete & Greys",Graphite Dusk,#515B62,"Trims, Doors, Accents","Charcoal, Slate, Concrete & Greys tone curated for optimal interior/exterior depth and light reflectance."
SHADE-0455,Most Searched: Exterior of House,"Charcoal, Slate, Concrete & Greys",Cast Stone Gray,#655667,"Trims, Doors, Accents","Charcoal, Slate, Concrete & Greys tone curated for optimal interior/exterior depth and light reflectance."
SHADE-0456,Most Searched: Exterior of House,"Charcoal, Slate, Concrete & Greys",Weathered Zinc,#506B60,"Trims, Doors, Accents","Charcoal, Slate, Concrete & Greys tone curated for optimal interior/exterior depth and light reflectance."
SHADE-0457,Most Searched: Exterior of House,"Charcoal, Slate, Concrete & Greys",Basalt Gray,#646665,"Trims, Doors, Accents","Charcoal, Slate, Concrete & Greys tone curated for optimal interior/exterior depth and light reflectance."
SHADE-0458,Most Searched: Exterior of House,"Charcoal, Slate, Concrete & Greys",Industrial Pewter,#6D6277,"Trims, Doors, Accents","Charcoal, Slate, Concrete & Greys tone curated for optimal interior/exterior depth and light reflectance."
SHADE-0459,Most Searched: Exterior of House,"Charcoal, Slate, Concrete & Greys",Shadow Gray,#4B5256,"Trims, Doors, Accents","Charcoal, Slate, Concrete & Greys tone curated for optimal interior/exterior depth and light reflectance."
SHADE-0460,Most Searched: Exterior of House,"Charcoal, Slate, Concrete & Greys",Flint Rock,#596772,"Trims, Doors, Accents","Charcoal, Slate, Concrete & Greys tone curated for optimal interior/exterior depth and light reflectance."
SHADE-0461,Most Searched: Exterior of House,"Charcoal, Slate, Concrete & Greys",Stormy Horizon,#4C6558,"Trims, Doors, Accents","Charcoal, Slate, Concrete & Greys tone curated for optimal interior/exterior depth and light reflectance."
SHADE-0462,Most Searched: Exterior of House,"Charcoal, Slate, Concrete & Greys",Granite Quarry,#67596B,"Trims, Doors, Accents","Charcoal, Slate, Concrete & Greys tone curated for optimal interior/exterior depth and light reflectance."
SHADE-0463,Most Searched: Exterior of House,"Charcoal, Slate, Concrete & Greys",Dark Pebble,#57646E,"Trims, Doors, Accents","Charcoal, Slate, Concrete & Greys tone curated for optimal interior/exterior depth and light reflectance."
SHADE-0464,Most Searched: Exterior of House,"Charcoal, Slate, Concrete & Greys",Steel Dust,#60605D,"Trims, Doors, Accents","Charcoal, Slate, Concrete & Greys tone curated for optimal interior/exterior depth and light reflectance."
SHADE-0465,Most Searched: Exterior of House,"Charcoal, Slate, Concrete & Greys",Volcanic Ash,#56746C,"Trims, Doors, Accents","Charcoal, Slate, Concrete & Greys tone curated for optimal interior/exterior depth and light reflectance."
SHADE-0466,Most Searched: Exterior of House,"Charcoal, Slate, Concrete & Greys",Gunmetal Matte,#686C6D,"Trims, Doors, Accents","Charcoal, Slate, Concrete & Greys tone curated for optimal interior/exterior depth and light reflectance."
SHADE-0467,Most Searched: Exterior of House,"Charcoal, Slate, Concrete & Greys",Charcoal Bark,#6D6277,"Trims, Doors, Accents","Charcoal, Slate, Concrete & Greys tone curated for optimal interior/exterior depth and light reflectance."
SHADE-0468,Most Searched: Exterior of House,"Charcoal, Slate, Concrete & Greys",Charcoal Slate,#4E685C,"Trims, Doors, Accents","Charcoal, Slate, Concrete & Greys tone curated for optimal interior/exterior depth and light reflectance."
SHADE-0469,Most Searched: Exterior of House,"Charcoal, Slate, Concrete & Greys",Iron Ash,#695C6F,"Trims, Doors, Accents","Charcoal, Slate, Concrete & Greys tone curated for optimal interior/exterior depth and light reflectance."
SHADE-0470,Most Searched: Exterior of House,"Charcoal, Slate, Concrete & Greys",Ash Ember,#666969,"Trims, Doors, Accents","Charcoal, Slate, Concrete & Greys tone curated for optimal interior/exterior depth and light reflectance."
SHADE-0471,Most Searched: Exterior of House,"Charcoal, Slate, Concrete & Greys",Cobblestone Gray,#6C7275,"Trims, Doors, Accents","Charcoal, Slate, Concrete & Greys tone curated for optimal interior/exterior depth and light reflectance."
SHADE-0472,Most Searched: Exterior of House,"Charcoal, Slate, Concrete & Greys",Deep Shale Gray,#4E685C,"Trims, Doors, Accents","Charcoal, Slate, Concrete & Greys tone curated for optimal interior/exterior depth and light reflectance."
SHADE-0473,Most Searched: Exterior of House,"Charcoal, Slate, Concrete & Greys",Pewter Façade,#4B5256,"Trims, Doors, Accents","Charcoal, Slate, Concrete & Greys tone curated for optimal interior/exterior depth and light reflectance."
SHADE-0474,Most Searched: Exterior of House,"Charcoal, Slate, Concrete & Greys",Urban Concrete,#56746C,"Trims, Doors, Accents","Charcoal, Slate, Concrete & Greys tone curated for optimal interior/exterior depth and light reflectance."
SHADE-0475,Most Searched: Exterior of House,"Charcoal, Slate, Concrete & Greys",Cement Wash,#4D555A,"Trims, Doors, Accents","Charcoal, Slate, Concrete & Greys tone curated for optimal interior/exterior depth and light reflectance."
SHADE-0476,Most Searched: Exterior of House,"Charcoal, Slate, Concrete & Greys",Raw Concrete,#4C6558,"Trims, Doors, Accents","Charcoal, Slate, Concrete & Greys tone curated for optimal interior/exterior depth and light reflectance."
SHADE-0477,Most Searched: Exterior of House,"Charcoal, Slate, Concrete & Greys",Brushed Metal Gray,#4E685C,"Trims, Doors, Accents","Charcoal, Slate, Concrete & Greys tone curated for optimal interior/exterior depth and light reflectance."
SHADE-0478,Most Searched: Exterior of House,"Charcoal, Slate, Concrete & Greys",Dark Granite,#535E66,"Trims, Doors, Accents","Charcoal, Slate, Concrete & Greys tone curated for optimal interior/exterior depth and light reflectance."
SHADE-0479,Most Searched: Exterior of House,"Charcoal, Slate, Concrete & Greys",Anchor Slate,#646665,"Trims, Doors, Accents","Charcoal, Slate, Concrete & Greys tone curated for optimal interior/exterior depth and light reflectance."
SHADE-0480,Most Searched: Exterior of House,"Charcoal, Slate, Concrete & Greys",Overcast Gray,#6D6277,"Trims, Doors, Accents","Charcoal, Slate, Concrete & Greys tone curated for optimal interior/exterior depth and light reflectance."
SHADE-0481,Most Searched: Exterior of House,"Charcoal, Slate, Concrete & Greys",Mineral Gray,#55616A,"Trims, Doors, Accents","Charcoal, Slate, Concrete & Greys tone curated for optimal interior/exterior depth and light reflectance."
SHADE-0482,Most Searched: Exterior of House,"Charcoal, Slate, Concrete & Greys",Smoky Basalt,#4E685C,"Trims, Doors, Accents","Charcoal, Slate, Concrete & Greys tone curated for optimal interior/exterior depth and light reflectance."
SHADE-0483,Most Searched: Exterior of House,"Charcoal, Slate, Concrete & Greys",Cast Iron Trim,#506B60,"Trims, Doors, Accents","Charcoal, Slate, Concrete & Greys tone curated for optimal interior/exterior depth and light reflectance."
SHADE-0484,Most Searched: Exterior of House,"Charcoal, Slate, Concrete & Greys",Gargoyle Gray,#686C6D,"Trims, Doors, Accents","Charcoal, Slate, Concrete & Greys tone curated for optimal interior/exterior depth and light reflectance."
SHADE-0485,Most Searched: Exterior of House,"Charcoal, Slate, Concrete & Greys",Monument Charcoal,#6B5F73,"Trims, Doors, Accents","Charcoal, Slate, Concrete & Greys tone curated for optimal interior/exterior depth and light reflectance."
SHADE-0486,Most Searched: Exterior of House,"Charcoal, Slate, Concrete & Greys",Ironbark Gray,#6B5F73,"Trims, Doors, Accents","Charcoal, Slate, Concrete & Greys tone curated for optimal interior/exterior depth and light reflectance."
SHADE-0487,Most Searched: Exterior of House,"Charcoal, Slate, Concrete & Greys",Heavy Zinc,#4E685C,"Trims, Doors, Accents","Charcoal, Slate, Concrete & Greys tone curated for optimal interior/exterior depth and light reflectance."
SHADE-0488,Most Searched: Exterior of House,"Charcoal, Slate, Concrete & Greys",Midnight Slate,#596772,"Trims, Doors, Accents","Charcoal, Slate, Concrete & Greys tone curated for optimal interior/exterior depth and light reflectance."
SHADE-0489,Most Searched: Exterior of House,"Charcoal, Slate, Concrete & Greys",Smoked Pewter,#4B5256,"Trims, Doors, Accents","Charcoal, Slate, Concrete & Greys tone curated for optimal interior/exterior depth and light reflectance."
SHADE-0490,Most Searched: Exterior of House,"Charcoal, Slate, Concrete & Greys",Dark Flagstone,#6B5F73,"Trims, Doors, Accents","Charcoal, Slate, Concrete & Greys tone curated for optimal interior/exterior depth and light reflectance."
SHADE-0491,Most Searched: Exterior of House,"Charcoal, Slate, Concrete & Greys",Weathered Concrete,#4F585E,"Trims, Doors, Accents","Charcoal, Slate, Concrete & Greys tone curated for optimal interior/exterior depth and light reflectance."
SHADE-0492,Most Searched: Exterior of House,"Charcoal, Slate, Concrete & Greys",Carbon Exterior,#666969,"Trims, Doors, Accents","Charcoal, Slate, Concrete & Greys tone curated for optimal interior/exterior depth and light reflectance."
SHADE-0493,Most Searched: Exterior of House,"Charcoal, Slate, Concrete & Greys",Gravel Gray,#695C6F,"Trims, Doors, Accents","Charcoal, Slate, Concrete & Greys tone curated for optimal interior/exterior depth and light reflectance."
SHADE-0494,Most Searched: Exterior of House,"Charcoal, Slate, Concrete & Greys",Storm Cloud Exterior,#4B5256,"Trims, Doors, Accents","Charcoal, Slate, Concrete & Greys tone curated for optimal interior/exterior depth and light reflectance."
SHADE-0495,Most Searched: Exterior of House,"Charcoal, Slate, Concrete & Greys",Deep Silt Gray,#5D6D57,"Trims, Doors, Accents","Charcoal, Slate, Concrete & Greys tone curated for optimal interior/exterior depth and light reflectance."
SHADE-0496,Most Searched: Exterior of House,"Charcoal, Slate, Concrete & Greys",Flint Gray,#67596B,"Trims, Doors, Accents","Charcoal, Slate, Concrete & Greys tone curated for optimal interior/exterior depth and light reflectance."
SHADE-0497,Most Searched: Exterior of House,"Charcoal, Slate, Concrete & Greys",Gothic Slate,#57646E,"Trims, Doors, Accents","Charcoal, Slate, Concrete & Greys tone curated for optimal interior/exterior depth and light reflectance."
SHADE-0498,Most Searched: Exterior of House,"Charcoal, Slate, Concrete & Greys",Dark Ashen,#56746C,"Trims, Doors, Accents","Charcoal, Slate, Concrete & Greys tone curated for optimal interior/exterior depth and light reflectance."
SHADE-0499,Most Searched: Exterior of House,"Charcoal, Slate, Concrete & Greys",Volcanic Rock,#60605D,"Trims, Doors, Accents","Charcoal, Slate, Concrete & Greys tone curated for optimal interior/exterior depth and light reflectance."
SHADE-0500,Most Searched: Exterior of House,"Charcoal, Slate, Concrete & Greys",Basalt Black,#695C6F,"Trims, Doors, Accents","Charcoal, Slate, Concrete & Greys tone curated for optimal interior/exterior depth and light reflectance."
SHADE-0501,Most Searched: Exterior of House,"Charcoal, Slate, Concrete & Greys",Graphite Slate,#4C6558,"Trims, Doors, Accents","Charcoal, Slate, Concrete & Greys tone curated for optimal interior/exterior depth and light reflectance."
SHADE-0502,Most Searched: Exterior of House,"Charcoal, Slate, Concrete & Greys",Urban Charcoal,#55616A,"Trims, Doors, Accents","Charcoal, Slate, Concrete & Greys tone curated for optimal interior/exterior depth and light reflectance."
SHADE-0503,Most Searched: Exterior of House,"Charcoal, Slate, Concrete & Greys",Silver Slate,#55616A,"Trims, Doors, Accents","Charcoal, Slate, Concrete & Greys tone curated for optimal interior/exterior depth and light reflectance."
SHADE-0504,Most Searched: Exterior of House,"Charcoal, Slate, Concrete & Greys",Smoked Granite,#56746C,"Trims, Doors, Accents","Charcoal, Slate, Concrete & Greys tone curated for optimal interior/exterior depth and light reflectance."
SHADE-0505,Most Searched: Exterior of House,"Charcoal, Slate, Concrete & Greys",Muted Pewter,#585470,"Trims, Doors, Accents","Charcoal, Slate, Concrete & Greys tone curated for optimal interior/exterior depth and light reflectance."
SHADE-0506,Most Searched: Exterior of House,"Charcoal, Slate, Concrete & Greys",Zinc Metal Gray,#666969,"Trims, Doors, Accents","Charcoal, Slate, Concrete & Greys tone curated for optimal interior/exterior depth and light reflectance."
SHADE-0507,Most Searched: Exterior of House,"Charcoal, Slate, Concrete & Greys",Dark Horizon,#666969,"Trims, Doors, Accents","Charcoal, Slate, Concrete & Greys tone curated for optimal interior/exterior depth and light reflectance."
SHADE-0508,Most Searched: Exterior of House,"Charcoal, Slate, Concrete & Greys",Charcoal Trim,#60605D,"Trims, Doors, Accents","Charcoal, Slate, Concrete & Greys tone curated for optimal interior/exterior depth and light reflectance."
SHADE-0509,Most Searched: Exterior of House,"Charcoal, Slate, Concrete & Greys",Steel Ash,#6D6277,"Trims, Doors, Accents","Charcoal, Slate, Concrete & Greys tone curated for optimal interior/exterior depth and light reflectance."
SHADE-0510,Most Searched: Exterior of House,"Charcoal, Slate, Concrete & Greys",Overcast Siding,#666969,"Trims, Doors, Accents","Charcoal, Slate, Concrete & Greys tone curated for optimal interior/exterior depth and light reflectance."
SHADE-0511,Most Searched: Exterior of House,"Charcoal, Slate, Concrete & Greys",Moody Slate,#4D555A,"Trims, Doors, Accents","Charcoal, Slate, Concrete & Greys tone curated for optimal interior/exterior depth and light reflectance."
SHADE-0512,Most Searched: Exterior of House,"Charcoal, Slate, Concrete & Greys",Cast Pewter,#4F585E,"Trims, Doors, Accents","Charcoal, Slate, Concrete & Greys tone curated for optimal interior/exterior depth and light reflectance."
SHADE-0513,Most Searched: Exterior of House,"Charcoal, Slate, Concrete & Greys",Deep Flagstone,#506B60,"Trims, Doors, Accents","Charcoal, Slate, Concrete & Greys tone curated for optimal interior/exterior depth and light reflectance."
SHADE-0514,Most Searched: Exterior of House,"Charcoal, Slate, Concrete & Greys",Dark Shale,#6D6277,"Trims, Doors, Accents","Charcoal, Slate, Concrete & Greys tone curated for optimal interior/exterior depth and light reflectance."
SHADE-0515,Most Searched: Exterior of House,"Charcoal, Slate, Concrete & Greys",Ash Grey Masonry,#585470,"Trims, Doors, Accents","Charcoal, Slate, Concrete & Greys tone curated for optimal interior/exterior depth and light reflectance."
SHADE-0516,Most Searched: Exterior of House,"Charcoal, Slate, Concrete & Greys",Urban Ashen,#61735F,"Trims, Doors, Accents","Charcoal, Slate, Concrete & Greys tone curated for optimal interior/exterior depth and light reflectance."
SHADE-0517,Most Searched: Exterior of House,"Charcoal, Slate, Concrete & Greys",Iron Stone,#67596B,"Trims, Doors, Accents","Charcoal, Slate, Concrete & Greys tone curated for optimal interior/exterior depth and light reflectance."
SHADE-0518,Most Searched: Exterior of House,"Charcoal, Slate, Concrete & Greys",Smoky Quartz Slate,#5A5774,"Trims, Doors, Accents","Charcoal, Slate, Concrete & Greys tone curated for optimal interior/exterior depth and light reflectance."
SHADE-0519,Most Searched: Exterior of House,"Charcoal, Slate, Concrete & Greys",Charcoal Concrete,#5E5D59,"Trims, Doors, Accents","Charcoal, Slate, Concrete & Greys tone curated for optimal interior/exterior depth and light reflectance."
SHADE-0520,Most Searched: Exterior of House,"Charcoal, Slate, Concrete & Greys",Basalt Horizon,#6D6277,"Trims, Doors, Accents","Charcoal, Slate, Concrete & Greys tone curated for optimal interior/exterior depth and light reflectance."
SHADE-0521,Most Searched: Exterior of House,"Charcoal, Slate, Concrete & Greys",Carbon Flannel,#61735F,"Trims, Doors, Accents","Charcoal, Slate, Concrete & Greys tone curated for optimal interior/exterior depth and light reflectance."
SHADE-0522,Most Searched: Exterior of House,"Charcoal, Slate, Concrete & Greys",Steel Shadow,#686C6D,"Trims, Doors, Accents","Charcoal, Slate, Concrete & Greys tone curated for optimal interior/exterior depth and light reflectance."
SHADE-0523,Most Searched: Exterior of House,"Charcoal, Slate, Concrete & Greys",Granite Dust,#4D555A,"Trims, Doors, Accents","Charcoal, Slate, Concrete & Greys tone curated for optimal interior/exterior depth and light reflectance."
SHADE-0524,Most Searched: Exterior of House,"Charcoal, Slate, Concrete & Greys",Dark Basalt Trim,#5B6A76,"Trims, Doors, Accents","Charcoal, Slate, Concrete & Greys tone curated for optimal interior/exterior depth and light reflectance."
SHADE-0525,Most Searched: Exterior of House,"Charcoal, Slate, Concrete & Greys",Night Slate,#6A6F71,"Trims, Doors, Accents","Charcoal, Slate, Concrete & Greys tone curated for optimal interior/exterior depth and light reflectance."
SHADE-0526,Most Searched: Exterior of House,"Forest Greens, Rich Woods & Trims",Olive Bark,#484B4C,"Trim, Shutters & Roof Lines","Forest Greens, Rich Woods & Trims tone curated for optimal interior/exterior depth and light reflectance."
SHADE-0527,Most Searched: Exterior of House,"Forest Greens, Rich Woods & Trims",Deep Forest Green,#3E5F5B,"Trim, Shutters & Roof Lines","Forest Greens, Rich Woods & Trims tone curated for optimal interior/exterior depth and light reflectance."
SHADE-0528,Most Searched: Exterior of House,"Forest Greens, Rich Woods & Trims",Moss Peak,#396951,"Trim, Shutters & Roof Lines","Forest Greens, Rich Woods & Trims tone curated for optimal interior/exterior depth and light reflectance."
SHADE-0529,Most Searched: Exterior of House,"Forest Greens, Rich Woods & Trims",Bronze Trim,#315D41,"Trim, Shutters & Roof Lines","Forest Greens, Rich Woods & Trims tone curated for optimal interior/exterior depth and light reflectance."
SHADE-0530,Most Searched: Exterior of House,"Forest Greens, Rich Woods & Trims",Weathered Teak,#4D6456,"Trim, Shutters & Roof Lines","Forest Greens, Rich Woods & Trims tone curated for optimal interior/exterior depth and light reflectance."
SHADE-0531,Most Searched: Exterior of House,"Forest Greens, Rich Woods & Trims",Coffee Bean,#3F4F5D,"Trim, Shutters & Roof Lines","Forest Greens, Rich Woods & Trims tone curated for optimal interior/exterior depth and light reflectance."
SHADE-0532,Most Searched: Exterior of House,"Forest Greens, Rich Woods & Trims",Espresso Trim,#315D41,"Trim, Shutters & Roof Lines","Forest Greens, Rich Woods & Trims tone curated for optimal interior/exterior depth and light reflectance."
SHADE-0533,Most Searched: Exterior of House,"Forest Greens, Rich Woods & Trims",Timberland Green,#484B4C,"Trim, Shutters & Roof Lines","Forest Greens, Rich Woods & Trims tone curated for optimal interior/exterior depth and light reflectance."
SHADE-0534,Most Searched: Exterior of House,"Forest Greens, Rich Woods & Trims",Black Walnut Exterior,#426540,"Trim, Shutters & Roof Lines","Forest Greens, Rich Woods & Trims tone curated for optimal interior/exterior depth and light reflectance."
SHADE-0535,Most Searched: Exterior of House,"Forest Greens, Rich Woods & Trims",Dark Chestnut,#446844,"Trim, Shutters & Roof Lines","Forest Greens, Rich Woods & Trims tone curated for optimal interior/exterior depth and light reflectance."
SHADE-0536,Most Searched: Exterior of House,"Forest Greens, Rich Woods & Trims",Deep Spruceland,#2F5A3D,"Trim, Shutters & Roof Lines","Forest Greens, Rich Woods & Trims tone curated for optimal interior/exterior depth and light reflectance."
SHADE-0537,Most Searched: Exterior of House,"Forest Greens, Rich Woods & Trims",Mountain Pine,#4A4E50,"Trim, Shutters & Roof Lines","Forest Greens, Rich Woods & Trims tone curated for optimal interior/exterior depth and light reflectance."
SHADE-0538,Most Searched: Exterior of House,"Forest Greens, Rich Woods & Trims",Wet Earth Brown,#4E5458,"Trim, Shutters & Roof Lines","Forest Greens, Rich Woods & Trims tone curated for optimal interior/exterior depth and light reflectance."
SHADE-0539,Most Searched: Exterior of House,"Forest Greens, Rich Woods & Trims",Smoked Bark,#37664D,"Trim, Shutters & Roof Lines","Forest Greens, Rich Woods & Trims tone curated for optimal interior/exterior depth and light reflectance."
SHADE-0540,Most Searched: Exterior of House,"Forest Greens, Rich Woods & Trims",Burnt Hickory,#40623C,"Trim, Shutters & Roof Lines","Forest Greens, Rich Woods & Trims tone curated for optimal interior/exterior depth and light reflectance."
SHADE-0541,Most Searched: Exterior of House,"Forest Greens, Rich Woods & Trims",Spanish Moss Exterior,#2F5A3D,"Trim, Shutters & Roof Lines","Forest Greens, Rich Woods & Trims tone curated for optimal interior/exterior depth and light reflectance."
SHADE-0542,Most Searched: Exterior of House,"Forest Greens, Rich Woods & Trims",Evergreen Fog,#50575C,"Trim, Shutters & Roof Lines","Forest Greens, Rich Woods & Trims tone curated for optimal interior/exterior depth and light reflectance."
SHADE-0543,Most Searched: Exterior of House,"Forest Greens, Rich Woods & Trims",Black Forest,#356349,"Trim, Shutters & Roof Lines","Forest Greens, Rich Woods & Trims tone curated for optimal interior/exterior depth and light reflectance."
SHADE-0544,Most Searched: Exterior of House,"Forest Greens, Rich Woods & Trims",Muddy Cypress,#3A5953,"Trim, Shutters & Roof Lines","Forest Greens, Rich Woods & Trims tone curated for optimal interior/exterior depth and light reflectance."
SHADE-0545,Most Searched: Exterior of House,"Forest Greens, Rich Woods & Trims",Deep Truffle,#495E4E,"Trim, Shutters & Roof Lines","Forest Greens, Rich Woods & Trims tone curated for optimal interior/exterior depth and light reflectance."
SHADE-0546,Most Searched: Exterior of House,"Forest Greens, Rich Woods & Trims",Cottage Green,#4D6456,"Trim, Shutters & Roof Lines","Forest Greens, Rich Woods & Trims tone curated for optimal interior/exterior depth and light reflectance."
SHADE-0547,Most Searched: Exterior of House,"Forest Greens, Rich Woods & Trims",Lodge Cedar,#315D41,"Trim, Shutters & Roof Lines","Forest Greens, Rich Woods & Trims tone curated for optimal interior/exterior depth and light reflectance."
SHADE-0548,Most Searched: Exterior of House,"Forest Greens, Rich Woods & Trims",Dark Juniper,#40623C,"Trim, Shutters & Roof Lines","Forest Greens, Rich Woods & Trims tone curated for optimal interior/exterior depth and light reflectance."
SHADE-0549,Most Searched: Exterior of House,"Forest Greens, Rich Woods & Trims",Cedar Shingle,#484B4C,"Trim, Shutters & Roof Lines","Forest Greens, Rich Woods & Trims tone curated for optimal interior/exterior depth and light reflectance."
SHADE-0550,Most Searched: Exterior of House,"Forest Greens, Rich Woods & Trims",Weathered Oak,#4B6152,"Trim, Shutters & Roof Lines","Forest Greens, Rich Woods & Trims tone curated for optimal interior/exterior depth and light reflectance."
SHADE-0551,Most Searched: Exterior of House,"Forest Greens, Rich Woods & Trims",Balsam Fir,#3D4C59,"Trim, Shutters & Roof Lines","Forest Greens, Rich Woods & Trims tone curated for optimal interior/exterior depth and light reflectance."
SHADE-0552,Most Searched: Exterior of House,"Forest Greens, Rich Woods & Trims",Highland Moss,#3F4F5D,"Trim, Shutters & Roof Lines","Forest Greens, Rich Woods & Trims tone curated for optimal interior/exterior depth and light reflectance."
SHADE-0553,Most Searched: Exterior of House,"Forest Greens, Rich Woods & Trims",Smoked Chestnut,#315D41,"Trim, Shutters & Roof Lines","Forest Greens, Rich Woods & Trims tone curated for optimal interior/exterior depth and light reflectance."
SHADE-0554,Most Searched: Exterior of House,"Forest Greens, Rich Woods & Trims",Deep Redwood,#315D41,"Trim, Shutters & Roof Lines","Forest Greens, Rich Woods & Trims tone curated for optimal interior/exterior depth and light reflectance."
SHADE-0555,Most Searched: Exterior of House,"Forest Greens, Rich Woods & Trims",Mountain Fern,#2E473B,"Trim, Shutters & Roof Lines","Forest Greens, Rich Woods & Trims tone curated for optimal interior/exterior depth and light reflectance."
SHADE-0556,Most Searched: Exterior of House,"Forest Greens, Rich Woods & Trims",Dark Mahogany,#4D6456,"Trim, Shutters & Roof Lines","Forest Greens, Rich Woods & Trims tone curated for optimal interior/exterior depth and light reflectance."
SHADE-0557,Most Searched: Exterior of House,"Forest Greens, Rich Woods & Trims",Rich Umber,#3E5F5B,"Trim, Shutters & Roof Lines","Forest Greens, Rich Woods & Trims tone curated for optimal interior/exterior depth and light reflectance."
SHADE-0558,Most Searched: Exterior of House,"Forest Greens, Rich Woods & Trims",Conifer Green,#2F5A3D,"Trim, Shutters & Roof Lines","Forest Greens, Rich Woods & Trims tone curated for optimal interior/exterior depth and light reflectance."
SHADE-0559,Most Searched: Exterior of House,"Forest Greens, Rich Woods & Trims",Mossy Boulder,#464848,"Trim, Shutters & Roof Lines","Forest Greens, Rich Woods & Trims tone curated for optimal interior/exterior depth and light reflectance."
SHADE-0560,Most Searched: Exterior of House,"Forest Greens, Rich Woods & Trims",Pine Ridge,#315D41,"Trim, Shutters & Roof Lines","Forest Greens, Rich Woods & Trims tone curated for optimal interior/exterior depth and light reflectance."
SHADE-0561,Most Searched: Exterior of House,"Forest Greens, Rich Woods & Trims",Forest Canopy,#315D41,"Trim, Shutters & Roof Lines","Forest Greens, Rich Woods & Trims tone curated for optimal interior/exterior depth and light reflectance."
SHADE-0562,Most Searched: Exterior of House,"Forest Greens, Rich Woods & Trims",Weathered Cypress,#356349,"Trim, Shutters & Roof Lines","Forest Greens, Rich Woods & Trims tone curated for optimal interior/exterior depth and light reflectance."
SHADE-0563,Most Searched: Exterior of House,"Forest Greens, Rich Woods & Trims",Charcoal Brown,#40623C,"Trim, Shutters & Roof Lines","Forest Greens, Rich Woods & Trims tone curated for optimal interior/exterior depth and light reflectance."
SHADE-0564,Most Searched: Exterior of House,"Forest Greens, Rich Woods & Trims",Burnished Teak,#475B4A,"Trim, Shutters & Roof Lines","Forest Greens, Rich Woods & Trims tone curated for optimal interior/exterior depth and light reflectance."
SHADE-0565,Most Searched: Exterior of House,"Forest Greens, Rich Woods & Trims",Dark Alder,#4C5154,"Trim, Shutters & Roof Lines","Forest Greens, Rich Woods & Trims tone curated for optimal interior/exterior depth and light reflectance."
SHADE-0566,Most Searched: Exterior of House,"Forest Greens, Rich Woods & Trims",Woodsman Green,#2E473B,"Trim, Shutters & Roof Lines","Forest Greens, Rich Woods & Trims tone curated for optimal interior/exterior depth and light reflectance."
SHADE-0567,Most Searched: Exterior of House,"Forest Greens, Rich Woods & Trims",Spruce Bark,#475B4A,"Trim, Shutters & Roof Lines","Forest Greens, Rich Woods & Trims tone curated for optimal interior/exterior depth and light reflectance."
SHADE-0568,Most Searched: Exterior of House,"Forest Greens, Rich Woods & Trims",Dark Elm,#435542,"Trim, Shutters & Roof Lines","Forest Greens, Rich Woods & Trims tone curated for optimal interior/exterior depth and light reflectance."
SHADE-0569,Most Searched: Exterior of House,"Forest Greens, Rich Woods & Trims",Rustic Chestnut,#495E4E,"Trim, Shutters & Roof Lines","Forest Greens, Rich Woods & Trims tone curated for optimal interior/exterior depth and light reflectance."
SHADE-0570,Most Searched: Exterior of House,"Forest Greens, Rich Woods & Trims",Wilderness Pine,#2F5A3D,"Trim, Shutters & Roof Lines","Forest Greens, Rich Woods & Trims tone curated for optimal interior/exterior depth and light reflectance."
SHADE-0571,Most Searched: Exterior of House,"Forest Greens, Rich Woods & Trims",Dark Sycamore,#4F675A,"Trim, Shutters & Roof Lines","Forest Greens, Rich Woods & Trims tone curated for optimal interior/exterior depth and light reflectance."
SHADE-0572,Most Searched: Exterior of House,"Forest Greens, Rich Woods & Trims",Chestnut Bark,#4E5458,"Trim, Shutters & Roof Lines","Forest Greens, Rich Woods & Trims tone curated for optimal interior/exterior depth and light reflectance."
SHADE-0573,Most Searched: Exterior of House,"Forest Greens, Rich Woods & Trims",Evergreen Shadow,#3C5C57,"Trim, Shutters & Roof Lines","Forest Greens, Rich Woods & Trims tone curated for optimal interior/exterior depth and light reflectance."
SHADE-0574,Most Searched: Exterior of House,"Forest Greens, Rich Woods & Trims",Highland Pine,#336045,"Trim, Shutters & Roof Lines","Forest Greens, Rich Woods & Trims tone curated for optimal interior/exterior depth and light reflectance."
SHADE-0575,Most Searched: Exterior of House,"Forest Greens, Rich Woods & Trims",Dark Willow,#396951,"Trim, Shutters & Roof Lines","Forest Greens, Rich Woods & Trims tone curated for optimal interior/exterior depth and light reflectance."
SHADE-0576,Most Searched: Exterior of House,"Forest Greens, Rich Woods & Trims",Deep Juniper Trim,#38564F,"Trim, Shutters & Roof Lines","Forest Greens, Rich Woods & Trims tone curated for optimal interior/exterior depth and light reflectance."
SHADE-0577,Most Searched: Exterior of House,"Forest Greens, Rich Woods & Trims",Smoked Timber,#41523E,"Trim, Shutters & Roof Lines","Forest Greens, Rich Woods & Trims tone curated for optimal interior/exterior depth and light reflectance."
SHADE-0578,Most Searched: Exterior of House,"Forest Greens, Rich Woods & Trims",Tuscan Cypress,#2F5A3D,"Trim, Shutters & Roof Lines","Forest Greens, Rich Woods & Trims tone curated for optimal interior/exterior depth and light reflectance."
SHADE-0579,Most Searched: Exterior of House,"Forest Greens, Rich Woods & Trims",Dark Cedar,#475B4A,"Trim, Shutters & Roof Lines","Forest Greens, Rich Woods & Trims tone curated for optimal interior/exterior depth and light reflectance."
SHADE-0580,Most Searched: Exterior of House,"Forest Greens, Rich Woods & Trims",Alpine Spruce,#41523E,"Trim, Shutters & Roof Lines","Forest Greens, Rich Woods & Trims tone curated for optimal interior/exterior depth and light reflectance."
SHADE-0581,Most Searched: Exterior of House,"Forest Greens, Rich Woods & Trims",Burnt Bronze Trim,#345047,"Trim, Shutters & Roof Lines","Forest Greens, Rich Woods & Trims tone curated for optimal interior/exterior depth and light reflectance."
SHADE-0582,Most Searched: Exterior of House,"Forest Greens, Rich Woods & Trims",Black Spruce,#41523E,"Trim, Shutters & Roof Lines","Forest Greens, Rich Woods & Trims tone curated for optimal interior/exterior depth and light reflectance."
SHADE-0583,Most Searched: Exterior of House,"Forest Greens, Rich Woods & Trims",Woodland Shadow,#2F5A3D,"Trim, Shutters & Roof Lines","Forest Greens, Rich Woods & Trims tone curated for optimal interior/exterior depth and light reflectance."
SHADE-0584,Most Searched: Exterior of House,"Forest Greens, Rich Woods & Trims",Timber Bark,#3F4F5D,"Trim, Shutters & Roof Lines","Forest Greens, Rich Woods & Trims tone curated for optimal interior/exterior depth and light reflectance."
SHADE-0585,Most Searched: Exterior of House,"Forest Greens, Rich Woods & Trims",Rustic Hickory,#304A3F,"Trim, Shutters & Roof Lines","Forest Greens, Rich Woods & Trims tone curated for optimal interior/exterior depth and light reflectance."
SHADE-0586,Most Searched: Exterior of House,"Forest Greens, Rich Woods & Trims",Deep Moss,#2F5A3D,"Trim, Shutters & Roof Lines","Forest Greens, Rich Woods & Trims tone curated for optimal interior/exterior depth and light reflectance."
SHADE-0587,Most Searched: Exterior of House,"Forest Greens, Rich Woods & Trims",Dark Walnut Trim,#3B4955,"Trim, Shutters & Roof Lines","Forest Greens, Rich Woods & Trims tone curated for optimal interior/exterior depth and light reflectance."
SHADE-0588,Most Searched: Exterior of House,"Forest Greens, Rich Woods & Trims",Black Pine,#2F5A3D,"Trim, Shutters & Roof Lines","Forest Greens, Rich Woods & Trims tone curated for optimal interior/exterior depth and light reflectance."
SHADE-0589,Most Searched: Exterior of House,"Forest Greens, Rich Woods & Trims",Forest Lichen,#345047,"Trim, Shutters & Roof Lines","Forest Greens, Rich Woods & Trims tone curated for optimal interior/exterior depth and light reflectance."
SHADE-0590,Most Searched: Exterior of House,"Forest Greens, Rich Woods & Trims",Smoked Cedar,#38564F,"Trim, Shutters & Roof Lines","Forest Greens, Rich Woods & Trims tone curated for optimal interior/exterior depth and light reflectance."
SHADE-0591,Most Searched: Exterior of House,"Forest Greens, Rich Woods & Trims",Dark Canopy,#475B4A,"Trim, Shutters & Roof Lines","Forest Greens, Rich Woods & Trims tone curated for optimal interior/exterior depth and light reflectance."
SHADE-0592,Most Searched: Exterior of House,"Forest Greens, Rich Woods & Trims",Mountain Ash Green,#36534B,"Trim, Shutters & Roof Lines","Forest Greens, Rich Woods & Trims tone curated for optimal interior/exterior depth and light reflectance."
SHADE-0593,Most Searched: Exterior of House,"Forest Greens, Rich Woods & Trims",Burnt Oak,#455846,"Trim, Shutters & Roof Lines","Forest Greens, Rich Woods & Trims tone curated for optimal interior/exterior depth and light reflectance."
SHADE-0594,Most Searched: Exterior of House,"Forest Greens, Rich Woods & Trims",Dark Fir,#40623C,"Trim, Shutters & Roof Lines","Forest Greens, Rich Woods & Trims tone curated for optimal interior/exterior depth and light reflectance."
SHADE-0595,Most Searched: Exterior of House,"Forest Greens, Rich Woods & Trims",Earthy Chestnut,#475B4A,"Trim, Shutters & Roof Lines","Forest Greens, Rich Woods & Trims tone curated for optimal interior/exterior depth and light reflectance."
SHADE-0596,Most Searched: Exterior of House,"Forest Greens, Rich Woods & Trims",Deep Woodland,#3C5C57,"Trim, Shutters & Roof Lines","Forest Greens, Rich Woods & Trims tone curated for optimal interior/exterior depth and light reflectance."
SHADE-0597,Most Searched: Exterior of House,"Forest Greens, Rich Woods & Trims",Cypress Grove,#336045,"Trim, Shutters & Roof Lines","Forest Greens, Rich Woods & Trims tone curated for optimal interior/exterior depth and light reflectance."
SHADE-0598,Most Searched: Exterior of House,"Forest Greens, Rich Woods & Trims",Evergreen Needle,#475B4A,"Trim, Shutters & Roof Lines","Forest Greens, Rich Woods & Trims tone curated for optimal interior/exterior depth and light reflectance."
SHADE-0599,Most Searched: Exterior of House,"Forest Greens, Rich Woods & Trims",Blackened Moss,#4C5154,"Trim, Shutters & Roof Lines","Forest Greens, Rich Woods & Trims tone curated for optimal interior/exterior depth and light reflectance."
SHADE-0600,Most Searched: Exterior of House,"Forest Greens, Rich Woods & Trims",Smoked Forest,#4E5458,"Trim, Shutters & Roof Lines","Forest Greens, Rich Woods & Trims tone curated for optimal interior/exterior depth and light reflectance."
SHADE-0601,Most Searched: Kitchen,Airy Whites & Light Warmers,Bright Bisque,#FFFFF2,Cabinets & Walls,Airy Whites & Light Warmers tone curated for optimal interior/exterior depth and light reflectance.
SHADE-0602,Most Searched: Kitchen,Airy Whites & Light Warmers,Warm Marshmallow,#FFFFFD,Cabinets & Walls,Airy Whites & Light Warmers tone curated for optimal interior/exterior depth and light reflectance.
SHADE-0603,Most Searched: Kitchen,Airy Whites & Light Warmers,Ivory Silk,#FFFFFF,Cabinets & Walls,Airy Whites & Light Warmers tone curated for optimal interior/exterior depth and light reflectance.
SHADE-0604,Most Searched: Kitchen,Airy Whites & Light Warmers,Pure Linen Kitchen,#FFF6FF,Cabinets & Walls,Airy Whites & Light Warmers tone curated for optimal interior/exterior depth and light reflectance.
SHADE-0605,Most Searched: Kitchen,Airy Whites & Light Warmers,Frosted Pearl,#FFFFFF,Cabinets & Walls,Airy Whites & Light Warmers tone curated for optimal interior/exterior depth and light reflectance.
SHADE-0606,Most Searched: Kitchen,Airy Whites & Light Warmers,Sugar Dust,#FFF2F8,Cabinets & Walls,Airy Whites & Light Warmers tone curated for optimal interior/exterior depth and light reflectance.
SHADE-0607,Most Searched: Kitchen,Airy Whites & Light Warmers,Soft Porcelain,#F6F1EB,Cabinets & Walls,Airy Whites & Light Warmers tone curated for optimal interior/exterior depth and light reflectance.
SHADE-0608,Most Searched: Kitchen,Airy Whites & Light Warmers,Vanilla Crêpe,#FFF2F8,Cabinets & Walls,Airy Whites & Light Warmers tone curated for optimal interior/exterior depth and light reflectance.
SHADE-0609,Most Searched: Kitchen,Airy Whites & Light Warmers,Rice Paper White,#FFFCEE,Cabinets & Walls,Airy Whites & Light Warmers tone curated for optimal interior/exterior depth and light reflectance.
SHADE-0610,Most Searched: Kitchen,Airy Whites & Light Warmers,Whipped Cream,#FEFDFB,Cabinets & Walls,Airy Whites & Light Warmers tone curated for optimal interior/exterior depth and light reflectance.
SHADE-0611,Most Searched: Kitchen,Airy Whites & Light Warmers,Chiffon White,#FFF5FC,Cabinets & Walls,Airy Whites & Light Warmers tone curated for optimal interior/exterior depth and light reflectance.
SHADE-0612,Most Searched: Kitchen,Airy Whites & Light Warmers,Light Scone,#FEFDFB,Cabinets & Walls,Airy Whites & Light Warmers tone curated for optimal interior/exterior depth and light reflectance.
SHADE-0613,Most Searched: Kitchen,Airy Whites & Light Warmers,Pale Cream,#FFFFFF,Cabinets & Walls,Airy Whites & Light Warmers tone curated for optimal interior/exterior depth and light reflectance.
SHADE-0614,Most Searched: Kitchen,Airy Whites & Light Warmers,Bleached Butter,#FFFFFD,Cabinets & Walls,Airy Whites & Light Warmers tone curated for optimal interior/exterior depth and light reflectance.
SHADE-0615,Most Searched: Kitchen,Airy Whites & Light Warmers,Morning Milk,#FFFFFF,Cabinets & Walls,Airy Whites & Light Warmers tone curated for optimal interior/exterior depth and light reflectance.
SHADE-0616,Most Searched: Kitchen,Airy Whites & Light Warmers,Pure Flour White,#FFF9FF,Cabinets & Walls,Airy Whites & Light Warmers tone curated for optimal interior/exterior depth and light reflectance.
SHADE-0617,Most Searched: Kitchen,Airy Whites & Light Warmers,Eggshell Cream,#FFFFFA,Cabinets & Walls,Airy Whites & Light Warmers tone curated for optimal interior/exterior depth and light reflectance.
SHADE-0618,Most Searched: Kitchen,Airy Whites & Light Warmers,Cloud White Kitchen,#FAF7F3,Cabinets & Walls,Airy Whites & Light Warmers tone curated for optimal interior/exterior depth and light reflectance.
SHADE-0619,Most Searched: Kitchen,Airy Whites & Light Warmers,Marzipan White,#FFFCEE,Cabinets & Walls,Airy Whites & Light Warmers tone curated for optimal interior/exterior depth and light reflectance.
SHADE-0620,Most Searched: Kitchen,Airy Whites & Light Warmers,Alabaster Silk,#FFF2F8,Cabinets & Walls,Airy Whites & Light Warmers tone curated for optimal interior/exterior depth and light reflectance.
SHADE-0621,Most Searched: Kitchen,Airy Whites & Light Warmers,Coconut Milk,#FFFCEE,Cabinets & Walls,Airy Whites & Light Warmers tone curated for optimal interior/exterior depth and light reflectance.
SHADE-0622,Most Searched: Kitchen,Airy Whites & Light Warmers,Powdered Sugar,#FFFFFF,Cabinets & Walls,Airy Whites & Light Warmers tone curated for optimal interior/exterior depth and light reflectance.
SHADE-0623,Most Searched: Kitchen,Airy Whites & Light Warmers,Vanilla Wafer,#FBFFF5,Cabinets & Walls,Airy Whites & Light Warmers tone curated for optimal interior/exterior depth and light reflectance.
SHADE-0624,Most Searched: Kitchen,Airy Whites & Light Warmers,Soft Brioche,#FFFFFA,Cabinets & Walls,Airy Whites & Light Warmers tone curated for optimal interior/exterior depth and light reflectance.
SHADE-0625,Most Searched: Kitchen,Airy Whites & Light Warmers,Clotted Cream,#FFFFFF,Cabinets & Walls,Airy Whites & Light Warmers tone curated for optimal interior/exterior depth and light reflectance.
SHADE-0626,Most Searched: Kitchen,Airy Whites & Light Warmers,Sweet Almond Milk,#F7FFED,Cabinets & Walls,Airy Whites & Light Warmers tone curated for optimal interior/exterior depth and light reflectance.
SHADE-0627,Most Searched: Kitchen,Airy Whites & Light Warmers,Rice Flower,#FEFDFB,Cabinets & Walls,Airy Whites & Light Warmers tone curated for optimal interior/exterior depth and light reflectance.
SHADE-0628,Most Searched: Kitchen,Airy Whites & Light Warmers,White Sourdough,#FCFAF7,Cabinets & Walls,Airy Whites & Light Warmers tone curated for optimal interior/exterior depth and light reflectance.
SHADE-0629,Most Searched: Kitchen,Airy Whites & Light Warmers,Chantilly Cream,#F6F1EB,Cabinets & Walls,Airy Whites & Light Warmers tone curated for optimal interior/exterior depth and light reflectance.
SHADE-0630,Most Searched: Kitchen,Airy Whites & Light Warmers,Meringue White,#FFFFF2,Cabinets & Walls,Airy Whites & Light Warmers tone curated for optimal interior/exterior depth and light reflectance.
SHADE-0631,Most Searched: Kitchen,Airy Whites & Light Warmers,Buttercream Mist,#FFFFFA,Cabinets & Walls,Airy Whites & Light Warmers tone curated for optimal interior/exterior depth and light reflectance.
SHADE-0632,Most Searched: Kitchen,Airy Whites & Light Warmers,Frosted Glass White,#FFFFFF,Cabinets & Walls,Airy Whites & Light Warmers tone curated for optimal interior/exterior depth and light reflectance.
SHADE-0633,Most Searched: Kitchen,Airy Whites & Light Warmers,Sweet Butter,#FFFFFA,Cabinets & Walls,Airy Whites & Light Warmers tone curated for optimal interior/exterior depth and light reflectance.
SHADE-0634,Most Searched: Kitchen,Airy Whites & Light Warmers,Bakers White,#FFFFF6,Cabinets & Walls,Airy Whites & Light Warmers tone curated for optimal interior/exterior depth and light reflectance.
SHADE-0635,Most Searched: Kitchen,Airy Whites & Light Warmers,Panna Cotta White,#FFFFF4,Cabinets & Walls,Airy Whites & Light Warmers tone curated for optimal interior/exterior depth and light reflectance.
SHADE-0636,Most Searched: Kitchen,Airy Whites & Light Warmers,Cream Drop,#FFFEFF,Cabinets & Walls,Airy Whites & Light Warmers tone curated for optimal interior/exterior depth and light reflectance.
SHADE-0637,Most Searched: Kitchen,Airy Whites & Light Warmers,Pale Macaron,#FFF6FF,Cabinets & Walls,Airy Whites & Light Warmers tone curated for optimal interior/exterior depth and light reflectance.
SHADE-0638,Most Searched: Kitchen,Airy Whites & Light Warmers,Sugar Cookie,#FFFFEC,Cabinets & Walls,Airy Whites & Light Warmers tone curated for optimal interior/exterior depth and light reflectance.
SHADE-0639,Most Searched: Kitchen,Airy Whites & Light Warmers,Warm Condensed Milk,#FFFEFF,Cabinets & Walls,Airy Whites & Light Warmers tone curated for optimal interior/exterior depth and light reflectance.
SHADE-0640,Most Searched: Kitchen,Airy Whites & Light Warmers,Steamed Milk,#FFFFF2,Cabinets & Walls,Airy Whites & Light Warmers tone curated for optimal interior/exterior depth and light reflectance.
SHADE-0641,Most Searched: Kitchen,Airy Whites & Light Warmers,Sweet Ricotta,#F9FFF1,Cabinets & Walls,Airy Whites & Light Warmers tone curated for optimal interior/exterior depth and light reflectance.
SHADE-0642,Most Searched: Kitchen,Airy Whites & Light Warmers,Vanilla Pod,#FFF5FC,Cabinets & Walls,Airy Whites & Light Warmers tone curated for optimal interior/exterior depth and light reflectance.
SHADE-0643,Most Searched: Kitchen,Airy Whites & Light Warmers,Pale Custard White,#FFFFF0,Cabinets & Walls,Airy Whites & Light Warmers tone curated for optimal interior/exterior depth and light reflectance.
SHADE-0644,Most Searched: Kitchen,Airy Whites & Light Warmers,Glazed Porcelain,#F9FFF1,Cabinets & Walls,Airy Whites & Light Warmers tone curated for optimal interior/exterior depth and light reflectance.
SHADE-0645,Most Searched: Kitchen,Airy Whites & Light Warmers,Flour Sack,#FFFFF2,Cabinets & Walls,Airy Whites & Light Warmers tone curated for optimal interior/exterior depth and light reflectance.
SHADE-0646,Most Searched: Kitchen,Airy Whites & Light Warmers,Cotton Candy White,#FFFBFF,Cabinets & Walls,Airy Whites & Light Warmers tone curated for optimal interior/exterior depth and light reflectance.
SHADE-0647,Most Searched: Kitchen,Airy Whites & Light Warmers,Milky Way White,#FFFFF2,Cabinets & Walls,Airy Whites & Light Warmers tone curated for optimal interior/exterior depth and light reflectance.
SHADE-0648,Most Searched: Kitchen,Airy Whites & Light Warmers,Vanilla Bean Cream,#FBFFF5,Cabinets & Walls,Airy Whites & Light Warmers tone curated for optimal interior/exterior depth and light reflectance.
SHADE-0649,Most Searched: Kitchen,Airy Whites & Light Warmers,Porcelain Tile White,#FFFFFF,Cabinets & Walls,Airy Whites & Light Warmers tone curated for optimal interior/exterior depth and light reflectance.
SHADE-0650,Most Searched: Kitchen,Airy Whites & Light Warmers,Soft Marzipan,#FFFBFF,Cabinets & Walls,Airy Whites & Light Warmers tone curated for optimal interior/exterior depth and light reflectance.
SHADE-0651,Most Searched: Kitchen,Airy Whites & Light Warmers,Egg White Haze,#FEFDFB,Cabinets & Walls,Airy Whites & Light Warmers tone curated for optimal interior/exterior depth and light reflectance.
SHADE-0652,Most Searched: Kitchen,Airy Whites & Light Warmers,Sweet Whey,#FFFCEE,Cabinets & Walls,Airy Whites & Light Warmers tone curated for optimal interior/exterior depth and light reflectance.
SHADE-0653,Most Searched: Kitchen,Airy Whites & Light Warmers,Whipped Mousse,#FFFFF2,Cabinets & Walls,Airy Whites & Light Warmers tone curated for optimal interior/exterior depth and light reflectance.
SHADE-0654,Most Searched: Kitchen,Airy Whites & Light Warmers,Frosted Cookie,#F8F4EF,Cabinets & Walls,Airy Whites & Light Warmers tone curated for optimal interior/exterior depth and light reflectance.
SHADE-0655,Most Searched: Kitchen,Airy Whites & Light Warmers,Light Ricotta,#FFFBFF,Cabinets & Walls,Airy Whites & Light Warmers tone curated for optimal interior/exterior depth and light reflectance.
SHADE-0656,Most Searched: Kitchen,Airy Whites & Light Warmers,Pale Semolina,#FFFFF0,Cabinets & Walls,Airy Whites & Light Warmers tone curated for optimal interior/exterior depth and light reflectance.
SHADE-0657,Most Searched: Kitchen,Airy Whites & Light Warmers,Fondant White,#FFFFF6,Cabinets & Walls,Airy Whites & Light Warmers tone curated for optimal interior/exterior depth and light reflectance.
SHADE-0658,Most Searched: Kitchen,Airy Whites & Light Warmers,White Truffle Cream,#FFFFFF,Cabinets & Walls,Airy Whites & Light Warmers tone curated for optimal interior/exterior depth and light reflectance.
SHADE-0659,Most Searched: Kitchen,Airy Whites & Light Warmers,Sugar Glaze,#FEFDFB,Cabinets & Walls,Airy Whites & Light Warmers tone curated for optimal interior/exterior depth and light reflectance.
SHADE-0660,Most Searched: Kitchen,Airy Whites & Light Warmers,Sweet Cream,#FFFFFF,Cabinets & Walls,Airy Whites & Light Warmers tone curated for optimal interior/exterior depth and light reflectance.
SHADE-0661,Most Searched: Kitchen,Airy Whites & Light Warmers,Almond Paste,#FBFFF5,Cabinets & Walls,Airy Whites & Light Warmers tone curated for optimal interior/exterior depth and light reflectance.
SHADE-0662,Most Searched: Kitchen,Airy Whites & Light Warmers,Morning Toast Cream,#FFFFF4,Cabinets & Walls,Airy Whites & Light Warmers tone curated for optimal interior/exterior depth and light reflectance.
SHADE-0663,Most Searched: Kitchen,Airy Whites & Light Warmers,Bakers Dough,#FFFFFF,Cabinets & Walls,Airy Whites & Light Warmers tone curated for optimal interior/exterior depth and light reflectance.
SHADE-0664,Most Searched: Kitchen,Airy Whites & Light Warmers,Crème Fraîche,#FFF8FF,Cabinets & Walls,Airy Whites & Light Warmers tone curated for optimal interior/exterior depth and light reflectance.
SHADE-0665,Most Searched: Kitchen,Airy Whites & Light Warmers,Custard Haze,#FCFAF7,Cabinets & Walls,Airy Whites & Light Warmers tone curated for optimal interior/exterior depth and light reflectance.
SHADE-0666,Most Searched: Kitchen,Airy Whites & Light Warmers,Fluffy Scone,#FFFEFF,Cabinets & Walls,Airy Whites & Light Warmers tone curated for optimal interior/exterior depth and light reflectance.
SHADE-0667,Most Searched: Kitchen,Airy Whites & Light Warmers,Coconut Cream,#FFF8FF,Cabinets & Walls,Airy Whites & Light Warmers tone curated for optimal interior/exterior depth and light reflectance.
SHADE-0668,Most Searched: Kitchen,Airy Whites & Light Warmers,Milky Oat,#FFFFFF,Cabinets & Walls,Airy Whites & Light Warmers tone curated for optimal interior/exterior depth and light reflectance.
SHADE-0669,Most Searched: Kitchen,Airy Whites & Light Warmers,White Pepper,#FFFFF0,Cabinets & Walls,Airy Whites & Light Warmers tone curated for optimal interior/exterior depth and light reflectance.
SHADE-0670,Most Searched: Kitchen,Airy Whites & Light Warmers,Bakers Flour,#FCFAF7,Cabinets & Walls,Airy Whites & Light Warmers tone curated for optimal interior/exterior depth and light reflectance.
SHADE-0671,Most Searched: Kitchen,Airy Whites & Light Warmers,Light Cream Cheese,#FCFAF7,Cabinets & Walls,Airy Whites & Light Warmers tone curated for optimal interior/exterior depth and light reflectance.
SHADE-0672,Most Searched: Kitchen,Airy Whites & Light Warmers,Sweet Vanilla Mist,#FFFFF4,Cabinets & Walls,Airy Whites & Light Warmers tone curated for optimal interior/exterior depth and light reflectance.
SHADE-0673,Most Searched: Kitchen,Airy Whites & Light Warmers,Milk Glass White,#FAF7F3,Cabinets & Walls,Airy Whites & Light Warmers tone curated for optimal interior/exterior depth and light reflectance.
SHADE-0674,Most Searched: Kitchen,Airy Whites & Light Warmers,Frosted Dough,#FFFEFF,Cabinets & Walls,Airy Whites & Light Warmers tone curated for optimal interior/exterior depth and light reflectance.
SHADE-0675,Most Searched: Kitchen,Airy Whites & Light Warmers,Silken Tofu,#FFFFFF,Cabinets & Walls,Airy Whites & Light Warmers tone curated for optimal interior/exterior depth and light reflectance.
SHADE-0676,Most Searched: Kitchen,Cabinet Blues & Deep Coastal,Coastal Slate Blue,#486078,Island & Lower Cabinets,Cabinet Blues & Deep Coastal tone curated for optimal interior/exterior depth and light reflectance.
SHADE-0677,Most Searched: Kitchen,Cabinet Blues & Deep Coastal,Oxford Navy,#2F4C69,Island & Lower Cabinets,Cabinet Blues & Deep Coastal tone curated for optimal interior/exterior depth and light reflectance.
SHADE-0678,Most Searched: Kitchen,Cabinet Blues & Deep Coastal,Deep Sea Glass,#486078,Island & Lower Cabinets,Cabinet Blues & Deep Coastal tone curated for optimal interior/exterior depth and light reflectance.
SHADE-0679,Most Searched: Kitchen,Cabinet Blues & Deep Coastal,Dusty Cobalt,#2D4965,Island & Lower Cabinets,Cabinet Blues & Deep Coastal tone curated for optimal interior/exterior depth and light reflectance.
SHADE-0680,Most Searched: Kitchen,Cabinet Blues & Deep Coastal,Nordic Blue,#465D74,Island & Lower Cabinets,Cabinet Blues & Deep Coastal tone curated for optimal interior/exterior depth and light reflectance.
SHADE-0681,Most Searched: Kitchen,Cabinet Blues & Deep Coastal,Whale Blue,#474D76,Island & Lower Cabinets,Cabinet Blues & Deep Coastal tone curated for optimal interior/exterior depth and light reflectance.
SHADE-0682,Most Searched: Kitchen,Cabinet Blues & Deep Coastal,Indigo Chalk,#2A565F,Island & Lower Cabinets,Cabinet Blues & Deep Coastal tone curated for optimal interior/exterior depth and light reflectance.
SHADE-0683,Most Searched: Kitchen,Cabinet Blues & Deep Coastal,Airway Blue,#274059,Island & Lower Cabinets,Cabinet Blues & Deep Coastal tone curated for optimal interior/exterior depth and light reflectance.
SHADE-0684,Most Searched: Kitchen,Cabinet Blues & Deep Coastal,Regatta Navy,#474D76,Island & Lower Cabinets,Cabinet Blues & Deep Coastal tone curated for optimal interior/exterior depth and light reflectance.
SHADE-0685,Most Searched: Kitchen,Cabinet Blues & Deep Coastal,Delft Blue,#3F4166,Island & Lower Cabinets,Cabinet Blues & Deep Coastal tone curated for optimal interior/exterior depth and light reflectance.
SHADE-0686,Most Searched: Kitchen,Cabinet Blues & Deep Coastal,Vintage Teal,#32626F,Island & Lower Cabinets,Cabinet Blues & Deep Coastal tone curated for optimal interior/exterior depth and light reflectance.
SHADE-0687,Most Searched: Kitchen,Cabinet Blues & Deep Coastal,Faded Denim Kitchen,#474D76,Island & Lower Cabinets,Cabinet Blues & Deep Coastal tone curated for optimal interior/exterior depth and light reflectance.
SHADE-0688,Most Searched: Kitchen,Cabinet Blues & Deep Coastal,Blue Chalk,#3D6162,Island & Lower Cabinets,Cabinet Blues & Deep Coastal tone curated for optimal interior/exterior depth and light reflectance.
SHADE-0689,Most Searched: Kitchen,Cabinet Blues & Deep Coastal,Steel Marine,#486078,Island & Lower Cabinets,Cabinet Blues & Deep Coastal tone curated for optimal interior/exterior depth and light reflectance.
SHADE-0690,Most Searched: Kitchen,Cabinet Blues & Deep Coastal,Deep Regatta,#454A72,Island & Lower Cabinets,Cabinet Blues & Deep Coastal tone curated for optimal interior/exterior depth and light reflectance.
SHADE-0691,Most Searched: Kitchen,Cabinet Blues & Deep Coastal,Sea Mist Dark,#38487B,Island & Lower Cabinets,Cabinet Blues & Deep Coastal tone curated for optimal interior/exterior depth and light reflectance.
SHADE-0692,Most Searched: Kitchen,Cabinet Blues & Deep Coastal,Harbor Stone Blue,#465D74,Island & Lower Cabinets,Cabinet Blues & Deep Coastal tone curated for optimal interior/exterior depth and light reflectance.
SHADE-0693,Most Searched: Kitchen,Cabinet Blues & Deep Coastal,Sailor Blue,#2A565F,Island & Lower Cabinets,Cabinet Blues & Deep Coastal tone curated for optimal interior/exterior depth and light reflectance.
SHADE-0694,Most Searched: Kitchen,Cabinet Blues & Deep Coastal,Maritime Fog Blue,#454A72,Island & Lower Cabinets,Cabinet Blues & Deep Coastal tone curated for optimal interior/exterior depth and light reflectance.
SHADE-0695,Most Searched: Kitchen,Cabinet Blues & Deep Coastal,Arctic Depth,#3E5164,Island & Lower Cabinets,Cabinet Blues & Deep Coastal tone curated for optimal interior/exterior depth and light reflectance.
SHADE-0696,Most Searched: Kitchen,Cabinet Blues & Deep Coastal,Deep Ink Navy,#42576C,Island & Lower Cabinets,Cabinet Blues & Deep Coastal tone curated for optimal interior/exterior depth and light reflectance.
SHADE-0697,Most Searched: Kitchen,Cabinet Blues & Deep Coastal,Cobalt Glaze,#314F6D,Island & Lower Cabinets,Cabinet Blues & Deep Coastal tone curated for optimal interior/exterior depth and light reflectance.
SHADE-0698,Most Searched: Kitchen,Cabinet Blues & Deep Coastal,Coastal Fjord,#474D76,Island & Lower Cabinets,Cabinet Blues & Deep Coastal tone curated for optimal interior/exterior depth and light reflectance.
SHADE-0699,Most Searched: Kitchen,Cabinet Blues & Deep Coastal,Submarine Blue,#43476E,Island & Lower Cabinets,Cabinet Blues & Deep Coastal tone curated for optimal interior/exterior depth and light reflectance.
SHADE-0700,Most Searched: Kitchen,Cabinet Blues & Deep Coastal,Dusk Navy,#344273,Island & Lower Cabinets,Cabinet Blues & Deep Coastal tone curated for optimal interior/exterior depth and light reflectance.
SHADE-0701,Most Searched: Kitchen,Cabinet Blues & Deep Coastal,Peacock Plume Blue,#305F6B,Island & Lower Cabinets,Cabinet Blues & Deep Coastal tone curated for optimal interior/exterior depth and light reflectance.
SHADE-0702,Most Searched: Kitchen,Cabinet Blues & Deep Coastal,Ocean Storm,#445A70,Island & Lower Cabinets,Cabinet Blues & Deep Coastal tone curated for optimal interior/exterior depth and light reflectance.
SHADE-0703,Most Searched: Kitchen,Cabinet Blues & Deep Coastal,Midnight Blue Island,#445A70,Island & Lower Cabinets,Cabinet Blues & Deep Coastal tone curated for optimal interior/exterior depth and light reflectance.
SHADE-0704,Most Searched: Kitchen,Cabinet Blues & Deep Coastal,Slate Marine,#465D74,Island & Lower Cabinets,Cabinet Blues & Deep Coastal tone curated for optimal interior/exterior depth and light reflectance.
SHADE-0705,Most Searched: Kitchen,Cabinet Blues & Deep Coastal,Admiral Navy,#474D76,Island & Lower Cabinets,Cabinet Blues & Deep Coastal tone curated for optimal interior/exterior depth and light reflectance.
SHADE-0706,Most Searched: Kitchen,Cabinet Blues & Deep Coastal,Classic Navy Island,#32626F,Island & Lower Cabinets,Cabinet Blues & Deep Coastal tone curated for optimal interior/exterior depth and light reflectance.
SHADE-0707,Most Searched: Kitchen,Cabinet Blues & Deep Coastal,Deep Ocean Wave,#49507A,Island & Lower Cabinets,Cabinet Blues & Deep Coastal tone curated for optimal interior/exterior depth and light reflectance.
SHADE-0708,Most Searched: Kitchen,Cabinet Blues & Deep Coastal,Smoky Indigo,#43476E,Island & Lower Cabinets,Cabinet Blues & Deep Coastal tone curated for optimal interior/exterior depth and light reflectance.
SHADE-0709,Most Searched: Kitchen,Cabinet Blues & Deep Coastal,Sapphire Shadow,#454A72,Island & Lower Cabinets,Cabinet Blues & Deep Coastal tone curated for optimal interior/exterior depth and light reflectance.
SHADE-0710,Most Searched: Kitchen,Cabinet Blues & Deep Coastal,Captains Blue,#454A72,Island & Lower Cabinets,Cabinet Blues & Deep Coastal tone curated for optimal interior/exterior depth and light reflectance.
SHADE-0711,Most Searched: Kitchen,Cabinet Blues & Deep Coastal,Deep Tide,#465D74,Island & Lower Cabinets,Cabinet Blues & Deep Coastal tone curated for optimal interior/exterior depth and light reflectance.
SHADE-0712,Most Searched: Kitchen,Cabinet Blues & Deep Coastal,Dark Cerulean,#49507A,Island & Lower Cabinets,Cabinet Blues & Deep Coastal tone curated for optimal interior/exterior depth and light reflectance.
SHADE-0713,Most Searched: Kitchen,Cabinet Blues & Deep Coastal,Chesapeake Blue,#375879,Island & Lower Cabinets,Cabinet Blues & Deep Coastal tone curated for optimal interior/exterior depth and light reflectance.
SHADE-0714,Most Searched: Kitchen,Cabinet Blues & Deep Coastal,Yacht Club Navy,#344273,Island & Lower Cabinets,Cabinet Blues & Deep Coastal tone curated for optimal interior/exterior depth and light reflectance.
SHADE-0715,Most Searched: Kitchen,Cabinet Blues & Deep Coastal,Fjord Slate,#2B4661,Island & Lower Cabinets,Cabinet Blues & Deep Coastal tone curated for optimal interior/exterior depth and light reflectance.
SHADE-0716,Most Searched: Kitchen,Cabinet Blues & Deep Coastal,Nautical Midnight,#29435D,Island & Lower Cabinets,Cabinet Blues & Deep Coastal tone curated for optimal interior/exterior depth and light reflectance.
SHADE-0717,Most Searched: Kitchen,Cabinet Blues & Deep Coastal,Atlantic Blue,#38487B,Island & Lower Cabinets,Cabinet Blues & Deep Coastal tone curated for optimal interior/exterior depth and light reflectance.
SHADE-0718,Most Searched: Kitchen,Cabinet Blues & Deep Coastal,Deep Water Navy,#3D6162,Island & Lower Cabinets,Cabinet Blues & Deep Coastal tone curated for optimal interior/exterior depth and light reflectance.
SHADE-0719,Most Searched: Kitchen,Cabinet Blues & Deep Coastal,Moody Teal Blue,#41446A,Island & Lower Cabinets,Cabinet Blues & Deep Coastal tone curated for optimal interior/exterior depth and light reflectance.
SHADE-0720,Most Searched: Kitchen,Cabinet Blues & Deep Coastal,Pacific Depths,#2A565F,Island & Lower Cabinets,Cabinet Blues & Deep Coastal tone curated for optimal interior/exterior depth and light reflectance.
SHADE-0721,Most Searched: Kitchen,Cabinet Blues & Deep Coastal,Bermuda Blue,#375879,Island & Lower Cabinets,Cabinet Blues & Deep Coastal tone curated for optimal interior/exterior depth and light reflectance.
SHADE-0722,Most Searched: Kitchen,Cabinet Blues & Deep Coastal,Blue Suede,#375879,Island & Lower Cabinets,Cabinet Blues & Deep Coastal tone curated for optimal interior/exterior depth and light reflectance.
SHADE-0723,Most Searched: Kitchen,Cabinet Blues & Deep Coastal,Slate River,#405468,Island & Lower Cabinets,Cabinet Blues & Deep Coastal tone curated for optimal interior/exterior depth and light reflectance.
SHADE-0724,Most Searched: Kitchen,Cabinet Blues & Deep Coastal,Dark Chambray,#474D76,Island & Lower Cabinets,Cabinet Blues & Deep Coastal tone curated for optimal interior/exterior depth and light reflectance.
SHADE-0725,Most Searched: Kitchen,Cabinet Blues & Deep Coastal,Deep Harbor,#3E5164,Island & Lower Cabinets,Cabinet Blues & Deep Coastal tone curated for optimal interior/exterior depth and light reflectance.
SHADE-0726,Most Searched: Kitchen,Cabinet Blues & Deep Coastal,Cast Iron Blue,#3C4E60,Island & Lower Cabinets,Cabinet Blues & Deep Coastal tone curated for optimal interior/exterior depth and light reflectance.
SHADE-0727,Most Searched: Kitchen,Cabinet Blues & Deep Coastal,Naval Base,#38487B,Island & Lower Cabinets,Cabinet Blues & Deep Coastal tone curated for optimal interior/exterior depth and light reflectance.
SHADE-0728,Most Searched: Kitchen,Cabinet Blues & Deep Coastal,Dark Abyssal Blue,#474D76,Island & Lower Cabinets,Cabinet Blues & Deep Coastal tone curated for optimal interior/exterior depth and light reflectance.
SHADE-0729,Most Searched: Kitchen,Cabinet Blues & Deep Coastal,Sailors Knot,#454A72,Island & Lower Cabinets,Cabinet Blues & Deep Coastal tone curated for optimal interior/exterior depth and light reflectance.
SHADE-0730,Most Searched: Kitchen,Cabinet Blues & Deep Coastal,Coastal Storm,#344273,Island & Lower Cabinets,Cabinet Blues & Deep Coastal tone curated for optimal interior/exterior depth and light reflectance.
SHADE-0731,Most Searched: Kitchen,Cabinet Blues & Deep Coastal,Deep Indigo Trim,#41446A,Island & Lower Cabinets,Cabinet Blues & Deep Coastal tone curated for optimal interior/exterior depth and light reflectance.
SHADE-0732,Most Searched: Kitchen,Cabinet Blues & Deep Coastal,Smoked Navy,#2D4965,Island & Lower Cabinets,Cabinet Blues & Deep Coastal tone curated for optimal interior/exterior depth and light reflectance.
SHADE-0733,Most Searched: Kitchen,Cabinet Blues & Deep Coastal,Nightfall Marine,#41446A,Island & Lower Cabinets,Cabinet Blues & Deep Coastal tone curated for optimal interior/exterior depth and light reflectance.
SHADE-0734,Most Searched: Kitchen,Cabinet Blues & Deep Coastal,Ocean Floor Navy,#2A565F,Island & Lower Cabinets,Cabinet Blues & Deep Coastal tone curated for optimal interior/exterior depth and light reflectance.
SHADE-0735,Most Searched: Kitchen,Cabinet Blues & Deep Coastal,Moody Sapphire,#454A72,Island & Lower Cabinets,Cabinet Blues & Deep Coastal tone curated for optimal interior/exterior depth and light reflectance.
SHADE-0736,Most Searched: Kitchen,Cabinet Blues & Deep Coastal,Dark Tide Pool,#2A565F,Island & Lower Cabinets,Cabinet Blues & Deep Coastal tone curated for optimal interior/exterior depth and light reflectance.
SHADE-0737,Most Searched: Kitchen,Cabinet Blues & Deep Coastal,Marine Velvet,#2A565F,Island & Lower Cabinets,Cabinet Blues & Deep Coastal tone curated for optimal interior/exterior depth and light reflectance.
SHADE-0738,Most Searched: Kitchen,Cabinet Blues & Deep Coastal,Deep Lagoon,#445A70,Island & Lower Cabinets,Cabinet Blues & Deep Coastal tone curated for optimal interior/exterior depth and light reflectance.
SHADE-0739,Most Searched: Kitchen,Cabinet Blues & Deep Coastal,Regal Navy,#355575,Island & Lower Cabinets,Cabinet Blues & Deep Coastal tone curated for optimal interior/exterior depth and light reflectance.
SHADE-0740,Most Searched: Kitchen,Cabinet Blues & Deep Coastal,Deep Maritime,#2A565F,Island & Lower Cabinets,Cabinet Blues & Deep Coastal tone curated for optimal interior/exterior depth and light reflectance.
SHADE-0741,Most Searched: Kitchen,Cabinet Blues & Deep Coastal,Bleached Navy,#454A72,Island & Lower Cabinets,Cabinet Blues & Deep Coastal tone curated for optimal interior/exterior depth and light reflectance.
SHADE-0742,Most Searched: Kitchen,Cabinet Blues & Deep Coastal,Shadow Harbor,#465D74,Island & Lower Cabinets,Cabinet Blues & Deep Coastal tone curated for optimal interior/exterior depth and light reflectance.
SHADE-0743,Most Searched: Kitchen,Cabinet Blues & Deep Coastal,Midnight Sea,#3D6162,Island & Lower Cabinets,Cabinet Blues & Deep Coastal tone curated for optimal interior/exterior depth and light reflectance.
SHADE-0744,Most Searched: Kitchen,Cabinet Blues & Deep Coastal,Blue Cast Iron,#32626F,Island & Lower Cabinets,Cabinet Blues & Deep Coastal tone curated for optimal interior/exterior depth and light reflectance.
SHADE-0745,Most Searched: Kitchen,Cabinet Blues & Deep Coastal,Deep Marina,#3D6162,Island & Lower Cabinets,Cabinet Blues & Deep Coastal tone curated for optimal interior/exterior depth and light reflectance.
SHADE-0746,Most Searched: Kitchen,Cabinet Blues & Deep Coastal,Navy Bean Blue,#3E5164,Island & Lower Cabinets,Cabinet Blues & Deep Coastal tone curated for optimal interior/exterior depth and light reflectance.
SHADE-0747,Most Searched: Kitchen,Cabinet Blues & Deep Coastal,Indigo Shadow,#3B5E5E,Island & Lower Cabinets,Cabinet Blues & Deep Coastal tone curated for optimal interior/exterior depth and light reflectance.
SHADE-0748,Most Searched: Kitchen,Cabinet Blues & Deep Coastal,Deep Coastal Sky,#28535B,Island & Lower Cabinets,Cabinet Blues & Deep Coastal tone curated for optimal interior/exterior depth and light reflectance.
SHADE-0749,Most Searched: Kitchen,Cabinet Blues & Deep Coastal,Glacier Abyss,#2A565F,Island & Lower Cabinets,Cabinet Blues & Deep Coastal tone curated for optimal interior/exterior depth and light reflectance.
SHADE-0750,Most Searched: Kitchen,Cabinet Blues & Deep Coastal,Naval Twilight,#3C4E60,Island & Lower Cabinets,Cabinet Blues & Deep Coastal tone curated for optimal interior/exterior depth and light reflectance.
SHADE-0751,Most Searched: Kitchen,Fresh Culinary & Biophilic Greens,Mint Crème,#82A18E,"Pantry, Accents & Cabinets",Fresh Culinary & Biophilic Greens tone curated for optimal interior/exterior depth and light reflectance.
SHADE-0752,Most Searched: Kitchen,Fresh Culinary & Biophilic Greens,Pistachio Haze,#879798,"Pantry, Accents & Cabinets",Fresh Culinary & Biophilic Greens tone curated for optimal interior/exterior depth and light reflectance.
SHADE-0753,Most Searched: Kitchen,Fresh Culinary & Biophilic Greens,Pale Rosemary,#83B490,"Pantry, Accents & Cabinets",Fresh Culinary & Biophilic Greens tone curated for optimal interior/exterior depth and light reflectance.
SHADE-0754,Most Searched: Kitchen,Fresh Culinary & Biophilic Greens,Sageleaf Kitchen,#79A57C,"Pantry, Accents & Cabinets",Fresh Culinary & Biophilic Greens tone curated for optimal interior/exterior depth and light reflectance.
SHADE-0755,Most Searched: Kitchen,Fresh Culinary & Biophilic Greens,Eucalyptus Leaf,#7DAB84,"Pantry, Accents & Cabinets",Fresh Culinary & Biophilic Greens tone curated for optimal interior/exterior depth and light reflectance.
SHADE-0756,Most Searched: Kitchen,Fresh Culinary & Biophilic Greens,Celery Dust,#99B299,"Pantry, Accents & Cabinets",Fresh Culinary & Biophilic Greens tone curated for optimal interior/exterior depth and light reflectance.
SHADE-0757,Most Searched: Kitchen,Fresh Culinary & Biophilic Greens,Light Olive Oil,#8DA081,"Pantry, Accents & Cabinets",Fresh Culinary & Biophilic Greens tone curated for optimal interior/exterior depth and light reflectance.
SHADE-0758,Most Searched: Kitchen,Fresh Culinary & Biophilic Greens,Tarragon Mist,#99B299,"Pantry, Accents & Cabinets",Fresh Culinary & Biophilic Greens tone curated for optimal interior/exterior depth and light reflectance.
SHADE-0759,Most Searched: Kitchen,Fresh Culinary & Biophilic Greens,Green Tea Frost,#7BA880,"Pantry, Accents & Cabinets",Fresh Culinary & Biophilic Greens tone curated for optimal interior/exterior depth and light reflectance.
SHADE-0760,Most Searched: Kitchen,Fresh Culinary & Biophilic Greens,Basil Tint,#909387,"Pantry, Accents & Cabinets",Fresh Culinary & Biophilic Greens tone curated for optimal interior/exterior depth and light reflectance.
SHADE-0761,Most Searched: Kitchen,Fresh Culinary & Biophilic Greens,Matcha Foam,#95AC91,"Pantry, Accents & Cabinets",Fresh Culinary & Biophilic Greens tone curated for optimal interior/exterior depth and light reflectance.
SHADE-0762,Most Searched: Kitchen,Fresh Culinary & Biophilic Greens,Pale Kiwi,#88AA9A,"Pantry, Accents & Cabinets",Fresh Culinary & Biophilic Greens tone curated for optimal interior/exterior depth and light reflectance.
SHADE-0763,Most Searched: Kitchen,Fresh Culinary & Biophilic Greens,Thyme Butter,#8B9D7D,"Pantry, Accents & Cabinets",Fresh Culinary & Biophilic Greens tone curated for optimal interior/exterior depth and light reflectance.
SHADE-0764,Most Searched: Kitchen,Fresh Culinary & Biophilic Greens,Herbal Milk,#97AF95,"Pantry, Accents & Cabinets",Fresh Culinary & Biophilic Greens tone curated for optimal interior/exterior depth and light reflectance.
SHADE-0765,Most Searched: Kitchen,Fresh Culinary & Biophilic Greens,Seafoam Cream,#9AA29B,"Pantry, Accents & Cabinets",Fresh Culinary & Biophilic Greens tone curated for optimal interior/exterior depth and light reflectance.
SHADE-0766,Most Searched: Kitchen,Fresh Culinary & Biophilic Greens,Spring Sprouts,#84A492,"Pantry, Accents & Cabinets",Fresh Culinary & Biophilic Greens tone curated for optimal interior/exterior depth and light reflectance.
SHADE-0767,Most Searched: Kitchen,Fresh Culinary & Biophilic Greens,Washed Moss,#859494,"Pantry, Accents & Cabinets",Fresh Culinary & Biophilic Greens tone curated for optimal interior/exterior depth and light reflectance.
SHADE-0768,Most Searched: Kitchen,Fresh Culinary & Biophilic Greens,French Celadon,#9AA29B,"Pantry, Accents & Cabinets",Fresh Culinary & Biophilic Greens tone curated for optimal interior/exterior depth and light reflectance.
SHADE-0769,Most Searched: Kitchen,Fresh Culinary & Biophilic Greens,Crisp Cucumber,#79A57C,"Pantry, Accents & Cabinets",Fresh Culinary & Biophilic Greens tone curated for optimal interior/exterior depth and light reflectance.
SHADE-0770,Most Searched: Kitchen,Fresh Culinary & Biophilic Greens,Dill Blossom,#81B18C,"Pantry, Accents & Cabinets",Fresh Culinary & Biophilic Greens tone curated for optimal interior/exterior depth and light reflectance.
SHADE-0771,Most Searched: Kitchen,Fresh Culinary & Biophilic Greens,Sweet Pea Green,#92968B,"Pantry, Accents & Cabinets",Fresh Culinary & Biophilic Greens tone curated for optimal interior/exterior depth and light reflectance.
SHADE-0772,Most Searched: Kitchen,Fresh Culinary & Biophilic Greens,Avocado Puree,#84A492,"Pantry, Accents & Cabinets",Fresh Culinary & Biophilic Greens tone curated for optimal interior/exterior depth and light reflectance.
SHADE-0773,Most Searched: Kitchen,Fresh Culinary & Biophilic Greens,Green Olive Tint,#83B490,"Pantry, Accents & Cabinets",Fresh Culinary & Biophilic Greens tone curated for optimal interior/exterior depth and light reflectance.
SHADE-0774,Most Searched: Kitchen,Fresh Culinary & Biophilic Greens,Bay Laurel Leaf,#859494,"Pantry, Accents & Cabinets",Fresh Culinary & Biophilic Greens tone curated for optimal interior/exterior depth and light reflectance.
SHADE-0775,Most Searched: Kitchen,Fresh Culinary & Biophilic Greens,Rosemary Foam,#7C9882,"Pantry, Accents & Cabinets",Fresh Culinary & Biophilic Greens tone curated for optimal interior/exterior depth and light reflectance.
SHADE-0776,Most Searched: Kitchen,Fresh Culinary & Biophilic Greens,Crisp Spearmint,#97AF95,"Pantry, Accents & Cabinets",Fresh Culinary & Biophilic Greens tone curated for optimal interior/exterior depth and light reflectance.
SHADE-0777,Most Searched: Kitchen,Fresh Culinary & Biophilic Greens,Fresh Chive,#8AAD7B,"Pantry, Accents & Cabinets",Fresh Culinary & Biophilic Greens tone curated for optimal interior/exterior depth and light reflectance.
SHADE-0778,Most Searched: Kitchen,Fresh Culinary & Biophilic Greens,Sage Butter,#7DAB84,"Pantry, Accents & Cabinets",Fresh Culinary & Biophilic Greens tone curated for optimal interior/exterior depth and light reflectance.
SHADE-0779,Most Searched: Kitchen,Fresh Culinary & Biophilic Greens,Light Artichoke,#7BA880,"Pantry, Accents & Cabinets",Fresh Culinary & Biophilic Greens tone curated for optimal interior/exterior depth and light reflectance.
SHADE-0780,Most Searched: Kitchen,Fresh Culinary & Biophilic Greens,Earthy Matcha,#989F97,"Pantry, Accents & Cabinets",Fresh Culinary & Biophilic Greens tone curated for optimal interior/exterior depth and light reflectance.
SHADE-0781,Most Searched: Kitchen,Fresh Culinary & Biophilic Greens,Sweet Basil,#7C9882,"Pantry, Accents & Cabinets",Fresh Culinary & Biophilic Greens tone curated for optimal interior/exterior depth and light reflectance.
SHADE-0782,Most Searched: Kitchen,Fresh Culinary & Biophilic Greens,Pale Lemongrass Kitchen,#989F97,"Pantry, Accents & Cabinets",Fresh Culinary & Biophilic Greens tone curated for optimal interior/exterior depth and light reflectance.
SHADE-0783,Most Searched: Kitchen,Fresh Culinary & Biophilic Greens,Sprout Green,#969C93,"Pantry, Accents & Cabinets",Fresh Culinary & Biophilic Greens tone curated for optimal interior/exterior depth and light reflectance.
SHADE-0784,Most Searched: Kitchen,Fresh Culinary & Biophilic Greens,Watercress Tint,#8B9D7D,"Pantry, Accents & Cabinets",Fresh Culinary & Biophilic Greens tone curated for optimal interior/exterior depth and light reflectance.
SHADE-0785,Most Searched: Kitchen,Fresh Culinary & Biophilic Greens,Cucumber Foam,#909387,"Pantry, Accents & Cabinets",Fresh Culinary & Biophilic Greens tone curated for optimal interior/exterior depth and light reflectance.
SHADE-0786,Most Searched: Kitchen,Fresh Culinary & Biophilic Greens,Matcha Latte,#859494,"Pantry, Accents & Cabinets",Fresh Culinary & Biophilic Greens tone curated for optimal interior/exterior depth and light reflectance.
SHADE-0787,Most Searched: Kitchen,Fresh Culinary & Biophilic Greens,Fresh Tarragon,#97AF95,"Pantry, Accents & Cabinets",Fresh Culinary & Biophilic Greens tone curated for optimal interior/exterior depth and light reflectance.
SHADE-0788,Most Searched: Kitchen,Fresh Culinary & Biophilic Greens,Green Cardamom,#7BA880,"Pantry, Accents & Cabinets",Fresh Culinary & Biophilic Greens tone curated for optimal interior/exterior depth and light reflectance.
SHADE-0789,Most Searched: Kitchen,Fresh Culinary & Biophilic Greens,Herbal Infusion,#859494,"Pantry, Accents & Cabinets",Fresh Culinary & Biophilic Greens tone curated for optimal interior/exterior depth and light reflectance.
SHADE-0790,Most Searched: Kitchen,Fresh Culinary & Biophilic Greens,Cilantro Seed,#82A18E,"Pantry, Accents & Cabinets",Fresh Culinary & Biophilic Greens tone curated for optimal interior/exterior depth and light reflectance.
SHADE-0791,Most Searched: Kitchen,Fresh Culinary & Biophilic Greens,Kaffir Lime Leaf,#91A689,"Pantry, Accents & Cabinets",Fresh Culinary & Biophilic Greens tone curated for optimal interior/exterior depth and light reflectance.
SHADE-0792,Most Searched: Kitchen,Fresh Culinary & Biophilic Greens,Peppermint Cream,#81B18C,"Pantry, Accents & Cabinets",Fresh Culinary & Biophilic Greens tone curated for optimal interior/exterior depth and light reflectance.
SHADE-0793,Most Searched: Kitchen,Fresh Culinary & Biophilic Greens,Light Pesto,#7C9882,"Pantry, Accents & Cabinets",Fresh Culinary & Biophilic Greens tone curated for optimal interior/exterior depth and light reflectance.
SHADE-0794,Most Searched: Kitchen,Fresh Culinary & Biophilic Greens,Parsley Flake,#7DAB84,"Pantry, Accents & Cabinets",Fresh Culinary & Biophilic Greens tone curated for optimal interior/exterior depth and light reflectance.
SHADE-0795,Most Searched: Kitchen,Fresh Culinary & Biophilic Greens,Sweet Thyme,#84A492,"Pantry, Accents & Cabinets",Fresh Culinary & Biophilic Greens tone curated for optimal interior/exterior depth and light reflectance.
SHADE-0796,Most Searched: Kitchen,Fresh Culinary & Biophilic Greens,Olive Puree,#86A796,"Pantry, Accents & Cabinets",Fresh Culinary & Biophilic Greens tone curated for optimal interior/exterior depth and light reflectance.
SHADE-0797,Most Searched: Kitchen,Fresh Culinary & Biophilic Greens,Celery Seed Green,#8B9D7D,"Pantry, Accents & Cabinets",Fresh Culinary & Biophilic Greens tone curated for optimal interior/exterior depth and light reflectance.
SHADE-0798,Most Searched: Kitchen,Fresh Culinary & Biophilic Greens,Botanical Sage,#7E9B86,"Pantry, Accents & Cabinets",Fresh Culinary & Biophilic Greens tone curated for optimal interior/exterior depth and light reflectance.
SHADE-0799,Most Searched: Kitchen,Fresh Culinary & Biophilic Greens,Green Herb Butter,#9AA29B,"Pantry, Accents & Cabinets",Fresh Culinary & Biophilic Greens tone curated for optimal interior/exterior depth and light reflectance.
SHADE-0800,Most Searched: Kitchen,Fresh Culinary & Biophilic Greens,Soft Spearmint,#92968B,"Pantry, Accents & Cabinets",Fresh Culinary & Biophilic Greens tone curated for optimal interior/exterior depth and light reflectance.
SHADE-0801,Most Searched: Kitchen,Fresh Culinary & Biophilic Greens,Avocado Silk,#7C9882,"Pantry, Accents & Cabinets",Fresh Culinary & Biophilic Greens tone curated for optimal interior/exterior depth and light reflectance.
SHADE-0802,Most Searched: Kitchen,Fresh Culinary & Biophilic Greens,Crisp Mint Leaf,#91A689,"Pantry, Accents & Cabinets",Fresh Culinary & Biophilic Greens tone curated for optimal interior/exterior depth and light reflectance.
SHADE-0803,Most Searched: Kitchen,Fresh Culinary & Biophilic Greens,Fresh Fennel,#91A689,"Pantry, Accents & Cabinets",Fresh Culinary & Biophilic Greens tone curated for optimal interior/exterior depth and light reflectance.
SHADE-0804,Most Searched: Kitchen,Fresh Culinary & Biophilic Greens,Artichoke Green,#81B18C,"Pantry, Accents & Cabinets",Fresh Culinary & Biophilic Greens tone curated for optimal interior/exterior depth and light reflectance.
SHADE-0805,Most Searched: Kitchen,Fresh Culinary & Biophilic Greens,Oregano Leaf,#88AA9A,"Pantry, Accents & Cabinets",Fresh Culinary & Biophilic Greens tone curated for optimal interior/exterior depth and light reflectance.
SHADE-0806,Most Searched: Kitchen,Fresh Culinary & Biophilic Greens,Muted Pistachio,#989F97,"Pantry, Accents & Cabinets",Fresh Culinary & Biophilic Greens tone curated for optimal interior/exterior depth and light reflectance.
SHADE-0807,Most Searched: Kitchen,Fresh Culinary & Biophilic Greens,Sweet Celadon,#969C93,"Pantry, Accents & Cabinets",Fresh Culinary & Biophilic Greens tone curated for optimal interior/exterior depth and light reflectance.
SHADE-0808,Most Searched: Kitchen,Fresh Culinary & Biophilic Greens,Lime Blossom,#95AC91,"Pantry, Accents & Cabinets",Fresh Culinary & Biophilic Greens tone curated for optimal interior/exterior depth and light reflectance.
SHADE-0809,Most Searched: Kitchen,Fresh Culinary & Biophilic Greens,Spring Asparagus,#7FAE88,"Pantry, Accents & Cabinets",Fresh Culinary & Biophilic Greens tone curated for optimal interior/exterior depth and light reflectance.
SHADE-0810,Most Searched: Kitchen,Fresh Culinary & Biophilic Greens,Wild Marjoram,#83B490,"Pantry, Accents & Cabinets",Fresh Culinary & Biophilic Greens tone curated for optimal interior/exterior depth and light reflectance.
SHADE-0811,Most Searched: Kitchen,Fresh Culinary & Biophilic Greens,French Herb Green,#7FAE88,"Pantry, Accents & Cabinets",Fresh Culinary & Biophilic Greens tone curated for optimal interior/exterior depth and light reflectance.
SHADE-0812,Most Searched: Kitchen,Fresh Culinary & Biophilic Greens,Crisp Arugula,#81B18C,"Pantry, Accents & Cabinets",Fresh Culinary & Biophilic Greens tone curated for optimal interior/exterior depth and light reflectance.
SHADE-0813,Most Searched: Kitchen,Fresh Culinary & Biophilic Greens,Fresh Dill Leaf,#92968B,"Pantry, Accents & Cabinets",Fresh Culinary & Biophilic Greens tone curated for optimal interior/exterior depth and light reflectance.
SHADE-0814,Most Searched: Kitchen,Fresh Culinary & Biophilic Greens,Balsam Mint,#7E9B86,"Pantry, Accents & Cabinets",Fresh Culinary & Biophilic Greens tone curated for optimal interior/exterior depth and light reflectance.
SHADE-0815,Most Searched: Kitchen,Fresh Culinary & Biophilic Greens,Earthy Savory,#809E8A,"Pantry, Accents & Cabinets",Fresh Culinary & Biophilic Greens tone curated for optimal interior/exterior depth and light reflectance.
SHADE-0816,Most Searched: Kitchen,Fresh Culinary & Biophilic Greens,Herbal Sage,#95AC91,"Pantry, Accents & Cabinets",Fresh Culinary & Biophilic Greens tone curated for optimal interior/exterior depth and light reflectance.
SHADE-0817,Most Searched: Kitchen,Fresh Culinary & Biophilic Greens,Cardamom Pod Green,#9AA29B,"Pantry, Accents & Cabinets",Fresh Culinary & Biophilic Greens tone curated for optimal interior/exterior depth and light reflectance.
SHADE-0818,Most Searched: Kitchen,Fresh Culinary & Biophilic Greens,Muted Thyme,#88AA9A,"Pantry, Accents & Cabinets",Fresh Culinary & Biophilic Greens tone curated for optimal interior/exterior depth and light reflectance.
SHADE-0819,Most Searched: Kitchen,Fresh Culinary & Biophilic Greens,Soft Wasabi,#7A957E,"Pantry, Accents & Cabinets",Fresh Culinary & Biophilic Greens tone curated for optimal interior/exterior depth and light reflectance.
SHADE-0820,Most Searched: Kitchen,Fresh Culinary & Biophilic Greens,Garden Sage Leaf,#8DA081,"Pantry, Accents & Cabinets",Fresh Culinary & Biophilic Greens tone curated for optimal interior/exterior depth and light reflectance.
SHADE-0821,Most Searched: Kitchen,Fresh Culinary & Biophilic Greens,Matcha Whisk,#989F97,"Pantry, Accents & Cabinets",Fresh Culinary & Biophilic Greens tone curated for optimal interior/exterior depth and light reflectance.
SHADE-0822,Most Searched: Kitchen,Fresh Culinary & Biophilic Greens,Cucumber Water,#81B18C,"Pantry, Accents & Cabinets",Fresh Culinary & Biophilic Greens tone curated for optimal interior/exterior depth and light reflectance.
SHADE-0823,Most Searched: Kitchen,Fresh Culinary & Biophilic Greens,Crisp Rosemary,#92968B,"Pantry, Accents & Cabinets",Fresh Culinary & Biophilic Greens tone curated for optimal interior/exterior depth and light reflectance.
SHADE-0824,Most Searched: Kitchen,Fresh Culinary & Biophilic Greens,Herbal Broth Green,#81B18C,"Pantry, Accents & Cabinets",Fresh Culinary & Biophilic Greens tone curated for optimal interior/exterior depth and light reflectance.
SHADE-0825,Most Searched: Kitchen,Fresh Culinary & Biophilic Greens,Fresh Parsley,#78927A,"Pantry, Accents & Cabinets",Fresh Culinary & Biophilic Greens tone curated for optimal interior/exterior depth and light reflectance.
SHADE-0826,Most Searched: Kitchen,"Warm Earth, Terracotta & Spice",Terracotta Buff,#B88362,Backsplash & Dining Nooks,"Warm Earth, Terracotta & Spice tone curated for optimal interior/exterior depth and light reflectance."
SHADE-0827,Most Searched: Kitchen,"Warm Earth, Terracotta & Spice",Burnt Ochre Kitchen,#D48A77,Backsplash & Dining Nooks,"Warm Earth, Terracotta & Spice tone curated for optimal interior/exterior depth and light reflectance."
SHADE-0828,Most Searched: Kitchen,"Warm Earth, Terracotta & Spice",Warm Truffle,#D0846F,Backsplash & Dining Nooks,"Warm Earth, Terracotta & Spice tone curated for optimal interior/exterior depth and light reflectance."
SHADE-0829,Most Searched: Kitchen,"Warm Earth, Terracotta & Spice",Cinnamon Sugar,#B6805E,Backsplash & Dining Nooks,"Warm Earth, Terracotta & Spice tone curated for optimal interior/exterior depth and light reflectance."
SHADE-0830,Most Searched: Kitchen,"Warm Earth, Terracotta & Spice",Spiced Latte,#B47D5A,Backsplash & Dining Nooks,"Warm Earth, Terracotta & Spice tone curated for optimal interior/exterior depth and light reflectance."
SHADE-0831,Most Searched: Kitchen,"Warm Earth, Terracotta & Spice",Baked Bread,#D0846F,Backsplash & Dining Nooks,"Warm Earth, Terracotta & Spice tone curated for optimal interior/exterior depth and light reflectance."
SHADE-0832,Most Searched: Kitchen,"Warm Earth, Terracotta & Spice",Ginger Biscuit,#C6985B,Backsplash & Dining Nooks,"Warm Earth, Terracotta & Spice tone curated for optimal interior/exterior depth and light reflectance."
SHADE-0833,Most Searched: Kitchen,"Warm Earth, Terracotta & Spice",Soft Caramel,#C89B5F,Backsplash & Dining Nooks,"Warm Earth, Terracotta & Spice tone curated for optimal interior/exterior depth and light reflectance."
SHADE-0834,Most Searched: Kitchen,"Warm Earth, Terracotta & Spice",Dark Cacao,#D48A77,Backsplash & Dining Nooks,"Warm Earth, Terracotta & Spice tone curated for optimal interior/exterior depth and light reflectance."
SHADE-0835,Most Searched: Kitchen,"Warm Earth, Terracotta & Spice",Honey Wheat,#CE816B,Backsplash & Dining Nooks,"Warm Earth, Terracotta & Spice tone curated for optimal interior/exterior depth and light reflectance."
SHADE-0836,Most Searched: Kitchen,"Warm Earth, Terracotta & Spice",Almond Cream Kitchen,#D28773,Backsplash & Dining Nooks,"Warm Earth, Terracotta & Spice tone curated for optimal interior/exterior depth and light reflectance."
SHADE-0837,Most Searched: Kitchen,"Warm Earth, Terracotta & Spice",Toasted Hazelnut,#BA8666,Backsplash & Dining Nooks,"Warm Earth, Terracotta & Spice tone curated for optimal interior/exterior depth and light reflectance."
SHADE-0838,Most Searched: Kitchen,"Warm Earth, Terracotta & Spice",Paprika Powder,#C17F74,Backsplash & Dining Nooks,"Warm Earth, Terracotta & Spice tone curated for optimal interior/exterior depth and light reflectance."
SHADE-0839,Most Searched: Kitchen,"Warm Earth, Terracotta & Spice",Clay Beige,#B88362,Backsplash & Dining Nooks,"Warm Earth, Terracotta & Spice tone curated for optimal interior/exterior depth and light reflectance."
SHADE-0840,Most Searched: Kitchen,"Warm Earth, Terracotta & Spice",Warm Taupe Kitchen,#B6805E,Backsplash & Dining Nooks,"Warm Earth, Terracotta & Spice tone curated for optimal interior/exterior depth and light reflectance."
SHADE-0841,Most Searched: Kitchen,"Warm Earth, Terracotta & Spice",Dark Espresso,#B79360,Backsplash & Dining Nooks,"Warm Earth, Terracotta & Spice tone curated for optimal interior/exterior depth and light reflectance."
SHADE-0842,Most Searched: Kitchen,"Warm Earth, Terracotta & Spice",Pecan Crust,#B6805E,Backsplash & Dining Nooks,"Warm Earth, Terracotta & Spice tone curated for optimal interior/exterior depth and light reflectance."
SHADE-0843,Most Searched: Kitchen,"Warm Earth, Terracotta & Spice",Brown Butter,#B6805E,Backsplash & Dining Nooks,"Warm Earth, Terracotta & Spice tone curated for optimal interior/exterior depth and light reflectance."
SHADE-0844,Most Searched: Kitchen,"Warm Earth, Terracotta & Spice",Roasted Malt,#CF946D,Backsplash & Dining Nooks,"Warm Earth, Terracotta & Spice tone curated for optimal interior/exterior depth and light reflectance."
SHADE-0845,Most Searched: Kitchen,"Warm Earth, Terracotta & Spice",Nutmeg Dust,#D48A77,Backsplash & Dining Nooks,"Warm Earth, Terracotta & Spice tone curated for optimal interior/exterior depth and light reflectance."
SHADE-0846,Most Searched: Kitchen,"Warm Earth, Terracotta & Spice",Roasted Walnut,#BB9968,Backsplash & Dining Nooks,"Warm Earth, Terracotta & Spice tone curated for optimal interior/exterior depth and light reflectance."
SHADE-0847,Most Searched: Kitchen,"Warm Earth, Terracotta & Spice",Cardamom Spice,#CC7E67,Backsplash & Dining Nooks,"Warm Earth, Terracotta & Spice tone curated for optimal interior/exterior depth and light reflectance."
SHADE-0848,Most Searched: Kitchen,"Warm Earth, Terracotta & Spice",Molasses Brown,#D28773,Backsplash & Dining Nooks,"Warm Earth, Terracotta & Spice tone curated for optimal interior/exterior depth and light reflectance."
SHADE-0849,Most Searched: Kitchen,"Warm Earth, Terracotta & Spice",Maple Sugar,#D19771,Backsplash & Dining Nooks,"Warm Earth, Terracotta & Spice tone curated for optimal interior/exterior depth and light reflectance."
SHADE-0850,Most Searched: Kitchen,"Warm Earth, Terracotta & Spice",Rich Cocoa,#B38D58,Backsplash & Dining Nooks,"Warm Earth, Terracotta & Spice tone curated for optimal interior/exterior depth and light reflectance."
SHADE-0851,Most Searched: Kitchen,"Warm Earth, Terracotta & Spice",Chai Spice,#C17F74,Backsplash & Dining Nooks,"Warm Earth, Terracotta & Spice tone curated for optimal interior/exterior depth and light reflectance."
SHADE-0852,Most Searched: Kitchen,"Warm Earth, Terracotta & Spice",Warm Saffron Sand,#C17F74,Backsplash & Dining Nooks,"Warm Earth, Terracotta & Spice tone curated for optimal interior/exterior depth and light reflectance."
SHADE-0853,Most Searched: Kitchen,"Warm Earth, Terracotta & Spice",Burnt Sugar,#BF7C70,Backsplash & Dining Nooks,"Warm Earth, Terracotta & Spice tone curated for optimal interior/exterior depth and light reflectance."
SHADE-0854,Most Searched: Kitchen,"Warm Earth, Terracotta & Spice",Toasted Chestnut,#B5905C,Backsplash & Dining Nooks,"Warm Earth, Terracotta & Spice tone curated for optimal interior/exterior depth and light reflectance."
SHADE-0855,Most Searched: Kitchen,"Warm Earth, Terracotta & Spice",Allspice Hue,#C29276,Backsplash & Dining Nooks,"Warm Earth, Terracotta & Spice tone curated for optimal interior/exterior depth and light reflectance."
SHADE-0856,Most Searched: Kitchen,"Warm Earth, Terracotta & Spice",Golden Toffee,#B6805E,Backsplash & Dining Nooks,"Warm Earth, Terracotta & Spice tone curated for optimal interior/exterior depth and light reflectance."
SHADE-0857,Most Searched: Kitchen,"Warm Earth, Terracotta & Spice",Clove Bud Brown,#D19771,Backsplash & Dining Nooks,"Warm Earth, Terracotta & Spice tone curated for optimal interior/exterior depth and light reflectance."
SHADE-0858,Most Searched: Kitchen,"Warm Earth, Terracotta & Spice",Spiced Cider,#D19771,Backsplash & Dining Nooks,"Warm Earth, Terracotta & Spice tone curated for optimal interior/exterior depth and light reflectance."
SHADE-0859,Most Searched: Kitchen,"Warm Earth, Terracotta & Spice",Warm Butterscotch,#C29276,Backsplash & Dining Nooks,"Warm Earth, Terracotta & Spice tone curated for optimal interior/exterior depth and light reflectance."
SHADE-0860,Most Searched: Kitchen,"Warm Earth, Terracotta & Spice",Roasted Hazelnut Shell,#C89B5F,Backsplash & Dining Nooks,"Warm Earth, Terracotta & Spice tone curated for optimal interior/exterior depth and light reflectance."
SHADE-0861,Most Searched: Kitchen,"Warm Earth, Terracotta & Spice",Baked Cinnamon,#B79360,Backsplash & Dining Nooks,"Warm Earth, Terracotta & Spice tone curated for optimal interior/exterior depth and light reflectance."
SHADE-0862,Most Searched: Kitchen,"Warm Earth, Terracotta & Spice",Warm Ginger Root,#C98B61,Backsplash & Dining Nooks,"Warm Earth, Terracotta & Spice tone curated for optimal interior/exterior depth and light reflectance."
SHADE-0863,Most Searched: Kitchen,"Warm Earth, Terracotta & Spice",Sweet Chicory,#B27A56,Backsplash & Dining Nooks,"Warm Earth, Terracotta & Spice tone curated for optimal interior/exterior depth and light reflectance."
SHADE-0864,Most Searched: Kitchen,"Warm Earth, Terracotta & Spice",Golden Brioche,#B5905C,Backsplash & Dining Nooks,"Warm Earth, Terracotta & Spice tone curated for optimal interior/exterior depth and light reflectance."
SHADE-0865,Most Searched: Kitchen,"Warm Earth, Terracotta & Spice",Dark Chicory,#C08F72,Backsplash & Dining Nooks,"Warm Earth, Terracotta & Spice tone curated for optimal interior/exterior depth and light reflectance."
SHADE-0866,Most Searched: Kitchen,"Warm Earth, Terracotta & Spice",Warm Acorn,#BA8666,Backsplash & Dining Nooks,"Warm Earth, Terracotta & Spice tone curated for optimal interior/exterior depth and light reflectance."
SHADE-0867,Most Searched: Kitchen,"Warm Earth, Terracotta & Spice",Spiced Molasses,#D0846F,Backsplash & Dining Nooks,"Warm Earth, Terracotta & Spice tone curated for optimal interior/exterior depth and light reflectance."
SHADE-0868,Most Searched: Kitchen,"Warm Earth, Terracotta & Spice",Roasted Barley,#BD9C6C,Backsplash & Dining Nooks,"Warm Earth, Terracotta & Spice tone curated for optimal interior/exterior depth and light reflectance."
SHADE-0869,Most Searched: Kitchen,"Warm Earth, Terracotta & Spice",Maple Glaze,#CA7B63,Backsplash & Dining Nooks,"Warm Earth, Terracotta & Spice tone curated for optimal interior/exterior depth and light reflectance."
SHADE-0870,Most Searched: Kitchen,"Warm Earth, Terracotta & Spice",Toasted Sesame Kitchen,#D48A77,Backsplash & Dining Nooks,"Warm Earth, Terracotta & Spice tone curated for optimal interior/exterior depth and light reflectance."
SHADE-0871,Most Searched: Kitchen,"Warm Earth, Terracotta & Spice",Dark Carob,#CE816B,Backsplash & Dining Nooks,"Warm Earth, Terracotta & Spice tone curated for optimal interior/exterior depth and light reflectance."
SHADE-0872,Most Searched: Kitchen,"Warm Earth, Terracotta & Spice",Warm Masala,#CE816B,Backsplash & Dining Nooks,"Warm Earth, Terracotta & Spice tone curated for optimal interior/exterior depth and light reflectance."
SHADE-0873,Most Searched: Kitchen,"Warm Earth, Terracotta & Spice",Cinnamon Bark,#D28773,Backsplash & Dining Nooks,"Warm Earth, Terracotta & Spice tone curated for optimal interior/exterior depth and light reflectance."
SHADE-0874,Most Searched: Kitchen,"Warm Earth, Terracotta & Spice",Nutmeg Crunch,#D28773,Backsplash & Dining Nooks,"Warm Earth, Terracotta & Spice tone curated for optimal interior/exterior depth and light reflectance."
SHADE-0875,Most Searched: Kitchen,"Warm Earth, Terracotta & Spice",Golden Wheat Ear,#CF946D,Backsplash & Dining Nooks,"Warm Earth, Terracotta & Spice tone curated for optimal interior/exterior depth and light reflectance."
SHADE-0876,Most Searched: Kitchen,"Warm Earth, Terracotta & Spice",Brown Sugar Dust,#C89B5F,Backsplash & Dining Nooks,"Warm Earth, Terracotta & Spice tone curated for optimal interior/exterior depth and light reflectance."
SHADE-0877,Most Searched: Kitchen,"Warm Earth, Terracotta & Spice",Warm Cardamom Spice,#B5905C,Backsplash & Dining Nooks,"Warm Earth, Terracotta & Spice tone curated for optimal interior/exterior depth and light reflectance."
SHADE-0878,Most Searched: Kitchen,"Warm Earth, Terracotta & Spice",Dark Toffee Brown,#B6805E,Backsplash & Dining Nooks,"Warm Earth, Terracotta & Spice tone curated for optimal interior/exterior depth and light reflectance."
SHADE-0879,Most Searched: Kitchen,"Warm Earth, Terracotta & Spice",Sweet Nutmeg,#B5905C,Backsplash & Dining Nooks,"Warm Earth, Terracotta & Spice tone curated for optimal interior/exterior depth and light reflectance."
SHADE-0880,Most Searched: Kitchen,"Warm Earth, Terracotta & Spice",Burnt Honey,#D0846F,Backsplash & Dining Nooks,"Warm Earth, Terracotta & Spice tone curated for optimal interior/exterior depth and light reflectance."
SHADE-0881,Most Searched: Kitchen,"Warm Earth, Terracotta & Spice",Toasted Pecan,#CC7E67,Backsplash & Dining Nooks,"Warm Earth, Terracotta & Spice tone curated for optimal interior/exterior depth and light reflectance."
SHADE-0882,Most Searched: Kitchen,"Warm Earth, Terracotta & Spice",Warm Chai,#CD9169,Backsplash & Dining Nooks,"Warm Earth, Terracotta & Spice tone curated for optimal interior/exterior depth and light reflectance."
SHADE-0883,Most Searched: Kitchen,"Warm Earth, Terracotta & Spice",Baked Gingerbread,#D0846F,Backsplash & Dining Nooks,"Warm Earth, Terracotta & Spice tone curated for optimal interior/exterior depth and light reflectance."
SHADE-0884,Most Searched: Kitchen,"Warm Earth, Terracotta & Spice",Roasted Coffee Bean,#B5905C,Backsplash & Dining Nooks,"Warm Earth, Terracotta & Spice tone curated for optimal interior/exterior depth and light reflectance."
SHADE-0885,Most Searched: Kitchen,"Warm Earth, Terracotta & Spice",Spiced Saffron,#B79360,Backsplash & Dining Nooks,"Warm Earth, Terracotta & Spice tone curated for optimal interior/exterior depth and light reflectance."
SHADE-0886,Most Searched: Kitchen,"Warm Earth, Terracotta & Spice",Dark Rye Crust,#D48A77,Backsplash & Dining Nooks,"Warm Earth, Terracotta & Spice tone curated for optimal interior/exterior depth and light reflectance."
SHADE-0887,Most Searched: Kitchen,"Warm Earth, Terracotta & Spice",Cinnamon Quill,#D19771,Backsplash & Dining Nooks,"Warm Earth, Terracotta & Spice tone curated for optimal interior/exterior depth and light reflectance."
SHADE-0888,Most Searched: Kitchen,"Warm Earth, Terracotta & Spice",Caramelized Sugar,#C29276,Backsplash & Dining Nooks,"Warm Earth, Terracotta & Spice tone curated for optimal interior/exterior depth and light reflectance."
SHADE-0889,Most Searched: Kitchen,"Warm Earth, Terracotta & Spice",Golden Honeycomb,#BC896A,Backsplash & Dining Nooks,"Warm Earth, Terracotta & Spice tone curated for optimal interior/exterior depth and light reflectance."
SHADE-0890,Most Searched: Kitchen,"Warm Earth, Terracotta & Spice",Rich Cocoa Nibs,#BB9968,Backsplash & Dining Nooks,"Warm Earth, Terracotta & Spice tone curated for optimal interior/exterior depth and light reflectance."
SHADE-0891,Most Searched: Kitchen,"Warm Earth, Terracotta & Spice",Warm Anise,#BF7C70,Backsplash & Dining Nooks,"Warm Earth, Terracotta & Spice tone curated for optimal interior/exterior depth and light reflectance."
SHADE-0892,Most Searched: Kitchen,"Warm Earth, Terracotta & Spice",Spiced Turmeric Dust,#B5905C,Backsplash & Dining Nooks,"Warm Earth, Terracotta & Spice tone curated for optimal interior/exterior depth and light reflectance."
SHADE-0893,Most Searched: Kitchen,"Warm Earth, Terracotta & Spice",Roasted Cacao,#B79360,Backsplash & Dining Nooks,"Warm Earth, Terracotta & Spice tone curated for optimal interior/exterior depth and light reflectance."
SHADE-0894,Most Searched: Kitchen,"Warm Earth, Terracotta & Spice",Sweet Molasses,#C38278,Backsplash & Dining Nooks,"Warm Earth, Terracotta & Spice tone curated for optimal interior/exterior depth and light reflectance."
SHADE-0895,Most Searched: Kitchen,"Warm Earth, Terracotta & Spice",Warm Pumpernickel,#B38D58,Backsplash & Dining Nooks,"Warm Earth, Terracotta & Spice tone curated for optimal interior/exterior depth and light reflectance."
SHADE-0896,Most Searched: Kitchen,"Warm Earth, Terracotta & Spice",Baked Terracotta Tile,#D28773,Backsplash & Dining Nooks,"Warm Earth, Terracotta & Spice tone curated for optimal interior/exterior depth and light reflectance."
SHADE-0897,Most Searched: Kitchen,"Warm Earth, Terracotta & Spice",Spiced Espresso,#CC7E67,Backsplash & Dining Nooks,"Warm Earth, Terracotta & Spice tone curated for optimal interior/exterior depth and light reflectance."
SHADE-0898,Most Searched: Kitchen,"Warm Earth, Terracotta & Spice",Toasted Brioche Crust,#D28773,Backsplash & Dining Nooks,"Warm Earth, Terracotta & Spice tone curated for optimal interior/exterior depth and light reflectance."
SHADE-0899,Most Searched: Kitchen,"Warm Earth, Terracotta & Spice",Gingerbread Dough,#D28773,Backsplash & Dining Nooks,"Warm Earth, Terracotta & Spice tone curated for optimal interior/exterior depth and light reflectance."
SHADE-0900,Most Searched: Kitchen,"Warm Earth, Terracotta & Spice",Honeyed Walnut,#CA7B63,Backsplash & Dining Nooks,"Warm Earth, Terracotta & Spice tone curated for optimal interior/exterior depth and light reflectance."
SHADE-0901,Most Searched: Bedroom,"Serene Pastels, Mauves & Soft Blushes",Dusty Rose,#D7C6C9,Walls & Headboard Accent,"Serene Pastels, Mauves & Soft Blushes tone curated for optimal interior/exterior depth and light reflectance."
SHADE-0902,Most Searched: Bedroom,"Serene Pastels, Mauves & Soft Blushes",Digital Lavender Bedroom,#DAB9CF,Walls & Headboard Accent,"Serene Pastels, Mauves & Soft Blushes tone curated for optimal interior/exterior depth and light reflectance."
SHADE-0903,Most Searched: Bedroom,"Serene Pastels, Mauves & Soft Blushes",Soft Blush,#CDB7B5,Walls & Headboard Accent,"Serene Pastels, Mauves & Soft Blushes tone curated for optimal interior/exterior depth and light reflectance."
SHADE-0904,Most Searched: Bedroom,"Serene Pastels, Mauves & Soft Blushes",Muted Mauve,#EBC1CE,Walls & Headboard Accent,"Serene Pastels, Mauves & Soft Blushes tone curated for optimal interior/exterior depth and light reflectance."
SHADE-0905,Most Searched: Bedroom,"Serene Pastels, Mauves & Soft Blushes",Cloud Lilac,#D4D3C3,Walls & Headboard Accent,"Serene Pastels, Mauves & Soft Blushes tone curated for optimal interior/exterior depth and light reflectance."
SHADE-0906,Most Searched: Bedroom,"Serene Pastels, Mauves & Soft Blushes",Misty Wisteria,#D9C9CD,Walls & Headboard Accent,"Serene Pastels, Mauves & Soft Blushes tone curated for optimal interior/exterior depth and light reflectance."
SHADE-0907,Most Searched: Bedroom,"Serene Pastels, Mauves & Soft Blushes",Pale Orchid,#EAD1CC,Walls & Headboard Accent,"Serene Pastels, Mauves & Soft Blushes tone curated for optimal interior/exterior depth and light reflectance."
SHADE-0908,Most Searched: Bedroom,"Serene Pastels, Mauves & Soft Blushes",Silvery Lavender,#E9BECA,Walls & Headboard Accent,"Serene Pastels, Mauves & Soft Blushes tone curated for optimal interior/exterior depth and light reflectance."
SHADE-0909,Most Searched: Bedroom,"Serene Pastels, Mauves & Soft Blushes",Peach Blossom,#DDCFD5,Walls & Headboard Accent,"Serene Pastels, Mauves & Soft Blushes tone curated for optimal interior/exterior depth and light reflectance."
SHADE-0910,Most Searched: Bedroom,"Serene Pastels, Mauves & Soft Blushes",Muted Coral,#EAD1CC,Walls & Headboard Accent,"Serene Pastels, Mauves & Soft Blushes tone curated for optimal interior/exterior depth and light reflectance."
SHADE-0911,Most Searched: Bedroom,"Serene Pastels, Mauves & Soft Blushes",Hydrangea Frost,#D1BDBD,Walls & Headboard Accent,"Serene Pastels, Mauves & Soft Blushes tone curated for optimal interior/exterior depth and light reflectance."
SHADE-0912,Most Searched: Bedroom,"Serene Pastels, Mauves & Soft Blushes",Pale Heather,#D3C0C1,Walls & Headboard Accent,"Serene Pastels, Mauves & Soft Blushes tone curated for optimal interior/exterior depth and light reflectance."
SHADE-0913,Most Searched: Bedroom,"Serene Pastels, Mauves & Soft Blushes",Petal Tint,#EBC1CE,Walls & Headboard Accent,"Serene Pastels, Mauves & Soft Blushes tone curated for optimal interior/exterior depth and light reflectance."
SHADE-0914,Most Searched: Bedroom,"Serene Pastels, Mauves & Soft Blushes",Cashmere Rose,#ECD4D0,Walls & Headboard Accent,"Serene Pastels, Mauves & Soft Blushes tone curated for optimal interior/exterior depth and light reflectance."
SHADE-0915,Most Searched: Bedroom,"Serene Pastels, Mauves & Soft Blushes",Soft Iris,#DBCCD1,Walls & Headboard Accent,"Serene Pastels, Mauves & Soft Blushes tone curated for optimal interior/exterior depth and light reflectance."
SHADE-0916,Most Searched: Bedroom,"Serene Pastels, Mauves & Soft Blushes",Ballet Slipper,#EDC4D2,Walls & Headboard Accent,"Serene Pastels, Mauves & Soft Blushes tone curated for optimal interior/exterior depth and light reflectance."
SHADE-0917,Most Searched: Bedroom,"Serene Pastels, Mauves & Soft Blushes",Violet Haze,#D9C9CD,Walls & Headboard Accent,"Serene Pastels, Mauves & Soft Blushes tone curated for optimal interior/exterior depth and light reflectance."
SHADE-0918,Most Searched: Bedroom,"Serene Pastels, Mauves & Soft Blushes",Dawn Pink,#D4D3C3,Walls & Headboard Accent,"Serene Pastels, Mauves & Soft Blushes tone curated for optimal interior/exterior depth and light reflectance."
SHADE-0919,Most Searched: Bedroom,"Serene Pastels, Mauves & Soft Blushes",Twilight Mauve,#E6CBC4,Walls & Headboard Accent,"Serene Pastels, Mauves & Soft Blushes tone curated for optimal interior/exterior depth and light reflectance."
SHADE-0920,Most Searched: Bedroom,"Serene Pastels, Mauves & Soft Blushes",Pink Whisper,#E3D8BE,Walls & Headboard Accent,"Serene Pastels, Mauves & Soft Blushes tone curated for optimal interior/exterior depth and light reflectance."
SHADE-0921,Most Searched: Bedroom,"Serene Pastels, Mauves & Soft Blushes",Muted Peony,#D1BDBD,Walls & Headboard Accent,"Serene Pastels, Mauves & Soft Blushes tone curated for optimal interior/exterior depth and light reflectance."
SHADE-0922,Most Searched: Bedroom,"Serene Pastels, Mauves & Soft Blushes",Lupine Haze,#DDCFD5,Walls & Headboard Accent,"Serene Pastels, Mauves & Soft Blushes tone curated for optimal interior/exterior depth and light reflectance."
SHADE-0923,Most Searched: Bedroom,"Serene Pastels, Mauves & Soft Blushes",Frosted Heather,#E4C8C0,Walls & Headboard Accent,"Serene Pastels, Mauves & Soft Blushes tone curated for optimal interior/exterior depth and light reflectance."
SHADE-0924,Most Searched: Bedroom,"Serene Pastels, Mauves & Soft Blushes",Sweet Camellia,#D7C6C9,Walls & Headboard Accent,"Serene Pastels, Mauves & Soft Blushes tone curated for optimal interior/exterior depth and light reflectance."
SHADE-0925,Most Searched: Bedroom,"Serene Pastels, Mauves & Soft Blushes",Pale Thistle,#D8D9CB,Walls & Headboard Accent,"Serene Pastels, Mauves & Soft Blushes tone curated for optimal interior/exterior depth and light reflectance."
SHADE-0926,Most Searched: Bedroom,"Serene Pastels, Mauves & Soft Blushes",Vintage Rosewater,#EBC1CE,Walls & Headboard Accent,"Serene Pastels, Mauves & Soft Blushes tone curated for optimal interior/exterior depth and light reflectance."
SHADE-0927,Most Searched: Bedroom,"Serene Pastels, Mauves & Soft Blushes",Morning Orchid,#D3C0C1,Walls & Headboard Accent,"Serene Pastels, Mauves & Soft Blushes tone curated for optimal interior/exterior depth and light reflectance."
SHADE-0928,Most Searched: Bedroom,"Serene Pastels, Mauves & Soft Blushes",Dusty Violet,#D0CDBB,Walls & Headboard Accent,"Serene Pastels, Mauves & Soft Blushes tone curated for optimal interior/exterior depth and light reflectance."
SHADE-0929,Most Searched: Bedroom,"Serene Pastels, Mauves & Soft Blushes",Lilac Mist,#EAD1CC,Walls & Headboard Accent,"Serene Pastels, Mauves & Soft Blushes tone curated for optimal interior/exterior depth and light reflectance."
SHADE-0930,Most Searched: Bedroom,"Serene Pastels, Mauves & Soft Blushes",Silk Petal,#DFD2B6,Walls & Headboard Accent,"Serene Pastels, Mauves & Soft Blushes tone curated for optimal interior/exterior depth and light reflectance."
SHADE-0931,Most Searched: Bedroom,"Serene Pastels, Mauves & Soft Blushes",Soft Carnation,#DEBFD7,Walls & Headboard Accent,"Serene Pastels, Mauves & Soft Blushes tone curated for optimal interior/exterior depth and light reflectance."
SHADE-0932,Most Searched: Bedroom,"Serene Pastels, Mauves & Soft Blushes",Rose Milk,#D9C9CD,Walls & Headboard Accent,"Serene Pastels, Mauves & Soft Blushes tone curated for optimal interior/exterior depth and light reflectance."
SHADE-0933,Most Searched: Bedroom,"Serene Pastels, Mauves & Soft Blushes",Mauve Cashmere,#ECD4D0,Walls & Headboard Accent,"Serene Pastels, Mauves & Soft Blushes tone curated for optimal interior/exterior depth and light reflectance."
SHADE-0934,Most Searched: Bedroom,"Serene Pastels, Mauves & Soft Blushes",Pale Hydrangea,#DBCCD1,Walls & Headboard Accent,"Serene Pastels, Mauves & Soft Blushes tone curated for optimal interior/exterior depth and light reflectance."
SHADE-0935,Most Searched: Bedroom,"Serene Pastels, Mauves & Soft Blushes",Lavender Silk,#DAB9CF,Walls & Headboard Accent,"Serene Pastels, Mauves & Soft Blushes tone curated for optimal interior/exterior depth and light reflectance."
SHADE-0936,Most Searched: Bedroom,"Serene Pastels, Mauves & Soft Blushes",Soft Blossom,#EAD1CC,Walls & Headboard Accent,"Serene Pastels, Mauves & Soft Blushes tone curated for optimal interior/exterior depth and light reflectance."
SHADE-0937,Most Searched: Bedroom,"Serene Pastels, Mauves & Soft Blushes",Dusty Amethyst,#D1BDBD,Walls & Headboard Accent,"Serene Pastels, Mauves & Soft Blushes tone curated for optimal interior/exterior depth and light reflectance."
SHADE-0938,Most Searched: Bedroom,"Serene Pastels, Mauves & Soft Blushes",Porcelain Pink,#CFBAB9,Walls & Headboard Accent,"Serene Pastels, Mauves & Soft Blushes tone curated for optimal interior/exterior depth and light reflectance."
SHADE-0939,Most Searched: Bedroom,"Serene Pastels, Mauves & Soft Blushes",Pastel Dahlia,#ECD4D0,Walls & Headboard Accent,"Serene Pastels, Mauves & Soft Blushes tone curated for optimal interior/exterior depth and light reflectance."
SHADE-0940,Most Searched: Bedroom,"Serene Pastels, Mauves & Soft Blushes",Pale Peony,#D0CDBB,Walls & Headboard Accent,"Serene Pastels, Mauves & Soft Blushes tone curated for optimal interior/exterior depth and light reflectance."
SHADE-0941,Most Searched: Bedroom,"Serene Pastels, Mauves & Soft Blushes",Mauve Mist,#D8D9CB,Walls & Headboard Accent,"Serene Pastels, Mauves & Soft Blushes tone curated for optimal interior/exterior depth and light reflectance."
SHADE-0942,Most Searched: Bedroom,"Serene Pastels, Mauves & Soft Blushes",Lilac Chalk,#E2C5BC,Walls & Headboard Accent,"Serene Pastels, Mauves & Soft Blushes tone curated for optimal interior/exterior depth and light reflectance."
SHADE-0943,Most Searched: Bedroom,"Serene Pastels, Mauves & Soft Blushes",Sweet Wisteria,#E2C5BC,Walls & Headboard Accent,"Serene Pastels, Mauves & Soft Blushes tone curated for optimal interior/exterior depth and light reflectance."
SHADE-0944,Most Searched: Bedroom,"Serene Pastels, Mauves & Soft Blushes",Ballet Pink,#EDC4D2,Walls & Headboard Accent,"Serene Pastels, Mauves & Soft Blushes tone curated for optimal interior/exterior depth and light reflectance."
SHADE-0945,Most Searched: Bedroom,"Serene Pastels, Mauves & Soft Blushes",Silver Mauve,#EBC1CE,Walls & Headboard Accent,"Serene Pastels, Mauves & Soft Blushes tone curated for optimal interior/exterior depth and light reflectance."
SHADE-0946,Most Searched: Bedroom,"Serene Pastels, Mauves & Soft Blushes",Lavender Ash,#E0C2B8,Walls & Headboard Accent,"Serene Pastels, Mauves & Soft Blushes tone curated for optimal interior/exterior depth and light reflectance."
SHADE-0947,Most Searched: Bedroom,"Serene Pastels, Mauves & Soft Blushes",Faded Blossom,#E9BECA,Walls & Headboard Accent,"Serene Pastels, Mauves & Soft Blushes tone curated for optimal interior/exterior depth and light reflectance."
SHADE-0948,Most Searched: Bedroom,"Serene Pastels, Mauves & Soft Blushes",Blushing Suede,#DBCCD1,Walls & Headboard Accent,"Serene Pastels, Mauves & Soft Blushes tone curated for optimal interior/exterior depth and light reflectance."
SHADE-0949,Most Searched: Bedroom,"Serene Pastels, Mauves & Soft Blushes",Morning Lavender,#DEBFD7,Walls & Headboard Accent,"Serene Pastels, Mauves & Soft Blushes tone curated for optimal interior/exterior depth and light reflectance."
SHADE-0950,Most Searched: Bedroom,"Serene Pastels, Mauves & Soft Blushes",Rosy Cashmere,#D4D3C3,Walls & Headboard Accent,"Serene Pastels, Mauves & Soft Blushes tone curated for optimal interior/exterior depth and light reflectance."
SHADE-0951,Most Searched: Bedroom,"Serene Pastels, Mauves & Soft Blushes",Pale Magnolia,#EBC1CE,Walls & Headboard Accent,"Serene Pastels, Mauves & Soft Blushes tone curated for optimal interior/exterior depth and light reflectance."
SHADE-0952,Most Searched: Bedroom,"Serene Pastels, Mauves & Soft Blushes",Muted Freesia,#CECAB7,Walls & Headboard Accent,"Serene Pastels, Mauves & Soft Blushes tone curated for optimal interior/exterior depth and light reflectance."
SHADE-0953,Most Searched: Bedroom,"Serene Pastels, Mauves & Soft Blushes",Soft Mauve Haze,#E4C8C0,Walls & Headboard Accent,"Serene Pastels, Mauves & Soft Blushes tone curated for optimal interior/exterior depth and light reflectance."
SHADE-0954,Most Searched: Bedroom,"Serene Pastels, Mauves & Soft Blushes",Whispering Lilac,#E9BECA,Walls & Headboard Accent,"Serene Pastels, Mauves & Soft Blushes tone curated for optimal interior/exterior depth and light reflectance."
SHADE-0955,Most Searched: Bedroom,"Serene Pastels, Mauves & Soft Blushes",Dusty Primrose,#E5B8C2,Walls & Headboard Accent,"Serene Pastels, Mauves & Soft Blushes tone curated for optimal interior/exterior depth and light reflectance."
SHADE-0956,Most Searched: Bedroom,"Serene Pastels, Mauves & Soft Blushes",Pale Fuchsia Mist,#CECAB7,Walls & Headboard Accent,"Serene Pastels, Mauves & Soft Blushes tone curated for optimal interior/exterior depth and light reflectance."
SHADE-0957,Most Searched: Bedroom,"Serene Pastels, Mauves & Soft Blushes",Misty Heather,#ECD4D0,Walls & Headboard Accent,"Serene Pastels, Mauves & Soft Blushes tone curated for optimal interior/exterior depth and light reflectance."
SHADE-0958,Most Searched: Bedroom,"Serene Pastels, Mauves & Soft Blushes",Petal Dust,#CECAB7,Walls & Headboard Accent,"Serene Pastels, Mauves & Soft Blushes tone curated for optimal interior/exterior depth and light reflectance."
SHADE-0959,Most Searched: Bedroom,"Serene Pastels, Mauves & Soft Blushes",Rose Cloud,#D7C6C9,Walls & Headboard Accent,"Serene Pastels, Mauves & Soft Blushes tone curated for optimal interior/exterior depth and light reflectance."
SHADE-0960,Most Searched: Bedroom,"Serene Pastels, Mauves & Soft Blushes",Soft Cyclamen,#D5C3C5,Walls & Headboard Accent,"Serene Pastels, Mauves & Soft Blushes tone curated for optimal interior/exterior depth and light reflectance."
SHADE-0961,Most Searched: Bedroom,"Serene Pastels, Mauves & Soft Blushes",Lilac Frost,#DAB9CF,Walls & Headboard Accent,"Serene Pastels, Mauves & Soft Blushes tone curated for optimal interior/exterior depth and light reflectance."
SHADE-0962,Most Searched: Bedroom,"Serene Pastels, Mauves & Soft Blushes",Blush Satin,#D0CDBB,Walls & Headboard Accent,"Serene Pastels, Mauves & Soft Blushes tone curated for optimal interior/exterior depth and light reflectance."
SHADE-0963,Most Searched: Bedroom,"Serene Pastels, Mauves & Soft Blushes",Pale Anemone,#D0CDBB,Walls & Headboard Accent,"Serene Pastels, Mauves & Soft Blushes tone curated for optimal interior/exterior depth and light reflectance."
SHADE-0964,Most Searched: Bedroom,"Serene Pastels, Mauves & Soft Blushes",Muted Hollyhock,#D7C6C9,Walls & Headboard Accent,"Serene Pastels, Mauves & Soft Blushes tone curated for optimal interior/exterior depth and light reflectance."
SHADE-0965,Most Searched: Bedroom,"Serene Pastels, Mauves & Soft Blushes",Twilight Lavender,#D0CDBB,Walls & Headboard Accent,"Serene Pastels, Mauves & Soft Blushes tone curated for optimal interior/exterior depth and light reflectance."
SHADE-0966,Most Searched: Bedroom,"Serene Pastels, Mauves & Soft Blushes",Sweet Lilac Cream,#E7BBC6,Walls & Headboard Accent,"Serene Pastels, Mauves & Soft Blushes tone curated for optimal interior/exterior depth and light reflectance."
SHADE-0967,Most Searched: Bedroom,"Serene Pastels, Mauves & Soft Blushes",Soft Bellflower,#EFC7D6,Walls & Headboard Accent,"Serene Pastels, Mauves & Soft Blushes tone curated for optimal interior/exterior depth and light reflectance."
SHADE-0968,Most Searched: Bedroom,"Serene Pastels, Mauves & Soft Blushes",Pale Violet Dew,#D2D0BF,Walls & Headboard Accent,"Serene Pastels, Mauves & Soft Blushes tone curated for optimal interior/exterior depth and light reflectance."
SHADE-0969,Most Searched: Bedroom,"Serene Pastels, Mauves & Soft Blushes",Cashmere Mauve,#DCBCD3,Walls & Headboard Accent,"Serene Pastels, Mauves & Soft Blushes tone curated for optimal interior/exterior depth and light reflectance."
SHADE-0970,Most Searched: Bedroom,"Serene Pastels, Mauves & Soft Blushes",Rosy Glow,#EFC7D6,Walls & Headboard Accent,"Serene Pastels, Mauves & Soft Blushes tone curated for optimal interior/exterior depth and light reflectance."
SHADE-0971,Most Searched: Bedroom,"Serene Pastels, Mauves & Soft Blushes",Muted Heather Tint,#D9C9CD,Walls & Headboard Accent,"Serene Pastels, Mauves & Soft Blushes tone curated for optimal interior/exterior depth and light reflectance."
SHADE-0972,Most Searched: Bedroom,"Serene Pastels, Mauves & Soft Blushes",Silver Petal,#E7BBC6,Walls & Headboard Accent,"Serene Pastels, Mauves & Soft Blushes tone curated for optimal interior/exterior depth and light reflectance."
SHADE-0973,Most Searched: Bedroom,"Serene Pastels, Mauves & Soft Blushes",Gentle Rose,#DFD2B6,Walls & Headboard Accent,"Serene Pastels, Mauves & Soft Blushes tone curated for optimal interior/exterior depth and light reflectance."
SHADE-0974,Most Searched: Bedroom,"Serene Pastels, Mauves & Soft Blushes",Blush Chiffon,#EBC1CE,Walls & Headboard Accent,"Serene Pastels, Mauves & Soft Blushes tone curated for optimal interior/exterior depth and light reflectance."
SHADE-0975,Most Searched: Bedroom,"Serene Pastels, Mauves & Soft Blushes",Pale Hydrangea Bloom,#D2D0BF,Walls & Headboard Accent,"Serene Pastels, Mauves & Soft Blushes tone curated for optimal interior/exterior depth and light reflectance."
SHADE-0976,Most Searched: Bedroom,Sleep-Inducing Blues & Storm Grays,Tranquil Denim,#567186,Main Bedroom & Ceilings,Sleep-Inducing Blues & Storm Grays tone curated for optimal interior/exterior depth and light reflectance.
SHADE-0977,Most Searched: Bedroom,Sleep-Inducing Blues & Storm Grays,Dusky Sky,#677985,Main Bedroom & Ceilings,Sleep-Inducing Blues & Storm Grays tone curated for optimal interior/exterior depth and light reflectance.
SHADE-0978,Most Searched: Bedroom,Sleep-Inducing Blues & Storm Grays,Silent Night Blue,#738B9D,Main Bedroom & Ceilings,Sleep-Inducing Blues & Storm Grays tone curated for optimal interior/exterior depth and light reflectance.
SHADE-0979,Most Searched: Bedroom,Sleep-Inducing Blues & Storm Grays,Slate Fog,#6A6C8B,Main Bedroom & Ceilings,Sleep-Inducing Blues & Storm Grays tone curated for optimal interior/exterior depth and light reflectance.
SHADE-0980,Most Searched: Bedroom,Sleep-Inducing Blues & Storm Grays,Glacier Mist,#718899,Main Bedroom & Ceilings,Sleep-Inducing Blues & Storm Grays tone curated for optimal interior/exterior depth and light reflectance.
SHADE-0981,Most Searched: Bedroom,Sleep-Inducing Blues & Storm Grays,Faded Cornflower,#537E80,Main Bedroom & Ceilings,Sleep-Inducing Blues & Storm Grays tone curated for optimal interior/exterior depth and light reflectance.
SHADE-0982,Most Searched: Bedroom,Sleep-Inducing Blues & Storm Grays,Moody Indigo,#64867F,Main Bedroom & Ceilings,Sleep-Inducing Blues & Storm Grays tone curated for optimal interior/exterior depth and light reflectance.
SHADE-0983,Most Searched: Bedroom,Sleep-Inducing Blues & Storm Grays,Serene Aqua,#6F8595,Main Bedroom & Ceilings,Sleep-Inducing Blues & Storm Grays tone curated for optimal interior/exterior depth and light reflectance.
SHADE-0984,Most Searched: Bedroom,Sleep-Inducing Blues & Storm Grays,Moonlit Blue,#62839E,Main Bedroom & Ceilings,Sleep-Inducing Blues & Storm Grays tone curated for optimal interior/exterior depth and light reflectance.
SHADE-0985,Most Searched: Bedroom,Sleep-Inducing Blues & Storm Grays,Nightfall Mist,#6A6C8B,Main Bedroom & Ceilings,Sleep-Inducing Blues & Storm Grays tone curated for optimal interior/exterior depth and light reflectance.
SHADE-0986,Most Searched: Bedroom,Sleep-Inducing Blues & Storm Grays,Overcast Pearl,#72789B,Main Bedroom & Ceilings,Sleep-Inducing Blues & Storm Grays tone curated for optimal interior/exterior depth and light reflectance.
SHADE-0987,Most Searched: Bedroom,Sleep-Inducing Blues & Storm Grays,Stormy Gray Bedroom,#62839E,Main Bedroom & Ceilings,Sleep-Inducing Blues & Storm Grays tone curated for optimal interior/exterior depth and light reflectance.
SHADE-0988,Most Searched: Bedroom,Sleep-Inducing Blues & Storm Grays,Blue Cashmere Bedroom,#677985,Main Bedroom & Ceilings,Sleep-Inducing Blues & Storm Grays tone curated for optimal interior/exterior depth and light reflectance.
SHADE-0989,Most Searched: Bedroom,Sleep-Inducing Blues & Storm Grays,Dove Gray,#60809A,Main Bedroom & Ceilings,Sleep-Inducing Blues & Storm Grays tone curated for optimal interior/exterior depth and light reflectance.
SHADE-0990,Most Searched: Bedroom,Sleep-Inducing Blues & Storm Grays,Silent Lagoon,#688C87,Main Bedroom & Ceilings,Sleep-Inducing Blues & Storm Grays tone curated for optimal interior/exterior depth and light reflectance.
SHADE-0991,Most Searched: Bedroom,Sleep-Inducing Blues & Storm Grays,Silver Steel,#677985,Main Bedroom & Ceilings,Sleep-Inducing Blues & Storm Grays tone curated for optimal interior/exterior depth and light reflectance.
SHADE-0992,Most Searched: Bedroom,Sleep-Inducing Blues & Storm Grays,Deep Twilight,#747B9F,Main Bedroom & Ceilings,Sleep-Inducing Blues & Storm Grays tone curated for optimal interior/exterior depth and light reflectance.
SHADE-0993,Most Searched: Bedroom,Sleep-Inducing Blues & Storm Grays,Steel Feather,#62839E,Main Bedroom & Ceilings,Sleep-Inducing Blues & Storm Grays tone curated for optimal interior/exterior depth and light reflectance.
SHADE-0994,Most Searched: Bedroom,Sleep-Inducing Blues & Storm Grays,Raindrop Haze,#58748A,Main Bedroom & Ceilings,Sleep-Inducing Blues & Storm Grays tone curated for optimal interior/exterior depth and light reflectance.
SHADE-0995,Most Searched: Bedroom,Sleep-Inducing Blues & Storm Grays,Pale Cobalt,#6B7F8D,Main Bedroom & Ceilings,Sleep-Inducing Blues & Storm Grays tone curated for optimal interior/exterior depth and light reflectance.
SHADE-0996,Most Searched: Bedroom,Sleep-Inducing Blues & Storm Grays,Starlit Sky,#718899,Main Bedroom & Ceilings,Sleep-Inducing Blues & Storm Grays tone curated for optimal interior/exterior depth and light reflectance.
SHADE-0997,Most Searched: Bedroom,Sleep-Inducing Blues & Storm Grays,Whispering Dusk,#558184,Main Bedroom & Ceilings,Sleep-Inducing Blues & Storm Grays tone curated for optimal interior/exterior depth and light reflectance.
SHADE-0998,Most Searched: Bedroom,Sleep-Inducing Blues & Storm Grays,Deep Chambray Bedroom,#668983,Main Bedroom & Ceilings,Sleep-Inducing Blues & Storm Grays tone curated for optimal interior/exterior depth and light reflectance.
SHADE-0999,Most Searched: Bedroom,Sleep-Inducing Blues & Storm Grays,Midnight Dream,#558184,Main Bedroom & Ceilings,Sleep-Inducing Blues & Storm Grays tone curated for optimal interior/exterior depth and light reflectance.
SHADE-1000,Most Searched: Bedroom,Sleep-Inducing Blues & Storm Grays,Nordic Fog Blue,#677985,Main Bedroom & Ceilings,Sleep-Inducing Blues & Storm Grays tone curated for optimal interior/exterior depth and light reflectance.
SHADE-1001,Most Searched: Bedroom,Sleep-Inducing Blues & Storm Grays,Evening Haze,#688C87,Main Bedroom & Ceilings,Sleep-Inducing Blues & Storm Grays tone curated for optimal interior/exterior depth and light reflectance.
SHADE-1002,Most Searched: Bedroom,Sleep-Inducing Blues & Storm Grays,Pacific Nocturne,#72789B,Main Bedroom & Ceilings,Sleep-Inducing Blues & Storm Grays tone curated for optimal interior/exterior depth and light reflectance.
SHADE-1003,Most Searched: Bedroom,Sleep-Inducing Blues & Storm Grays,Dark Denim Haze,#60809A,Main Bedroom & Ceilings,Sleep-Inducing Blues & Storm Grays tone curated for optimal interior/exterior depth and light reflectance.
SHADE-1004,Most Searched: Bedroom,Sleep-Inducing Blues & Storm Grays,Silent Horizon,#578488,Main Bedroom & Ceilings,Sleep-Inducing Blues & Storm Grays tone curated for optimal interior/exterior depth and light reflectance.
SHADE-1005,Most Searched: Bedroom,Sleep-Inducing Blues & Storm Grays,Drifting Mist Blue,#6E7293,Main Bedroom & Ceilings,Sleep-Inducing Blues & Storm Grays tone curated for optimal interior/exterior depth and light reflectance.
SHADE-1006,Most Searched: Bedroom,Sleep-Inducing Blues & Storm Grays,Quiet Indigo,#59878C,Main Bedroom & Ceilings,Sleep-Inducing Blues & Storm Grays tone curated for optimal interior/exterior depth and light reflectance.
SHADE-1007,Most Searched: Bedroom,Sleep-Inducing Blues & Storm Grays,Sleepy Hollow Blue,#59878C,Main Bedroom & Ceilings,Sleep-Inducing Blues & Storm Grays tone curated for optimal interior/exterior depth and light reflectance.
SHADE-1008,Most Searched: Bedroom,Sleep-Inducing Blues & Storm Grays,Moody Lake,#6F8595,Main Bedroom & Ceilings,Sleep-Inducing Blues & Storm Grays tone curated for optimal interior/exterior depth and light reflectance.
SHADE-1009,Most Searched: Bedroom,Sleep-Inducing Blues & Storm Grays,Distant Twilight,#578488,Main Bedroom & Ceilings,Sleep-Inducing Blues & Storm Grays tone curated for optimal interior/exterior depth and light reflectance.
SHADE-1010,Most Searched: Bedroom,Sleep-Inducing Blues & Storm Grays,Slate Dream,#59878C,Main Bedroom & Ceilings,Sleep-Inducing Blues & Storm Grays tone curated for optimal interior/exterior depth and light reflectance.
SHADE-1011,Most Searched: Bedroom,Sleep-Inducing Blues & Storm Grays,Moonshadow Blue,#526B7E,Main Bedroom & Ceilings,Sleep-Inducing Blues & Storm Grays tone curated for optimal interior/exterior depth and light reflectance.
SHADE-1012,Most Searched: Bedroom,Sleep-Inducing Blues & Storm Grays,Muted Midnight,#537E80,Main Bedroom & Ceilings,Sleep-Inducing Blues & Storm Grays tone curated for optimal interior/exterior depth and light reflectance.
SHADE-1013,Most Searched: Bedroom,Sleep-Inducing Blues & Storm Grays,Calm Harbor,#6B7F8D,Main Bedroom & Ceilings,Sleep-Inducing Blues & Storm Grays tone curated for optimal interior/exterior depth and light reflectance.
SHADE-1014,Most Searched: Bedroom,Sleep-Inducing Blues & Storm Grays,Evening Tide,#6A6C8B,Main Bedroom & Ceilings,Sleep-Inducing Blues & Storm Grays tone curated for optimal interior/exterior depth and light reflectance.
SHADE-1015,Most Searched: Bedroom,Sleep-Inducing Blues & Storm Grays,Deep Slumber Blue,#707597,Main Bedroom & Ceilings,Sleep-Inducing Blues & Storm Grays tone curated for optimal interior/exterior depth and light reflectance.
SHADE-1016,Most Searched: Bedroom,Sleep-Inducing Blues & Storm Grays,Pale Twilight,#747B9F,Main Bedroom & Ceilings,Sleep-Inducing Blues & Storm Grays tone curated for optimal interior/exterior depth and light reflectance.
SHADE-1017,Most Searched: Bedroom,Sleep-Inducing Blues & Storm Grays,Midnight Wool,#567186,Main Bedroom & Ceilings,Sleep-Inducing Blues & Storm Grays tone curated for optimal interior/exterior depth and light reflectance.
SHADE-1018,Most Searched: Bedroom,Sleep-Inducing Blues & Storm Grays,Blue Velvet Mist,#677985,Main Bedroom & Ceilings,Sleep-Inducing Blues & Storm Grays tone curated for optimal interior/exterior depth and light reflectance.
SHADE-1019,Most Searched: Bedroom,Sleep-Inducing Blues & Storm Grays,Quiet Storm Blue,#72789B,Main Bedroom & Ceilings,Sleep-Inducing Blues & Storm Grays tone curated for optimal interior/exterior depth and light reflectance.
SHADE-1020,Most Searched: Bedroom,Sleep-Inducing Blues & Storm Grays,Dusk Horizon,#64867F,Main Bedroom & Ceilings,Sleep-Inducing Blues & Storm Grays tone curated for optimal interior/exterior depth and light reflectance.
SHADE-1021,Most Searched: Bedroom,Sleep-Inducing Blues & Storm Grays,Indigo Reverie,#5A778E,Main Bedroom & Ceilings,Sleep-Inducing Blues & Storm Grays tone curated for optimal interior/exterior depth and light reflectance.
SHADE-1022,Most Searched: Bedroom,Sleep-Inducing Blues & Storm Grays,Restful Cobalt,#72789B,Main Bedroom & Ceilings,Sleep-Inducing Blues & Storm Grays tone curated for optimal interior/exterior depth and light reflectance.
SHADE-1023,Most Searched: Bedroom,Sleep-Inducing Blues & Storm Grays,Smoky Sky Blue,#72789B,Main Bedroom & Ceilings,Sleep-Inducing Blues & Storm Grays tone curated for optimal interior/exterior depth and light reflectance.
SHADE-1024,Most Searched: Bedroom,Sleep-Inducing Blues & Storm Grays,Moonstone Blue,#60809A,Main Bedroom & Ceilings,Sleep-Inducing Blues & Storm Grays tone curated for optimal interior/exterior depth and light reflectance.
SHADE-1025,Most Searched: Bedroom,Sleep-Inducing Blues & Storm Grays,Deep Lagoon Haze,#64867F,Main Bedroom & Ceilings,Sleep-Inducing Blues & Storm Grays tone curated for optimal interior/exterior depth and light reflectance.
SHADE-1026,Most Searched: Bedroom,Sleep-Inducing Blues & Storm Grays,Silent River,#72789B,Main Bedroom & Ceilings,Sleep-Inducing Blues & Storm Grays tone curated for optimal interior/exterior depth and light reflectance.
SHADE-1027,Most Searched: Bedroom,Sleep-Inducing Blues & Storm Grays,Bedtime Navy,#72789B,Main Bedroom & Ceilings,Sleep-Inducing Blues & Storm Grays tone curated for optimal interior/exterior depth and light reflectance.
SHADE-1028,Most Searched: Bedroom,Sleep-Inducing Blues & Storm Grays,Nocturne Fog,#677985,Main Bedroom & Ceilings,Sleep-Inducing Blues & Storm Grays tone curated for optimal interior/exterior depth and light reflectance.
SHADE-1029,Most Searched: Bedroom,Sleep-Inducing Blues & Storm Grays,Pale Nightshade,#707597,Main Bedroom & Ceilings,Sleep-Inducing Blues & Storm Grays tone curated for optimal interior/exterior depth and light reflectance.
SHADE-1030,Most Searched: Bedroom,Sleep-Inducing Blues & Storm Grays,Silver Blue Dust,#6A6C8B,Main Bedroom & Ceilings,Sleep-Inducing Blues & Storm Grays tone curated for optimal interior/exterior depth and light reflectance.
SHADE-1031,Most Searched: Bedroom,Sleep-Inducing Blues & Storm Grays,Dormant Blue,#64867F,Main Bedroom & Ceilings,Sleep-Inducing Blues & Storm Grays tone curated for optimal interior/exterior depth and light reflectance.
SHADE-1032,Most Searched: Bedroom,Sleep-Inducing Blues & Storm Grays,Soft Midnight,#558184,Main Bedroom & Ceilings,Sleep-Inducing Blues & Storm Grays tone curated for optimal interior/exterior depth and light reflectance.
SHADE-1033,Most Searched: Bedroom,Sleep-Inducing Blues & Storm Grays,Slate Rain,#59878C,Main Bedroom & Ceilings,Sleep-Inducing Blues & Storm Grays tone curated for optimal interior/exterior depth and light reflectance.
SHADE-1034,Most Searched: Bedroom,Sleep-Inducing Blues & Storm Grays,Deep Sea Slumber,#677985,Main Bedroom & Ceilings,Sleep-Inducing Blues & Storm Grays tone curated for optimal interior/exterior depth and light reflectance.
SHADE-1035,Most Searched: Bedroom,Sleep-Inducing Blues & Storm Grays,Storm Cloud Haze,#60809A,Main Bedroom & Ceilings,Sleep-Inducing Blues & Storm Grays tone curated for optimal interior/exterior depth and light reflectance.
SHADE-1036,Most Searched: Bedroom,Sleep-Inducing Blues & Storm Grays,Muted Navy Haze,#657681,Main Bedroom & Ceilings,Sleep-Inducing Blues & Storm Grays tone curated for optimal interior/exterior depth and light reflectance.
SHADE-1037,Most Searched: Bedroom,Sleep-Inducing Blues & Storm Grays,Silent Sea,#6B7F8D,Main Bedroom & Ceilings,Sleep-Inducing Blues & Storm Grays tone curated for optimal interior/exterior depth and light reflectance.
SHADE-1038,Most Searched: Bedroom,Sleep-Inducing Blues & Storm Grays,Deep Marine Mist,#60809A,Main Bedroom & Ceilings,Sleep-Inducing Blues & Storm Grays tone curated for optimal interior/exterior depth and light reflectance.
SHADE-1039,Most Searched: Bedroom,Sleep-Inducing Blues & Storm Grays,Pacific Dusk,#5A778E,Main Bedroom & Ceilings,Sleep-Inducing Blues & Storm Grays tone curated for optimal interior/exterior depth and light reflectance.
SHADE-1040,Most Searched: Bedroom,Sleep-Inducing Blues & Storm Grays,Calming Indigo,#677985,Main Bedroom & Ceilings,Sleep-Inducing Blues & Storm Grays tone curated for optimal interior/exterior depth and light reflectance.
SHADE-1041,Most Searched: Bedroom,Sleep-Inducing Blues & Storm Grays,Blue Eclipse,#62839E,Main Bedroom & Ceilings,Sleep-Inducing Blues & Storm Grays tone curated for optimal interior/exterior depth and light reflectance.
SHADE-1042,Most Searched: Bedroom,Sleep-Inducing Blues & Storm Grays,Evening Raindrop,#668983,Main Bedroom & Ceilings,Sleep-Inducing Blues & Storm Grays tone curated for optimal interior/exterior depth and light reflectance.
SHADE-1043,Most Searched: Bedroom,Sleep-Inducing Blues & Storm Grays,Midnight Shadow,#677985,Main Bedroom & Ceilings,Sleep-Inducing Blues & Storm Grays tone curated for optimal interior/exterior depth and light reflectance.
SHADE-1044,Most Searched: Bedroom,Sleep-Inducing Blues & Storm Grays,Restful Slate,#558184,Main Bedroom & Ceilings,Sleep-Inducing Blues & Storm Grays tone curated for optimal interior/exterior depth and light reflectance.
SHADE-1045,Most Searched: Bedroom,Sleep-Inducing Blues & Storm Grays,Dusky Chambray,#526B7E,Main Bedroom & Ceilings,Sleep-Inducing Blues & Storm Grays tone curated for optimal interior/exterior depth and light reflectance.
SHADE-1046,Most Searched: Bedroom,Sleep-Inducing Blues & Storm Grays,Twilight Reverie,#5C7A92,Main Bedroom & Ceilings,Sleep-Inducing Blues & Storm Grays tone curated for optimal interior/exterior depth and light reflectance.
SHADE-1047,Most Searched: Bedroom,Sleep-Inducing Blues & Storm Grays,Blue Haze Dream,#5F6D98,Main Bedroom & Ceilings,Sleep-Inducing Blues & Storm Grays tone curated for optimal interior/exterior depth and light reflectance.
SHADE-1048,Most Searched: Bedroom,Sleep-Inducing Blues & Storm Grays,Nocturne Sky,#6C6F8F,Main Bedroom & Ceilings,Sleep-Inducing Blues & Storm Grays tone curated for optimal interior/exterior depth and light reflectance.
SHADE-1049,Most Searched: Bedroom,Sleep-Inducing Blues & Storm Grays,Silent Marine,#6D8291,Main Bedroom & Ceilings,Sleep-Inducing Blues & Storm Grays tone curated for optimal interior/exterior depth and light reflectance.
SHADE-1050,Most Searched: Bedroom,Sleep-Inducing Blues & Storm Grays,Dormant Twilight,#5E7D96,Main Bedroom & Ceilings,Sleep-Inducing Blues & Storm Grays tone curated for optimal interior/exterior depth and light reflectance.
SHADE-1051,Most Searched: Bedroom,Biophilic & Calming Greens,Eucalyptus Shadow,#709E7C,Primary Wall Colors,Biophilic & Calming Greens tone curated for optimal interior/exterior depth and light reflectance.
SHADE-1052,Most Searched: Bedroom,Biophilic & Calming Greens,Muted Pine,#8CA591,Primary Wall Colors,Biophilic & Calming Greens tone curated for optimal interior/exterior depth and light reflectance.
SHADE-1053,Most Searched: Bedroom,Biophilic & Calming Greens,Silver Fir,#6E9B78,Primary Wall Colors,Biophilic & Calming Greens tone curated for optimal interior/exterior depth and light reflectance.
SHADE-1054,Most Searched: Bedroom,Biophilic & Calming Greens,Dusty Meadow,#898F8B,Primary Wall Colors,Biophilic & Calming Greens tone curated for optimal interior/exterior depth and light reflectance.
SHADE-1055,Most Searched: Bedroom,Biophilic & Calming Greens,Laurel Mist,#709E7C,Primary Wall Colors,Biophilic & Calming Greens tone curated for optimal interior/exterior depth and light reflectance.
SHADE-1056,Most Searched: Bedroom,Biophilic & Calming Greens,Soft Olive Bedroom,#869C85,Primary Wall Colors,Biophilic & Calming Greens tone curated for optimal interior/exterior depth and light reflectance.
SHADE-1057,Most Searched: Bedroom,Biophilic & Calming Greens,Morning Moss,#7DA073,Primary Wall Colors,Biophilic & Calming Greens tone curated for optimal interior/exterior depth and light reflectance.
SHADE-1058,Most Searched: Bedroom,Biophilic & Calming Greens,Pale Jade,#739182,Primary Wall Colors,Biophilic & Calming Greens tone curated for optimal interior/exterior depth and light reflectance.
SHADE-1059,Most Searched: Bedroom,Biophilic & Calming Greens,Spearmint Dust,#6C9874,Primary Wall Colors,Biophilic & Calming Greens tone curated for optimal interior/exterior depth and light reflectance.
SHADE-1060,Most Searched: Bedroom,Biophilic & Calming Greens,Dewy Cypress,#6D8876,Primary Wall Colors,Biophilic & Calming Greens tone curated for optimal interior/exterior depth and light reflectance.
SHADE-1061,Most Searched: Bedroom,Biophilic & Calming Greens,Forest Vapor,#869C85,Primary Wall Colors,Biophilic & Calming Greens tone curated for optimal interior/exterior depth and light reflectance.
SHADE-1062,Most Searched: Bedroom,Biophilic & Calming Greens,Tea Tree Green Bedroom,#709E7C,Primary Wall Colors,Biophilic & Calming Greens tone curated for optimal interior/exterior depth and light reflectance.
SHADE-1063,Most Searched: Bedroom,Biophilic & Calming Greens,Washed Aloe,#7E9075,Primary Wall Colors,Biophilic & Calming Greens tone curated for optimal interior/exterior depth and light reflectance.
SHADE-1064,Most Searched: Bedroom,Biophilic & Calming Greens,Herbal Haze,#7E9075,Primary Wall Colors,Biophilic & Calming Greens tone curated for optimal interior/exterior depth and light reflectance.
SHADE-1065,Most Searched: Bedroom,Biophilic & Calming Greens,Meadow Fog,#8B928F,Primary Wall Colors,Biophilic & Calming Greens tone curated for optimal interior/exterior depth and light reflectance.
SHADE-1066,Most Searched: Bedroom,Biophilic & Calming Greens,Dried Chive Bedroom,#898F8B,Primary Wall Colors,Biophilic & Calming Greens tone curated for optimal interior/exterior depth and light reflectance.
SHADE-1067,Most Searched: Bedroom,Biophilic & Calming Greens,Calming Juniper,#7C8D94,Primary Wall Colors,Biophilic & Calming Greens tone curated for optimal interior/exterior depth and light reflectance.
SHADE-1068,Most Searched: Bedroom,Biophilic & Calming Greens,Frosted Lichen,#849981,Primary Wall Colors,Biophilic & Calming Greens tone curated for optimal interior/exterior depth and light reflectance.
SHADE-1069,Most Searched: Bedroom,Biophilic & Calming Greens,Soft Reed,#858983,Primary Wall Colors,Biophilic & Calming Greens tone curated for optimal interior/exterior depth and light reflectance.
SHADE-1070,Most Searched: Bedroom,Biophilic & Calming Greens,Pale Fir,#809379,Primary Wall Colors,Biophilic & Calming Greens tone curated for optimal interior/exterior depth and light reflectance.
SHADE-1071,Most Searched: Bedroom,Biophilic & Calming Greens,Quiet Forest,#8D9593,Primary Wall Colors,Biophilic & Calming Greens tone curated for optimal interior/exterior depth and light reflectance.
SHADE-1072,Most Searched: Bedroom,Biophilic & Calming Greens,Spruce Mist,#7DA073,Primary Wall Colors,Biophilic & Calming Greens tone curated for optimal interior/exterior depth and light reflectance.
SHADE-1073,Most Searched: Bedroom,Biophilic & Calming Greens,Sleepy Willow,#83867F,Primary Wall Colors,Biophilic & Calming Greens tone curated for optimal interior/exterior depth and light reflectance.
SHADE-1074,Most Searched: Bedroom,Biophilic & Calming Greens,Restful Sage,#898F8B,Primary Wall Colors,Biophilic & Calming Greens tone curated for optimal interior/exterior depth and light reflectance.
SHADE-1075,Most Searched: Bedroom,Biophilic & Calming Greens,Morning Dew Green,#74A484,Primary Wall Colors,Biophilic & Calming Greens tone curated for optimal interior/exterior depth and light reflectance.
SHADE-1076,Most Searched: Bedroom,Biophilic & Calming Greens,Fern Shadow,#889F89,Primary Wall Colors,Biophilic & Calming Greens tone curated for optimal interior/exterior depth and light reflectance.
SHADE-1077,Most Searched: Bedroom,Biophilic & Calming Greens,Calm Cypress,#869C85,Primary Wall Colors,Biophilic & Calming Greens tone curated for optimal interior/exterior depth and light reflectance.
SHADE-1078,Most Searched: Bedroom,Biophilic & Calming Greens,Herbal Slumber,#7B9D92,Primary Wall Colors,Biophilic & Calming Greens tone curated for optimal interior/exterior depth and light reflectance.
SHADE-1079,Most Searched: Bedroom,Biophilic & Calming Greens,Soft Botanical Bed,#77978A,Primary Wall Colors,Biophilic & Calming Greens tone curated for optimal interior/exterior depth and light reflectance.
SHADE-1080,Most Searched: Bedroom,Biophilic & Calming Greens,Lush Moss Mist,#709E7C,Primary Wall Colors,Biophilic & Calming Greens tone curated for optimal interior/exterior depth and light reflectance.
SHADE-1081,Most Searched: Bedroom,Biophilic & Calming Greens,Muted Balsam,#7FA377,Primary Wall Colors,Biophilic & Calming Greens tone curated for optimal interior/exterior depth and light reflectance.
SHADE-1082,Most Searched: Bedroom,Biophilic & Calming Greens,Distant Foliage,#8AA28D,Primary Wall Colors,Biophilic & Calming Greens tone curated for optimal interior/exterior depth and light reflectance.
SHADE-1083,Most Searched: Bedroom,Biophilic & Calming Greens,Celandine Green,#6E9B78,Primary Wall Colors,Biophilic & Calming Greens tone curated for optimal interior/exterior depth and light reflectance.
SHADE-1084,Most Searched: Bedroom,Biophilic & Calming Greens,Washed Olive Leaf,#898F8B,Primary Wall Colors,Biophilic & Calming Greens tone curated for optimal interior/exterior depth and light reflectance.
SHADE-1085,Most Searched: Bedroom,Biophilic & Calming Greens,Peaceful Pine,#83867F,Primary Wall Colors,Biophilic & Calming Greens tone curated for optimal interior/exterior depth and light reflectance.
SHADE-1086,Most Searched: Bedroom,Biophilic & Calming Greens,Pinecone Frost,#7B9D92,Primary Wall Colors,Biophilic & Calming Greens tone curated for optimal interior/exterior depth and light reflectance.
SHADE-1087,Most Searched: Bedroom,Biophilic & Calming Greens,Muted Cedar,#8CA591,Primary Wall Colors,Biophilic & Calming Greens tone curated for optimal interior/exterior depth and light reflectance.
SHADE-1088,Most Searched: Bedroom,Biophilic & Calming Greens,Tranquil Moss,#8D9593,Primary Wall Colors,Biophilic & Calming Greens tone curated for optimal interior/exterior depth and light reflectance.
SHADE-1089,Most Searched: Bedroom,Biophilic & Calming Greens,Pale Fir Needle,#8B928F,Primary Wall Colors,Biophilic & Calming Greens tone curated for optimal interior/exterior depth and light reflectance.
SHADE-1090,Most Searched: Bedroom,Biophilic & Calming Greens,Botanical Mist,#83867F,Primary Wall Colors,Biophilic & Calming Greens tone curated for optimal interior/exterior depth and light reflectance.
SHADE-1091,Most Searched: Bedroom,Biophilic & Calming Greens,Soft Fern Glade,#759486,Primary Wall Colors,Biophilic & Calming Greens tone curated for optimal interior/exterior depth and light reflectance.
SHADE-1092,Most Searched: Bedroom,Biophilic & Calming Greens,Sleepy Meadow,#718E7E,Primary Wall Colors,Biophilic & Calming Greens tone curated for optimal interior/exterior depth and light reflectance.
SHADE-1093,Most Searched: Bedroom,Biophilic & Calming Greens,Dewdrop Grass,#6B8572,Primary Wall Colors,Biophilic & Calming Greens tone curated for optimal interior/exterior depth and light reflectance.
SHADE-1094,Most Searched: Bedroom,Biophilic & Calming Greens,Calm Herbarium,#759486,Primary Wall Colors,Biophilic & Calming Greens tone curated for optimal interior/exterior depth and light reflectance.
SHADE-1095,Most Searched: Bedroom,Biophilic & Calming Greens,Woodland Slumber,#81A67B,Primary Wall Colors,Biophilic & Calming Greens tone curated for optimal interior/exterior depth and light reflectance.
SHADE-1096,Most Searched: Bedroom,Biophilic & Calming Greens,Pale Clover,#759486,Primary Wall Colors,Biophilic & Calming Greens tone curated for optimal interior/exterior depth and light reflectance.
SHADE-1097,Most Searched: Bedroom,Biophilic & Calming Greens,Silver Botanical,#8D9593,Primary Wall Colors,Biophilic & Calming Greens tone curated for optimal interior/exterior depth and light reflectance.
SHADE-1098,Most Searched: Bedroom,Biophilic & Calming Greens,Muted Cypress Needle,#8CA591,Primary Wall Colors,Biophilic & Calming Greens tone curated for optimal interior/exterior depth and light reflectance.
SHADE-1099,Most Searched: Bedroom,Biophilic & Calming Greens,Restful Forest,#799A8E,Primary Wall Colors,Biophilic & Calming Greens tone curated for optimal interior/exterior depth and light reflectance.
SHADE-1100,Most Searched: Bedroom,Biophilic & Calming Greens,Morning Fern,#76A788,Primary Wall Colors,Biophilic & Calming Greens tone curated for optimal interior/exterior depth and light reflectance.
SHADE-1101,Most Searched: Bedroom,Biophilic & Calming Greens,Silent Spruce,#7B9D92,Primary Wall Colors,Biophilic & Calming Greens tone curated for optimal interior/exterior depth and light reflectance.
SHADE-1102,Most Searched: Bedroom,Biophilic & Calming Greens,Herbal Dream,#709E7C,Primary Wall Colors,Biophilic & Calming Greens tone curated for optimal interior/exterior depth and light reflectance.
SHADE-1103,Most Searched: Bedroom,Biophilic & Calming Greens,Frosted Pine Needle,#8AA28D,Primary Wall Colors,Biophilic & Calming Greens tone curated for optimal interior/exterior depth and light reflectance.
SHADE-1104,Most Searched: Bedroom,Biophilic & Calming Greens,Pale Birch Leaf,#6C9874,Primary Wall Colors,Biophilic & Calming Greens tone curated for optimal interior/exterior depth and light reflectance.
SHADE-1105,Most Searched: Bedroom,Biophilic & Calming Greens,Quiet Meadow,#7FA377,Primary Wall Colors,Biophilic & Calming Greens tone curated for optimal interior/exterior depth and light reflectance.
SHADE-1106,Most Searched: Bedroom,Biophilic & Calming Greens,Peaceful Lichen,#869C85,Primary Wall Colors,Biophilic & Calming Greens tone curated for optimal interior/exterior depth and light reflectance.
SHADE-1107,Most Searched: Bedroom,Biophilic & Calming Greens,Dewy Meadow Green,#878C87,Primary Wall Colors,Biophilic & Calming Greens tone curated for optimal interior/exterior depth and light reflectance.
SHADE-1108,Most Searched: Bedroom,Biophilic & Calming Greens,Restful Celadon,#849981,Primary Wall Colors,Biophilic & Calming Greens tone curated for optimal interior/exterior depth and light reflectance.
SHADE-1109,Most Searched: Bedroom,Biophilic & Calming Greens,Gentle Forest,#6F8B7A,Primary Wall Colors,Biophilic & Calming Greens tone curated for optimal interior/exterior depth and light reflectance.
SHADE-1110,Most Searched: Bedroom,Biophilic & Calming Greens,Pale Cedar Mist,#799A8E,Primary Wall Colors,Biophilic & Calming Greens tone curated for optimal interior/exterior depth and light reflectance.
SHADE-1111,Most Searched: Bedroom,Biophilic & Calming Greens,Muted Bamboo,#7FA377,Primary Wall Colors,Biophilic & Calming Greens tone curated for optimal interior/exterior depth and light reflectance.
SHADE-1112,Most Searched: Bedroom,Biophilic & Calming Greens,Botanical Dream,#898F8B,Primary Wall Colors,Biophilic & Calming Greens tone curated for optimal interior/exterior depth and light reflectance.
SHADE-1113,Most Searched: Bedroom,Biophilic & Calming Greens,Morning Garden Fog,#6E9B78,Primary Wall Colors,Biophilic & Calming Greens tone curated for optimal interior/exterior depth and light reflectance.
SHADE-1114,Most Searched: Bedroom,Biophilic & Calming Greens,Restful Juniper,#78878C,Primary Wall Colors,Biophilic & Calming Greens tone curated for optimal interior/exterior depth and light reflectance.
SHADE-1115,Most Searched: Bedroom,Biophilic & Calming Greens,Soft Bamboo Leaf,#809379,Primary Wall Colors,Biophilic & Calming Greens tone curated for optimal interior/exterior depth and light reflectance.
SHADE-1116,Most Searched: Bedroom,Biophilic & Calming Greens,Pine Fog,#849981,Primary Wall Colors,Biophilic & Calming Greens tone curated for optimal interior/exterior depth and light reflectance.
SHADE-1117,Most Searched: Bedroom,Biophilic & Calming Greens,Sleepy Evergreen,#809379,Primary Wall Colors,Biophilic & Calming Greens tone curated for optimal interior/exterior depth and light reflectance.
SHADE-1118,Most Searched: Bedroom,Biophilic & Calming Greens,Washed Laurel,#77978A,Primary Wall Colors,Biophilic & Calming Greens tone curated for optimal interior/exterior depth and light reflectance.
SHADE-1119,Most Searched: Bedroom,Biophilic & Calming Greens,Serene Sagebrush,#7FA377,Primary Wall Colors,Biophilic & Calming Greens tone curated for optimal interior/exterior depth and light reflectance.
SHADE-1120,Most Searched: Bedroom,Biophilic & Calming Greens,Calm Woodland,#759486,Primary Wall Colors,Biophilic & Calming Greens tone curated for optimal interior/exterior depth and light reflectance.
SHADE-1121,Most Searched: Bedroom,Biophilic & Calming Greens,Forest Whisper,#8AA28D,Primary Wall Colors,Biophilic & Calming Greens tone curated for optimal interior/exterior depth and light reflectance.
SHADE-1122,Most Searched: Bedroom,Biophilic & Calming Greens,Quiet Cypress,#6C9874,Primary Wall Colors,Biophilic & Calming Greens tone curated for optimal interior/exterior depth and light reflectance.
SHADE-1123,Most Searched: Bedroom,Biophilic & Calming Greens,Herbal Pillow Green,#74A484,Primary Wall Colors,Biophilic & Calming Greens tone curated for optimal interior/exterior depth and light reflectance.
SHADE-1124,Most Searched: Bedroom,Biophilic & Calming Greens,Pale Spruce Mist,#76A788,Primary Wall Colors,Biophilic & Calming Greens tone curated for optimal interior/exterior depth and light reflectance.
SHADE-1125,Most Searched: Bedroom,Biophilic & Calming Greens,Dormant Pine,#74A484,Primary Wall Colors,Biophilic & Calming Greens tone curated for optimal interior/exterior depth and light reflectance.
SHADE-1126,Most Searched: Bedroom,Cozy Cocooning & Deep Darks,Cashmere Tan,#4F4C48,Cozy Accent & Feature Wall,Cozy Cocooning & Deep Darks tone curated for optimal interior/exterior depth and light reflectance.
SHADE-1127,Most Searched: Bedroom,Cozy Cocooning & Deep Darks,Deep Blackberry,#573558,Cozy Accent & Feature Wall,Cozy Cocooning & Deep Darks tone curated for optimal interior/exterior depth and light reflectance.
SHADE-1128,Most Searched: Bedroom,Cozy Cocooning & Deep Darks,Dusty Sienna,#6B535D,Cozy Accent & Feature Wall,Cozy Cocooning & Deep Darks tone curated for optimal interior/exterior depth and light reflectance.
SHADE-1129,Most Searched: Bedroom,Cozy Cocooning & Deep Darks,Smoked Plum,#62344B,Cozy Accent & Feature Wall,Cozy Cocooning & Deep Darks tone curated for optimal interior/exterior depth and light reflectance.
SHADE-1130,Most Searched: Bedroom,Cozy Cocooning & Deep Darks,Velvet Taupe,#605447,Cozy Accent & Feature Wall,Cozy Cocooning & Deep Darks tone curated for optimal interior/exterior depth and light reflectance.
SHADE-1131,Most Searched: Bedroom,Cozy Cocooning & Deep Darks,Midnight Indigo Bedroom,#663A53,Cozy Accent & Feature Wall,Cozy Cocooning & Deep Darks tone curated for optimal interior/exterior depth and light reflectance.
SHADE-1132,Most Searched: Bedroom,Cozy Cocooning & Deep Darks,Charcoal Mauve,#5C4E3F,Cozy Accent & Feature Wall,Cozy Cocooning & Deep Darks tone curated for optimal interior/exterior depth and light reflectance.
SHADE-1133,Most Searched: Bedroom,Cozy Cocooning & Deep Darks,Muted Cinnabar,#6A405B,Cozy Accent & Feature Wall,Cozy Cocooning & Deep Darks tone curated for optimal interior/exterior depth and light reflectance.
SHADE-1134,Most Searched: Bedroom,Cozy Cocooning & Deep Darks,Deep Truffle Bedroom,#6A405B,Cozy Accent & Feature Wall,Cozy Cocooning & Deep Darks tone curated for optimal interior/exterior depth and light reflectance.
SHADE-1135,Most Searched: Bedroom,Cozy Cocooning & Deep Darks,Roasted Fig,#6C435F,Cozy Accent & Feature Wall,Cozy Cocooning & Deep Darks tone curated for optimal interior/exterior depth and light reflectance.
SHADE-1136,Most Searched: Bedroom,Cozy Cocooning & Deep Darks,Bitter Chocolate,#535250,Cozy Accent & Feature Wall,Cozy Cocooning & Deep Darks tone curated for optimal interior/exterior depth and light reflectance.
SHADE-1137,Most Searched: Bedroom,Cozy Cocooning & Deep Darks,Cocoa Dust,#663A53,Cozy Accent & Feature Wall,Cozy Cocooning & Deep Darks tone curated for optimal interior/exterior depth and light reflectance.
SHADE-1138,Most Searched: Bedroom,Cozy Cocooning & Deep Darks,Dusty Berry,#605447,Cozy Accent & Feature Wall,Cozy Cocooning & Deep Darks tone curated for optimal interior/exterior depth and light reflectance.
SHADE-1139,Most Searched: Bedroom,Cozy Cocooning & Deep Darks,Raisin Plum,#535250,Cozy Accent & Feature Wall,Cozy Cocooning & Deep Darks tone curated for optimal interior/exterior depth and light reflectance.
SHADE-1140,Most Searched: Bedroom,Cozy Cocooning & Deep Darks,Warm Suede,#573558,Cozy Accent & Feature Wall,Cozy Cocooning & Deep Darks tone curated for optimal interior/exterior depth and light reflectance.
SHADE-1141,Most Searched: Bedroom,Cozy Cocooning & Deep Darks,Mulled Burgundy,#544252,Cozy Accent & Feature Wall,Cozy Cocooning & Deep Darks tone curated for optimal interior/exterior depth and light reflectance.
SHADE-1142,Most Searched: Bedroom,Cozy Cocooning & Deep Darks,Dark Peony,#564556,Cozy Accent & Feature Wall,Cozy Cocooning & Deep Darks tone curated for optimal interior/exterior depth and light reflectance.
SHADE-1143,Most Searched: Bedroom,Cozy Cocooning & Deep Darks,Vintage Merlot,#4A333E,Cozy Accent & Feature Wall,Cozy Cocooning & Deep Darks tone curated for optimal interior/exterior depth and light reflectance.
SHADE-1144,Most Searched: Bedroom,Cozy Cocooning & Deep Darks,Shadow Mauve,#654A51,Cozy Accent & Feature Wall,Cozy Cocooning & Deep Darks tone curated for optimal interior/exterior depth and light reflectance.
SHADE-1145,Most Searched: Bedroom,Cozy Cocooning & Deep Darks,Deep Terracotta Bedroom,#63474D,Cozy Accent & Feature Wall,Cozy Cocooning & Deep Darks tone curated for optimal interior/exterior depth and light reflectance.
SHADE-1146,Most Searched: Bedroom,Cozy Cocooning & Deep Darks,Smoked Fig,#503C4A,Cozy Accent & Feature Wall,Cozy Cocooning & Deep Darks tone curated for optimal interior/exterior depth and light reflectance.
SHADE-1147,Most Searched: Bedroom,Cozy Cocooning & Deep Darks,Velvet Espresso,#6C435F,Cozy Accent & Feature Wall,Cozy Cocooning & Deep Darks tone curated for optimal interior/exterior depth and light reflectance.
SHADE-1148,Most Searched: Bedroom,Cozy Cocooning & Deep Darks,Dark Plum Nectar,#605447,Cozy Accent & Feature Wall,Cozy Cocooning & Deep Darks tone curated for optimal interior/exterior depth and light reflectance.
SHADE-1149,Most Searched: Bedroom,Cozy Cocooning & Deep Darks,Cocooning Charcoal,#544252,Cozy Accent & Feature Wall,Cozy Cocooning & Deep Darks tone curated for optimal interior/exterior depth and light reflectance.
SHADE-1150,Most Searched: Bedroom,Cozy Cocooning & Deep Darks,Warm Corduroy Brown,#4E3946,Cozy Accent & Feature Wall,Cozy Cocooning & Deep Darks tone curated for optimal interior/exterior depth and light reflectance.
SHADE-1151,Most Searched: Bedroom,Cozy Cocooning & Deep Darks,Deep Damson,#4B4640,Cozy Accent & Feature Wall,Cozy Cocooning & Deep Darks tone curated for optimal interior/exterior depth and light reflectance.
SHADE-1152,Most Searched: Bedroom,Cozy Cocooning & Deep Darks,Blackcurrant Mist,#6A405B,Cozy Accent & Feature Wall,Cozy Cocooning & Deep Darks tone curated for optimal interior/exterior depth and light reflectance.
SHADE-1153,Most Searched: Bedroom,Cozy Cocooning & Deep Darks,Mulled Wine,#4D4944,Cozy Accent & Feature Wall,Cozy Cocooning & Deep Darks tone curated for optimal interior/exterior depth and light reflectance.
SHADE-1154,Most Searched: Bedroom,Cozy Cocooning & Deep Darks,Dark Cassis,#654A51,Cozy Accent & Feature Wall,Cozy Cocooning & Deep Darks tone curated for optimal interior/exterior depth and light reflectance.
SHADE-1155,Most Searched: Bedroom,Cozy Cocooning & Deep Darks,Velvet Aubergine,#6A405B,Cozy Accent & Feature Wall,Cozy Cocooning & Deep Darks tone curated for optimal interior/exterior depth and light reflectance.
SHADE-1156,Most Searched: Bedroom,Cozy Cocooning & Deep Darks,Spiced Chocolate,#5C4E3F,Cozy Accent & Feature Wall,Cozy Cocooning & Deep Darks tone curated for optimal interior/exterior depth and light reflectance.
SHADE-1157,Most Searched: Bedroom,Cozy Cocooning & Deep Darks,Muted Cabernet,#6C435F,Cozy Accent & Feature Wall,Cozy Cocooning & Deep Darks tone curated for optimal interior/exterior depth and light reflectance.
SHADE-1158,Most Searched: Bedroom,Cozy Cocooning & Deep Darks,Deep Port,#5A4B5E,Cozy Accent & Feature Wall,Cozy Cocooning & Deep Darks tone curated for optimal interior/exterior depth and light reflectance.
SHADE-1159,Most Searched: Bedroom,Cozy Cocooning & Deep Darks,Smoked Mahogany,#4A333E,Cozy Accent & Feature Wall,Cozy Cocooning & Deep Darks tone curated for optimal interior/exterior depth and light reflectance.
SHADE-1160,Most Searched: Bedroom,Cozy Cocooning & Deep Darks,Velvet Truffle,#5D3E41,Cozy Accent & Feature Wall,Cozy Cocooning & Deep Darks tone curated for optimal interior/exterior depth and light reflectance.
SHADE-1161,Most Searched: Bedroom,Cozy Cocooning & Deep Darks,Rich Cocoa Bedroom,#4F4C48,Cozy Accent & Feature Wall,Cozy Cocooning & Deep Darks tone curated for optimal interior/exterior depth and light reflectance.
SHADE-1162,Most Searched: Bedroom,Cozy Cocooning & Deep Darks,Dark Marrow,#4F4C48,Cozy Accent & Feature Wall,Cozy Cocooning & Deep Darks tone curated for optimal interior/exterior depth and light reflectance.
SHADE-1163,Most Searched: Bedroom,Cozy Cocooning & Deep Darks,Toasted Chestnut Bed,#6A405B,Cozy Accent & Feature Wall,Cozy Cocooning & Deep Darks tone curated for optimal interior/exterior depth and light reflectance.
SHADE-1164,Most Searched: Bedroom,Cozy Cocooning & Deep Darks,Deep Blackberry Smoke,#663A53,Cozy Accent & Feature Wall,Cozy Cocooning & Deep Darks tone curated for optimal interior/exterior depth and light reflectance.
SHADE-1165,Most Searched: Bedroom,Cozy Cocooning & Deep Darks,Blackened Currant,#6B535D,Cozy Accent & Feature Wall,Cozy Cocooning & Deep Darks tone curated for optimal interior/exterior depth and light reflectance.
SHADE-1166,Most Searched: Bedroom,Cozy Cocooning & Deep Darks,Velvet Boysenberry,#6B535D,Cozy Accent & Feature Wall,Cozy Cocooning & Deep Darks tone curated for optimal interior/exterior depth and light reflectance.
SHADE-1167,Most Searched: Bedroom,Cozy Cocooning & Deep Darks,Dark Burgundy Wine,#63474D,Cozy Accent & Feature Wall,Cozy Cocooning & Deep Darks tone curated for optimal interior/exterior depth and light reflectance.
SHADE-1168,Most Searched: Bedroom,Cozy Cocooning & Deep Darks,Muted Espresso Bean,#654A51,Cozy Accent & Feature Wall,Cozy Cocooning & Deep Darks tone curated for optimal interior/exterior depth and light reflectance.
SHADE-1169,Most Searched: Bedroom,Cozy Cocooning & Deep Darks,Dark Fig Jam,#503C4A,Cozy Accent & Feature Wall,Cozy Cocooning & Deep Darks tone curated for optimal interior/exterior depth and light reflectance.
SHADE-1170,Most Searched: Bedroom,Cozy Cocooning & Deep Darks,Cocooning Umber,#514F4C,Cozy Accent & Feature Wall,Cozy Cocooning & Deep Darks tone curated for optimal interior/exterior depth and light reflectance.
SHADE-1171,Most Searched: Bedroom,Cozy Cocooning & Deep Darks,Shadow Mahogany,#564556,Cozy Accent & Feature Wall,Cozy Cocooning & Deep Darks tone curated for optimal interior/exterior depth and light reflectance.
SHADE-1172,Most Searched: Bedroom,Cozy Cocooning & Deep Darks,Mulled Plum,#59385C,Cozy Accent & Feature Wall,Cozy Cocooning & Deep Darks tone curated for optimal interior/exterior depth and light reflectance.
SHADE-1173,Most Searched: Bedroom,Cozy Cocooning & Deep Darks,Deep Tawny,#523F4E,Cozy Accent & Feature Wall,Cozy Cocooning & Deep Darks tone curated for optimal interior/exterior depth and light reflectance.
SHADE-1174,Most Searched: Bedroom,Cozy Cocooning & Deep Darks,Dark Cacao Mist,#4B4640,Cozy Accent & Feature Wall,Cozy Cocooning & Deep Darks tone curated for optimal interior/exterior depth and light reflectance.
SHADE-1175,Most Searched: Bedroom,Cozy Cocooning & Deep Darks,Velvet Raisin,#6C435F,Cozy Accent & Feature Wall,Cozy Cocooning & Deep Darks tone curated for optimal interior/exterior depth and light reflectance.
SHADE-1176,Most Searched: Bedroom,Cozy Cocooning & Deep Darks,Smoked Raisin Plum,#6A405B,Cozy Accent & Feature Wall,Cozy Cocooning & Deep Darks tone curated for optimal interior/exterior depth and light reflectance.
SHADE-1177,Most Searched: Bedroom,Cozy Cocooning & Deep Darks,Cozy Hearthstone,#5F4145,Cozy Accent & Feature Wall,Cozy Cocooning & Deep Darks tone curated for optimal interior/exterior depth and light reflectance.
SHADE-1178,Most Searched: Bedroom,Cozy Cocooning & Deep Darks,Dark Espresso Truffle,#5D3E41,Cozy Accent & Feature Wall,Cozy Cocooning & Deep Darks tone curated for optimal interior/exterior depth and light reflectance.
SHADE-1179,Most Searched: Bedroom,Cozy Cocooning & Deep Darks,Deep Maroon Mist,#4D4944,Cozy Accent & Feature Wall,Cozy Cocooning & Deep Darks tone curated for optimal interior/exterior depth and light reflectance.
SHADE-1180,Most Searched: Bedroom,Cozy Cocooning & Deep Darks,Vintage Port Wine,#5C4E3F,Cozy Accent & Feature Wall,Cozy Cocooning & Deep Darks tone curated for optimal interior/exterior depth and light reflectance.
SHADE-1181,Most Searched: Bedroom,Cozy Cocooning & Deep Darks,Velvet Nightfall,#663A53,Cozy Accent & Feature Wall,Cozy Cocooning & Deep Darks tone curated for optimal interior/exterior depth and light reflectance.
SHADE-1182,Most Searched: Bedroom,Cozy Cocooning & Deep Darks,Smoked Black Cherry,#564556,Cozy Accent & Feature Wall,Cozy Cocooning & Deep Darks tone curated for optimal interior/exterior depth and light reflectance.
SHADE-1183,Most Searched: Bedroom,Cozy Cocooning & Deep Darks,Cocooning Truffle,#6C435F,Cozy Accent & Feature Wall,Cozy Cocooning & Deep Darks tone curated for optimal interior/exterior depth and light reflectance.
SHADE-1184,Most Searched: Bedroom,Cozy Cocooning & Deep Darks,Dark Damson Plum,#535250,Cozy Accent & Feature Wall,Cozy Cocooning & Deep Darks tone curated for optimal interior/exterior depth and light reflectance.
SHADE-1185,Most Searched: Bedroom,Cozy Cocooning & Deep Darks,Mulled Blackberry,#555554,Cozy Accent & Feature Wall,Cozy Cocooning & Deep Darks tone curated for optimal interior/exterior depth and light reflectance.
SHADE-1186,Most Searched: Bedroom,Cozy Cocooning & Deep Darks,Velvet Cacao,#4D4944,Cozy Accent & Feature Wall,Cozy Cocooning & Deep Darks tone curated for optimal interior/exterior depth and light reflectance.
SHADE-1187,Most Searched: Bedroom,Cozy Cocooning & Deep Darks,Rich Chocolate Ganache,#514F4C,Cozy Accent & Feature Wall,Cozy Cocooning & Deep Darks tone curated for optimal interior/exterior depth and light reflectance.
SHADE-1188,Most Searched: Bedroom,Cozy Cocooning & Deep Darks,Smoked Burgundy Wine,#683D57,Cozy Accent & Feature Wall,Cozy Cocooning & Deep Darks tone curated for optimal interior/exterior depth and light reflectance.
SHADE-1189,Most Searched: Bedroom,Cozy Cocooning & Deep Darks,Deep Blackcurrant,#4D4944,Cozy Accent & Feature Wall,Cozy Cocooning & Deep Darks tone curated for optimal interior/exterior depth and light reflectance.
SHADE-1190,Most Searched: Bedroom,Cozy Cocooning & Deep Darks,Dark Spiced Truffle,#5A4B5E,Cozy Accent & Feature Wall,Cozy Cocooning & Deep Darks tone curated for optimal interior/exterior depth and light reflectance.
SHADE-1191,Most Searched: Bedroom,Cozy Cocooning & Deep Darks,Velvet Cassis,#564556,Cozy Accent & Feature Wall,Cozy Cocooning & Deep Darks tone curated for optimal interior/exterior depth and light reflectance.
SHADE-1192,Most Searched: Bedroom,Cozy Cocooning & Deep Darks,Shadow Plum,#4D4944,Cozy Accent & Feature Wall,Cozy Cocooning & Deep Darks tone curated for optimal interior/exterior depth and light reflectance.
SHADE-1193,Most Searched: Bedroom,Cozy Cocooning & Deep Darks,Muted Black Cherry,#605447,Cozy Accent & Feature Wall,Cozy Cocooning & Deep Darks tone curated for optimal interior/exterior depth and light reflectance.
SHADE-1194,Most Searched: Bedroom,Cozy Cocooning & Deep Darks,Cocooning Velvet Brown,#63474D,Cozy Accent & Feature Wall,Cozy Cocooning & Deep Darks tone curated for optimal interior/exterior depth and light reflectance.
SHADE-1195,Most Searched: Bedroom,Cozy Cocooning & Deep Darks,Deep Mulled Fig,#4C3642,Cozy Accent & Feature Wall,Cozy Cocooning & Deep Darks tone curated for optimal interior/exterior depth and light reflectance.
SHADE-1196,Most Searched: Bedroom,Cozy Cocooning & Deep Darks,Dark Aubergine Mist,#64374F,Cozy Accent & Feature Wall,Cozy Cocooning & Deep Darks tone curated for optimal interior/exterior depth and light reflectance.
SHADE-1197,Most Searched: Bedroom,Cozy Cocooning & Deep Darks,Rich Tawny Port,#4D4944,Cozy Accent & Feature Wall,Cozy Cocooning & Deep Darks tone curated for optimal interior/exterior depth and light reflectance.
SHADE-1198,Most Searched: Bedroom,Cozy Cocooning & Deep Darks,Smoked Boysenberry,#663A53,Cozy Accent & Feature Wall,Cozy Cocooning & Deep Darks tone curated for optimal interior/exterior depth and light reflectance.
SHADE-1199,Most Searched: Bedroom,Cozy Cocooning & Deep Darks,Cocooning Espresso,#5A4B5E,Cozy Accent & Feature Wall,Cozy Cocooning & Deep Darks tone curated for optimal interior/exterior depth and light reflectance.
SHADE-1200,Most Searched: Bedroom,Cozy Cocooning & Deep Darks,Velvet Blackberry,#64374F,Cozy Accent & Feature Wall,Cozy Cocooning & Deep Darks tone curated for optimal interior/exterior depth and light reflectance.
SHADE-1201,Trendy Across All Spaces,New Age Warm Neutrals & Limewash,Pale Greige Trendy,#F0E3CF,All Living & Open Spaces,New Age Warm Neutrals & Limewash tone curated for optimal interior/exterior depth and light reflectance.
SHADE-1202,Trendy Across All Spaces,New Age Warm Neutrals & Limewash,Sand Bar,#E8D7BF,All Living & Open Spaces,New Age Warm Neutrals & Limewash tone curated for optimal interior/exterior depth and light reflectance.
SHADE-1203,Trendy Across All Spaces,New Age Warm Neutrals & Limewash,French Vanilla Modern,#D2D9B6,All Living & Open Spaces,New Age Warm Neutrals & Limewash tone curated for optimal interior/exterior depth and light reflectance.
SHADE-1204,Trendy Across All Spaces,New Age Warm Neutrals & Limewash,Muted Putty,#D4DCBA,All Living & Open Spaces,New Age Warm Neutrals & Limewash tone curated for optimal interior/exterior depth and light reflectance.
SHADE-1205,Trendy Across All Spaces,New Age Warm Neutrals & Limewash,Sun-Drenched Oat,#D8E2C2,All Living & Open Spaces,New Age Warm Neutrals & Limewash tone curated for optimal interior/exterior depth and light reflectance.
SHADE-1206,Trendy Across All Spaces,New Age Warm Neutrals & Limewash,Raw Cotton,#E9C7C1,All Living & Open Spaces,New Age Warm Neutrals & Limewash tone curated for optimal interior/exterior depth and light reflectance.
SHADE-1207,Trendy Across All Spaces,New Age Warm Neutrals & Limewash,Warm Canvas Modern,#D2D9B6,All Living & Open Spaces,New Age Warm Neutrals & Limewash tone curated for optimal interior/exterior depth and light reflectance.
SHADE-1208,Trendy Across All Spaces,New Age Warm Neutrals & Limewash,Limewash Beige,#DBD5C8,All Living & Open Spaces,New Age Warm Neutrals & Limewash tone curated for optimal interior/exterior depth and light reflectance.
SHADE-1209,Trendy Across All Spaces,New Age Warm Neutrals & Limewash,Pale Cork,#E2CED6,All Living & Open Spaces,New Age Warm Neutrals & Limewash tone curated for optimal interior/exterior depth and light reflectance.
SHADE-1210,Trendy Across All Spaces,New Age Warm Neutrals & Limewash,Oatmeal Dust,#D3C9B8,All Living & Open Spaces,New Age Warm Neutrals & Limewash tone curated for optimal interior/exterior depth and light reflectance.
SHADE-1211,Trendy Across All Spaces,New Age Warm Neutrals & Limewash,Soft Parquet,#E8D7BF,All Living & Open Spaces,New Age Warm Neutrals & Limewash tone curated for optimal interior/exterior depth and light reflectance.
SHADE-1212,Trendy Across All Spaces,New Age Warm Neutrals & Limewash,Desert Haze,#D6DFBE,All Living & Open Spaces,New Age Warm Neutrals & Limewash tone curated for optimal interior/exterior depth and light reflectance.
SHADE-1213,Trendy Across All Spaces,New Age Warm Neutrals & Limewash,Light Clay Modern,#EDCDC9,All Living & Open Spaces,New Age Warm Neutrals & Limewash tone curated for optimal interior/exterior depth and light reflectance.
SHADE-1214,Trendy Across All Spaces,New Age Warm Neutrals & Limewash,Warm Pumice,#DDD8CC,All Living & Open Spaces,New Age Warm Neutrals & Limewash tone curated for optimal interior/exterior depth and light reflectance.
SHADE-1215,Trendy Across All Spaces,New Age Warm Neutrals & Limewash,Birch Bark Modern,#D9D2C4,All Living & Open Spaces,New Age Warm Neutrals & Limewash tone curated for optimal interior/exterior depth and light reflectance.
SHADE-1216,Trendy Across All Spaces,New Age Warm Neutrals & Limewash,Toasted Sesame Trendy,#DAE5C6,All Living & Open Spaces,New Age Warm Neutrals & Limewash tone curated for optimal interior/exterior depth and light reflectance.
SHADE-1217,Trendy Across All Spaces,New Age Warm Neutrals & Limewash,Bleached Hemp,#EADAC3,All Living & Open Spaces,New Age Warm Neutrals & Limewash tone curated for optimal interior/exterior depth and light reflectance.
SHADE-1218,Trendy Across All Spaces,New Age Warm Neutrals & Limewash,Raw Sisal,#F2E6D3,All Living & Open Spaces,New Age Warm Neutrals & Limewash tone curated for optimal interior/exterior depth and light reflectance.
SHADE-1219,Trendy Across All Spaces,New Age Warm Neutrals & Limewash,Cashmere Beige Modern,#E8D7BF,All Living & Open Spaces,New Age Warm Neutrals & Limewash tone curated for optimal interior/exterior depth and light reflectance.
SHADE-1220,Trendy Across All Spaces,New Age Warm Neutrals & Limewash,Pale Travertine Modern,#E0CBD2,All Living & Open Spaces,New Age Warm Neutrals & Limewash tone curated for optimal interior/exterior depth and light reflectance.
SHADE-1221,Trendy Across All Spaces,New Age Warm Neutrals & Limewash,Limewash Linen,#DCE8CA,All Living & Open Spaces,New Age Warm Neutrals & Limewash tone curated for optimal interior/exterior depth and light reflectance.
SHADE-1222,Trendy Across All Spaces,New Age Warm Neutrals & Limewash,Warm Calc Stone,#ECDDC7,All Living & Open Spaces,New Age Warm Neutrals & Limewash tone curated for optimal interior/exterior depth and light reflectance.
SHADE-1223,Trendy Across All Spaces,New Age Warm Neutrals & Limewash,Muted Sandalwood,#E9C7C1,All Living & Open Spaces,New Age Warm Neutrals & Limewash tone curated for optimal interior/exterior depth and light reflectance.
SHADE-1224,Trendy Across All Spaces,New Age Warm Neutrals & Limewash,Brushed Flax,#EBCAC5,All Living & Open Spaces,New Age Warm Neutrals & Limewash tone curated for optimal interior/exterior depth and light reflectance.
SHADE-1225,Trendy Across All Spaces,New Age Warm Neutrals & Limewash,Pale Wicker,#EFD0CD,All Living & Open Spaces,New Age Warm Neutrals & Limewash tone curated for optimal interior/exterior depth and light reflectance.
SHADE-1226,Trendy Across All Spaces,New Age Warm Neutrals & Limewash,Nordic Greige,#E6D4BB,All Living & Open Spaces,New Age Warm Neutrals & Limewash tone curated for optimal interior/exterior depth and light reflectance.
SHADE-1227,Trendy Across All Spaces,New Age Warm Neutrals & Limewash,Chalky Ecru,#DEC8CE,All Living & Open Spaces,New Age Warm Neutrals & Limewash tone curated for optimal interior/exterior depth and light reflectance.
SHADE-1228,Trendy Across All Spaces,New Age Warm Neutrals & Limewash,Raw Plaster Neutral,#D6DFBE,All Living & Open Spaces,New Age Warm Neutrals & Limewash tone curated for optimal interior/exterior depth and light reflectance.
SHADE-1229,Trendy Across All Spaces,New Age Warm Neutrals & Limewash,Sunlit Pumice,#F1D3D1,All Living & Open Spaces,New Age Warm Neutrals & Limewash tone curated for optimal interior/exterior depth and light reflectance.
SHADE-1230,Trendy Across All Spaces,New Age Warm Neutrals & Limewash,Limewash Chalk,#D3C9B8,All Living & Open Spaces,New Age Warm Neutrals & Limewash tone curated for optimal interior/exterior depth and light reflectance.
SHADE-1231,Trendy Across All Spaces,New Age Warm Neutrals & Limewash,Modern Dune,#E7E7BD,All Living & Open Spaces,New Age Warm Neutrals & Limewash tone curated for optimal interior/exterior depth and light reflectance.
SHADE-1232,Trendy Across All Spaces,New Age Warm Neutrals & Limewash,Oat Husk Trendy,#E8D7BF,All Living & Open Spaces,New Age Warm Neutrals & Limewash tone curated for optimal interior/exterior depth and light reflectance.
SHADE-1233,Trendy Across All Spaces,New Age Warm Neutrals & Limewash,Textured Cream,#DBD5C8,All Living & Open Spaces,New Age Warm Neutrals & Limewash tone curated for optimal interior/exterior depth and light reflectance.
SHADE-1234,Trendy Across All Spaces,New Age Warm Neutrals & Limewash,Desert Stone Modern,#E6D4BB,All Living & Open Spaces,New Age Warm Neutrals & Limewash tone curated for optimal interior/exterior depth and light reflectance.
SHADE-1235,Trendy Across All Spaces,New Age Warm Neutrals & Limewash,Sun-Bleached Taupe,#E7E7BD,All Living & Open Spaces,New Age Warm Neutrals & Limewash tone curated for optimal interior/exterior depth and light reflectance.
SHADE-1236,Trendy Across All Spaces,New Age Warm Neutrals & Limewash,Pale Burlap Modern,#DBD5C8,All Living & Open Spaces,New Age Warm Neutrals & Limewash tone curated for optimal interior/exterior depth and light reflectance.
SHADE-1237,Trendy Across All Spaces,New Age Warm Neutrals & Limewash,Warm Mortar,#D3C9B8,All Living & Open Spaces,New Age Warm Neutrals & Limewash tone curated for optimal interior/exterior depth and light reflectance.
SHADE-1238,Trendy Across All Spaces,New Age Warm Neutrals & Limewash,Limewash Silt,#D2D9B6,All Living & Open Spaces,New Age Warm Neutrals & Limewash tone curated for optimal interior/exterior depth and light reflectance.
SHADE-1239,Trendy Across All Spaces,New Age Warm Neutrals & Limewash,Ecru Wool,#E1DED4,All Living & Open Spaces,New Age Warm Neutrals & Limewash tone curated for optimal interior/exterior depth and light reflectance.
SHADE-1240,Trendy Across All Spaces,New Age Warm Neutrals & Limewash,Modern Alabaster,#ECDDC7,All Living & Open Spaces,New Age Warm Neutrals & Limewash tone curated for optimal interior/exterior depth and light reflectance.
SHADE-1241,Trendy Across All Spaces,New Age Warm Neutrals & Limewash,Pumice Wash,#D6DFBE,All Living & Open Spaces,New Age Warm Neutrals & Limewash tone curated for optimal interior/exterior depth and light reflectance.
SHADE-1242,Trendy Across All Spaces,New Age Warm Neutrals & Limewash,Warm Plaster Ecru,#D4DCBA,All Living & Open Spaces,New Age Warm Neutrals & Limewash tone curated for optimal interior/exterior depth and light reflectance.
SHADE-1243,Trendy Across All Spaces,New Age Warm Neutrals & Limewash,Pale Jute Cloth,#F1D3D1,All Living & Open Spaces,New Age Warm Neutrals & Limewash tone curated for optimal interior/exterior depth and light reflectance.
SHADE-1244,Trendy Across All Spaces,New Age Warm Neutrals & Limewash,Soft Bleached Dune,#E2CED6,All Living & Open Spaces,New Age Warm Neutrals & Limewash tone curated for optimal interior/exterior depth and light reflectance.
SHADE-1245,Trendy Across All Spaces,New Age Warm Neutrals & Limewash,Muted Cashmere Wool,#E8D7BF,All Living & Open Spaces,New Age Warm Neutrals & Limewash tone curated for optimal interior/exterior depth and light reflectance.
SHADE-1246,Trendy Across All Spaces,New Age Warm Neutrals & Limewash,Limewash Sand,#E4D1B7,All Living & Open Spaces,New Age Warm Neutrals & Limewash tone curated for optimal interior/exterior depth and light reflectance.
SHADE-1247,Trendy Across All Spaces,New Age Warm Neutrals & Limewash,Desert Dust Modern,#E6D4BB,All Living & Open Spaces,New Age Warm Neutrals & Limewash tone curated for optimal interior/exterior depth and light reflectance.
SHADE-1248,Trendy Across All Spaces,New Age Warm Neutrals & Limewash,Sun-Kissed Chalk,#DCE8CA,All Living & Open Spaces,New Age Warm Neutrals & Limewash tone curated for optimal interior/exterior depth and light reflectance.
SHADE-1249,Trendy Across All Spaces,New Age Warm Neutrals & Limewash,Pale Limestone Wash,#EBCAC5,All Living & Open Spaces,New Age Warm Neutrals & Limewash tone curated for optimal interior/exterior depth and light reflectance.
SHADE-1250,Trendy Across All Spaces,New Age Warm Neutrals & Limewash,Raw Cotton Boll,#D2D9B6,All Living & Open Spaces,New Age Warm Neutrals & Limewash tone curated for optimal interior/exterior depth and light reflectance.
SHADE-1251,Trendy Across All Spaces,New Age Warm Neutrals & Limewash,Muted Sisal Fiber,#DEC8CE,All Living & Open Spaces,New Age Warm Neutrals & Limewash tone curated for optimal interior/exterior depth and light reflectance.
SHADE-1252,Trendy Across All Spaces,New Age Warm Neutrals & Limewash,Limewash Bone,#E9C7C1,All Living & Open Spaces,New Age Warm Neutrals & Limewash tone curated for optimal interior/exterior depth and light reflectance.
SHADE-1253,Trendy Across All Spaces,New Age Warm Neutrals & Limewash,Modern Macadamia,#DBD5C8,All Living & Open Spaces,New Age Warm Neutrals & Limewash tone curated for optimal interior/exterior depth and light reflectance.
SHADE-1254,Trendy Across All Spaces,New Age Warm Neutrals & Limewash,Warm Travertine Wash,#F0E3CF,All Living & Open Spaces,New Age Warm Neutrals & Limewash tone curated for optimal interior/exterior depth and light reflectance.
SHADE-1255,Trendy Across All Spaces,New Age Warm Neutrals & Limewash,Pale Flaxseed,#EFD0CD,All Living & Open Spaces,New Age Warm Neutrals & Limewash tone curated for optimal interior/exterior depth and light reflectance.
SHADE-1256,Trendy Across All Spaces,New Age Warm Neutrals & Limewash,Modern Bleached Linen,#E1DED4,All Living & Open Spaces,New Age Warm Neutrals & Limewash tone curated for optimal interior/exterior depth and light reflectance.
SHADE-1257,Trendy Across All Spaces,New Age Warm Neutrals & Limewash,Raw Silk Neutral,#D4DCBA,All Living & Open Spaces,New Age Warm Neutrals & Limewash tone curated for optimal interior/exterior depth and light reflectance.
SHADE-1258,Trendy Across All Spaces,New Age Warm Neutrals & Limewash,Sun-Washed Putty,#DAE5C6,All Living & Open Spaces,New Age Warm Neutrals & Limewash tone curated for optimal interior/exterior depth and light reflectance.
SHADE-1259,Trendy Across All Spaces,New Age Warm Neutrals & Limewash,Textured Oat Milk,#DCE8CA,All Living & Open Spaces,New Age Warm Neutrals & Limewash tone curated for optimal interior/exterior depth and light reflectance.
SHADE-1260,Trendy Across All Spaces,New Age Warm Neutrals & Limewash,Warm Sand Dust,#F0E3CF,All Living & Open Spaces,New Age Warm Neutrals & Limewash tone curated for optimal interior/exterior depth and light reflectance.
SHADE-1261,Trendy Across All Spaces,New Age Warm Neutrals & Limewash,Limewash Chamois,#D7CFC0,All Living & Open Spaces,New Age Warm Neutrals & Limewash tone curated for optimal interior/exterior depth and light reflectance.
SHADE-1262,Trendy Across All Spaces,New Age Warm Neutrals & Limewash,Modern Birch White,#DBD5C8,All Living & Open Spaces,New Age Warm Neutrals & Limewash tone curated for optimal interior/exterior depth and light reflectance.
SHADE-1263,Trendy Across All Spaces,New Age Warm Neutrals & Limewash,Pale Hemp Fiber,#D5CCBC,All Living & Open Spaces,New Age Warm Neutrals & Limewash tone curated for optimal interior/exterior depth and light reflectance.
SHADE-1264,Trendy Across All Spaces,New Age Warm Neutrals & Limewash,Warm Mortar Wash,#D7CFC0,All Living & Open Spaces,New Age Warm Neutrals & Limewash tone curated for optimal interior/exterior depth and light reflectance.
SHADE-1265,Trendy Across All Spaces,New Age Warm Neutrals & Limewash,Limewash Buff,#E2CED6,All Living & Open Spaces,New Age Warm Neutrals & Limewash tone curated for optimal interior/exterior depth and light reflectance.
SHADE-1266,Trendy Across All Spaces,New Age Warm Neutrals & Limewash,Raw Sisal Weave,#D8E2C2,All Living & Open Spaces,New Age Warm Neutrals & Limewash tone curated for optimal interior/exterior depth and light reflectance.
SHADE-1267,Trendy Across All Spaces,New Age Warm Neutrals & Limewash,Modern Cashmere Putty,#E8D7BF,All Living & Open Spaces,New Age Warm Neutrals & Limewash tone curated for optimal interior/exterior depth and light reflectance.
SHADE-1268,Trendy Across All Spaces,New Age Warm Neutrals & Limewash,Bleached Parchment,#EADAC3,All Living & Open Spaces,New Age Warm Neutrals & Limewash tone curated for optimal interior/exterior depth and light reflectance.
SHADE-1269,Trendy Across All Spaces,New Age Warm Neutrals & Limewash,Sun-Drenched Linen,#EFD0CD,All Living & Open Spaces,New Age Warm Neutrals & Limewash tone curated for optimal interior/exterior depth and light reflectance.
SHADE-1270,Trendy Across All Spaces,New Age Warm Neutrals & Limewash,Limewash Biscuit,#DFDBD0,All Living & Open Spaces,New Age Warm Neutrals & Limewash tone curated for optimal interior/exterior depth and light reflectance.
SHADE-1271,Trendy Across All Spaces,New Age Warm Neutrals & Limewash,Pale Dune Stone,#E2CED6,All Living & Open Spaces,New Age Warm Neutrals & Limewash tone curated for optimal interior/exterior depth and light reflectance.
SHADE-1272,Trendy Across All Spaces,New Age Warm Neutrals & Limewash,Warm Calcite Wash,#ECDDC7,All Living & Open Spaces,New Age Warm Neutrals & Limewash tone curated for optimal interior/exterior depth and light reflectance.
SHADE-1273,Trendy Across All Spaces,New Age Warm Neutrals & Limewash,Raw Flax Modern,#E5E4B9,All Living & Open Spaces,New Age Warm Neutrals & Limewash tone curated for optimal interior/exterior depth and light reflectance.
SHADE-1274,Trendy Across All Spaces,New Age Warm Neutrals & Limewash,Muted Sandalwood Dust,#E4D1B7,All Living & Open Spaces,New Age Warm Neutrals & Limewash tone curated for optimal interior/exterior depth and light reflectance.
SHADE-1275,Trendy Across All Spaces,New Age Warm Neutrals & Limewash,Limewash Parquet,#EADAC3,All Living & Open Spaces,New Age Warm Neutrals & Limewash tone curated for optimal interior/exterior depth and light reflectance.
SHADE-1276,Trendy Across All Spaces,Modern Biophilic Greens,Modern Sage Trendy,#9B9693,"Bedrooms, Lounges, Living",Modern Biophilic Greens tone curated for optimal interior/exterior depth and light reflectance.
SHADE-1277,Trendy Across All Spaces,Modern Biophilic Greens,Olive Oil Tint,#8C9198,"Bedrooms, Lounges, Living",Modern Biophilic Greens tone curated for optimal interior/exterior depth and light reflectance.
SHADE-1278,Trendy Across All Spaces,Modern Biophilic Greens,Spanish Moss Trendy,#958D87,"Bedrooms, Lounges, Living",Modern Biophilic Greens tone curated for optimal interior/exterior depth and light reflectance.
SHADE-1279,Trendy Across All Spaces,Modern Biophilic Greens,Washed Eucalyptus Modern,#96A089,"Bedrooms, Lounges, Living",Modern Biophilic Greens tone curated for optimal interior/exterior depth and light reflectance.
SHADE-1280,Trendy Across All Spaces,Modern Biophilic Greens,Laurel Leaf Trendy,#9D9997,"Bedrooms, Lounges, Living",Modern Biophilic Greens tone curated for optimal interior/exterior depth and light reflectance.
SHADE-1281,Trendy Across All Spaces,Modern Biophilic Greens,Agave Frost Modern,#9B9693,"Bedrooms, Lounges, Living",Modern Biophilic Greens tone curated for optimal interior/exterior depth and light reflectance.
SHADE-1282,Trendy Across All Spaces,Modern Biophilic Greens,Faded Rosemary Trendy,#8E949C,"Bedrooms, Lounges, Living",Modern Biophilic Greens tone curated for optimal interior/exterior depth and light reflectance.
SHADE-1283,Trendy Across All Spaces,Modern Biophilic Greens,Muted Celadon Modern,#9D9997,"Bedrooms, Lounges, Living",Modern Biophilic Greens tone curated for optimal interior/exterior depth and light reflectance.
SHADE-1284,Trendy Across All Spaces,Modern Biophilic Greens,Dried Fern,#93AD83,"Bedrooms, Lounges, Living",Modern Biophilic Greens tone curated for optimal interior/exterior depth and light reflectance.
SHADE-1285,Trendy Across All Spaces,Modern Biophilic Greens,Forest Canopy Pale,#84A888,"Bedrooms, Lounges, Living",Modern Biophilic Greens tone curated for optimal interior/exterior depth and light reflectance.
SHADE-1286,Trendy Across All Spaces,Modern Biophilic Greens,Vintage Herb Modern,#8A8E94,"Bedrooms, Lounges, Living",Modern Biophilic Greens tone curated for optimal interior/exterior depth and light reflectance.
SHADE-1287,Trendy Across All Spaces,Modern Biophilic Greens,Bonsai Green Trendy,#8BA196,"Bedrooms, Lounges, Living",Modern Biophilic Greens tone curated for optimal interior/exterior depth and light reflectance.
SHADE-1288,Trendy Across All Spaces,Modern Biophilic Greens,Juniper Milk,#93AD83,"Bedrooms, Lounges, Living",Modern Biophilic Greens tone curated for optimal interior/exterior depth and light reflectance.
SHADE-1289,Trendy Across All Spaces,Modern Biophilic Greens,Soft Khaki Green,#819282,"Bedrooms, Lounges, Living",Modern Biophilic Greens tone curated for optimal interior/exterior depth and light reflectance.
SHADE-1290,Trendy Across All Spaces,Modern Biophilic Greens,Pale Balsam Modern,#8BA196,"Bedrooms, Lounges, Living",Modern Biophilic Greens tone curated for optimal interior/exterior depth and light reflectance.
SHADE-1291,Trendy Across All Spaces,Modern Biophilic Greens,Green Silt Modern,#90977D,"Bedrooms, Lounges, Living",Modern Biophilic Greens tone curated for optimal interior/exterior depth and light reflectance.
SHADE-1292,Trendy Across All Spaces,Modern Biophilic Greens,Olive Sprig Trendy,#8C9198,"Bedrooms, Lounges, Living",Modern Biophilic Greens tone curated for optimal interior/exterior depth and light reflectance.
SHADE-1293,Trendy Across All Spaces,Modern Biophilic Greens,Herbal Ash,#9D9997,"Bedrooms, Lounges, Living",Modern Biophilic Greens tone curated for optimal interior/exterior depth and light reflectance.
SHADE-1294,Trendy Across All Spaces,Modern Biophilic Greens,Tea Leaf Modern,#9D9997,"Bedrooms, Lounges, Living",Modern Biophilic Greens tone curated for optimal interior/exterior depth and light reflectance.
SHADE-1295,Trendy Across All Spaces,Modern Biophilic Greens,Cypress Mist Modern,#9AA691,"Bedrooms, Lounges, Living",Modern Biophilic Greens tone curated for optimal interior/exterior depth and light reflectance.
SHADE-1296,Trendy Across All Spaces,Modern Biophilic Greens,Urban Botanist,#8C9198,"Bedrooms, Lounges, Living",Modern Biophilic Greens tone curated for optimal interior/exterior depth and light reflectance.
SHADE-1297,Trendy Across All Spaces,Modern Biophilic Greens,Smoked Agave,#9F9C9B,"Bedrooms, Lounges, Living",Modern Biophilic Greens tone curated for optimal interior/exterior depth and light reflectance.
SHADE-1298,Trendy Across All Spaces,Modern Biophilic Greens,Modern Fiddle Leaf,#90977D,"Bedrooms, Lounges, Living",Modern Biophilic Greens tone curated for optimal interior/exterior depth and light reflectance.
SHADE-1299,Trendy Across All Spaces,Modern Biophilic Greens,Bio-Green Foam,#899E92,"Bedrooms, Lounges, Living",Modern Biophilic Greens tone curated for optimal interior/exterior depth and light reflectance.
SHADE-1300,Trendy Across All Spaces,Modern Biophilic Greens,Matcha Glaze Modern,#9B9693,"Bedrooms, Lounges, Living",Modern Biophilic Greens tone curated for optimal interior/exterior depth and light reflectance.
SHADE-1301,Trendy Across All Spaces,Modern Biophilic Greens,Earthy Thyme Wash,#9EAC99,"Bedrooms, Lounges, Living",Modern Biophilic Greens tone curated for optimal interior/exterior depth and light reflectance.
SHADE-1302,Trendy Across All Spaces,Modern Biophilic Greens,Spruce Frost Modern,#97908B,"Bedrooms, Lounges, Living",Modern Biophilic Greens tone curated for optimal interior/exterior depth and light reflectance.
SHADE-1303,Trendy Across All Spaces,Modern Biophilic Greens,Modern Monstera Green,#879B8E,"Bedrooms, Lounges, Living",Modern Biophilic Greens tone curated for optimal interior/exterior depth and light reflectance.
SHADE-1304,Trendy Across All Spaces,Modern Biophilic Greens,Washed Olive Leaf,#9B9693,"Bedrooms, Lounges, Living",Modern Biophilic Greens tone curated for optimal interior/exterior depth and light reflectance.
SHADE-1305,Trendy Across All Spaces,Modern Biophilic Greens,Modern Herbarium,#8C9198,"Bedrooms, Lounges, Living",Modern Biophilic Greens tone curated for optimal interior/exterior depth and light reflectance.
SHADE-1306,Trendy Across All Spaces,Modern Biophilic Greens,Urban Fern,#7E9F7C,"Bedrooms, Lounges, Living",Modern Biophilic Greens tone curated for optimal interior/exterior depth and light reflectance.
SHADE-1307,Trendy Across All Spaces,Modern Biophilic Greens,Smoked Celadon,#82A584,"Bedrooms, Lounges, Living",Modern Biophilic Greens tone curated for optimal interior/exterior depth and light reflectance.
SHADE-1308,Trendy Across All Spaces,Modern Biophilic Greens,Bio-Lichen Gray,#86AB8C,"Bedrooms, Lounges, Living",Modern Biophilic Greens tone curated for optimal interior/exterior depth and light reflectance.
SHADE-1309,Trendy Across All Spaces,Modern Biophilic Greens,Modern Aloe Tint,#929A81,"Bedrooms, Lounges, Living",Modern Biophilic Greens tone curated for optimal interior/exterior depth and light reflectance.
SHADE-1310,Trendy Across All Spaces,Modern Biophilic Greens,Eucalyptus Ash Modern,#91AA7F,"Bedrooms, Lounges, Living",Modern Biophilic Greens tone curated for optimal interior/exterior depth and light reflectance.
SHADE-1311,Trendy Across All Spaces,Modern Biophilic Greens,Green Tea Glaze,#84A888,"Bedrooms, Lounges, Living",Modern Biophilic Greens tone curated for optimal interior/exterior depth and light reflectance.
SHADE-1312,Trendy Across All Spaces,Modern Biophilic Greens,Modern Forest Bath,#8A8E94,"Bedrooms, Lounges, Living",Modern Biophilic Greens tone curated for optimal interior/exterior depth and light reflectance.
SHADE-1313,Trendy Across All Spaces,Modern Biophilic Greens,Dried Meadow Grass,#7E9F7C,"Bedrooms, Lounges, Living",Modern Biophilic Greens tone curated for optimal interior/exterior depth and light reflectance.
SHADE-1314,Trendy Across All Spaces,Modern Biophilic Greens,Biophilic Moss,#99938F,"Bedrooms, Lounges, Living",Modern Biophilic Greens tone curated for optimal interior/exterior depth and light reflectance.
SHADE-1315,Trendy Across All Spaces,Modern Biophilic Greens,Urban Botanical Leaf,#9EAC99,"Bedrooms, Lounges, Living",Modern Biophilic Greens tone curated for optimal interior/exterior depth and light reflectance.
SHADE-1316,Trendy Across All Spaces,Modern Biophilic Greens,Modern Silver Fir,#8BA196,"Bedrooms, Lounges, Living",Modern Biophilic Greens tone curated for optimal interior/exterior depth and light reflectance.
SHADE-1317,Trendy Across All Spaces,Modern Biophilic Greens,Agave Mist Modern,#80A280,"Bedrooms, Lounges, Living",Modern Biophilic Greens tone curated for optimal interior/exterior depth and light reflectance.
SHADE-1318,Trendy Across All Spaces,Modern Biophilic Greens,Modern Sagebrush,#96A089,"Bedrooms, Lounges, Living",Modern Biophilic Greens tone curated for optimal interior/exterior depth and light reflectance.
SHADE-1319,Trendy Across All Spaces,Modern Biophilic Greens,Smoked Pine Needle,#839586,"Bedrooms, Lounges, Living",Modern Biophilic Greens tone curated for optimal interior/exterior depth and light reflectance.
SHADE-1320,Trendy Across All Spaces,Modern Biophilic Greens,Green Stone Modern,#9B9693,"Bedrooms, Lounges, Living",Modern Biophilic Greens tone curated for optimal interior/exterior depth and light reflectance.
SHADE-1321,Trendy Across All Spaces,Modern Biophilic Greens,Biophilic Laurel,#8DA49A,"Bedrooms, Lounges, Living",Modern Biophilic Greens tone curated for optimal interior/exterior depth and light reflectance.
SHADE-1322,Trendy Across All Spaces,Modern Biophilic Greens,Modern Rosemary Wash,#8E949C,"Bedrooms, Lounges, Living",Modern Biophilic Greens tone curated for optimal interior/exterior depth and light reflectance.
SHADE-1323,Trendy Across All Spaces,Modern Biophilic Greens,Washed Olive Branch,#7D8C7A,"Bedrooms, Lounges, Living",Modern Biophilic Greens tone curated for optimal interior/exterior depth and light reflectance.
SHADE-1324,Trendy Across All Spaces,Modern Biophilic Greens,Bio-Celadon Tint,#8DA49A,"Bedrooms, Lounges, Living",Modern Biophilic Greens tone curated for optimal interior/exterior depth and light reflectance.
SHADE-1325,Trendy Across All Spaces,Modern Biophilic Greens,Modern Cypress Fog,#9AA691,"Bedrooms, Lounges, Living",Modern Biophilic Greens tone curated for optimal interior/exterior depth and light reflectance.
SHADE-1326,Trendy Across All Spaces,Modern Biophilic Greens,Urban Forest Mist,#899E92,"Bedrooms, Lounges, Living",Modern Biophilic Greens tone curated for optimal interior/exterior depth and light reflectance.
SHADE-1327,Trendy Across All Spaces,Modern Biophilic Greens,Smoked Matcha Green,#839586,"Bedrooms, Lounges, Living",Modern Biophilic Greens tone curated for optimal interior/exterior depth and light reflectance.
SHADE-1328,Trendy Across All Spaces,Modern Biophilic Greens,Biophilic Fern,#82A584,"Bedrooms, Lounges, Living",Modern Biophilic Greens tone curated for optimal interior/exterior depth and light reflectance.
SHADE-1329,Trendy Across All Spaces,Modern Biophilic Greens,Modern Lichen Hue,#819282,"Bedrooms, Lounges, Living",Modern Biophilic Greens tone curated for optimal interior/exterior depth and light reflectance.
SHADE-1330,Trendy Across All Spaces,Modern Biophilic Greens,Modern Herbal Cream,#80A280,"Bedrooms, Lounges, Living",Modern Biophilic Greens tone curated for optimal interior/exterior depth and light reflectance.
SHADE-1331,Trendy Across All Spaces,Modern Biophilic Greens,Agave Pulp Green,#98A38D,"Bedrooms, Lounges, Living",Modern Biophilic Greens tone curated for optimal interior/exterior depth and light reflectance.
SHADE-1332,Trendy Across All Spaces,Modern Biophilic Greens,Biophilic Tea Tree,#8C9198,"Bedrooms, Lounges, Living",Modern Biophilic Greens tone curated for optimal interior/exterior depth and light reflectance.
SHADE-1333,Trendy Across All Spaces,Modern Biophilic Greens,Modern Botanical Linen,#8DA49A,"Bedrooms, Lounges, Living",Modern Biophilic Greens tone curated for optimal interior/exterior depth and light reflectance.
SHADE-1334,Trendy Across All Spaces,Modern Biophilic Greens,Urban Sage Mist,#9B9693,"Bedrooms, Lounges, Living",Modern Biophilic Greens tone curated for optimal interior/exterior depth and light reflectance.
SHADE-1335,Trendy Across All Spaces,Modern Biophilic Greens,Modern Thyme Leaf,#8A8E94,"Bedrooms, Lounges, Living",Modern Biophilic Greens tone curated for optimal interior/exterior depth and light reflectance.
SHADE-1336,Trendy Across All Spaces,Modern Biophilic Greens,Washed Spruceland,#9EAC99,"Bedrooms, Lounges, Living",Modern Biophilic Greens tone curated for optimal interior/exterior depth and light reflectance.
SHADE-1337,Trendy Across All Spaces,Modern Biophilic Greens,Biophilic Cypress,#949D85,"Bedrooms, Lounges, Living",Modern Biophilic Greens tone curated for optimal interior/exterior depth and light reflectance.
SHADE-1338,Trendy Across All Spaces,Modern Biophilic Greens,Modern Wasabi Glaze,#7D8C7A,"Bedrooms, Lounges, Living",Modern Biophilic Greens tone curated for optimal interior/exterior depth and light reflectance.
SHADE-1339,Trendy Across All Spaces,Modern Biophilic Greens,Urban Olive Sprig,#8DA49A,"Bedrooms, Lounges, Living",Modern Biophilic Greens tone curated for optimal interior/exterior depth and light reflectance.
SHADE-1340,Trendy Across All Spaces,Modern Biophilic Greens,Modern Silver Sage,#80A280,"Bedrooms, Lounges, Living",Modern Biophilic Greens tone curated for optimal interior/exterior depth and light reflectance.
SHADE-1341,Trendy Across All Spaces,Modern Biophilic Greens,Biophilic Reed,#9F9C9B,"Bedrooms, Lounges, Living",Modern Biophilic Greens tone curated for optimal interior/exterior depth and light reflectance.
SHADE-1342,Trendy Across All Spaces,Modern Biophilic Greens,Modern Forest Canopy,#98A38D,"Bedrooms, Lounges, Living",Modern Biophilic Greens tone curated for optimal interior/exterior depth and light reflectance.
SHADE-1343,Trendy Across All Spaces,Modern Biophilic Greens,Smoked Willow Leaf,#9B9693,"Bedrooms, Lounges, Living",Modern Biophilic Greens tone curated for optimal interior/exterior depth and light reflectance.
SHADE-1344,Trendy Across All Spaces,Modern Biophilic Greens,Biophilic Aloe,#9AA691,"Bedrooms, Lounges, Living",Modern Biophilic Greens tone curated for optimal interior/exterior depth and light reflectance.
SHADE-1345,Trendy Across All Spaces,Modern Biophilic Greens,Modern Green Bamboo,#9B9693,"Bedrooms, Lounges, Living",Modern Biophilic Greens tone curated for optimal interior/exterior depth and light reflectance.
SHADE-1346,Trendy Across All Spaces,Modern Biophilic Greens,Urban Rosemary Mist,#8A8E94,"Bedrooms, Lounges, Living",Modern Biophilic Greens tone curated for optimal interior/exterior depth and light reflectance.
SHADE-1347,Trendy Across All Spaces,Modern Biophilic Greens,Modern Mint Tea,#8A8E94,"Bedrooms, Lounges, Living",Modern Biophilic Greens tone curated for optimal interior/exterior depth and light reflectance.
SHADE-1348,Trendy Across All Spaces,Modern Biophilic Greens,Biophilic Herb Garden,#9B9693,"Bedrooms, Lounges, Living",Modern Biophilic Greens tone curated for optimal interior/exterior depth and light reflectance.
SHADE-1349,Trendy Across All Spaces,Modern Biophilic Greens,Modern Agave Frost,#9F9C9B,"Bedrooms, Lounges, Living",Modern Biophilic Greens tone curated for optimal interior/exterior depth and light reflectance.
SHADE-1350,Trendy Across All Spaces,Modern Biophilic Greens,Urban Botanist Sage,#98A38D,"Bedrooms, Lounges, Living",Modern Biophilic Greens tone curated for optimal interior/exterior depth and light reflectance.
SHADE-1351,Trendy Across All Spaces,"Warm Terracotta, Ochre & Sunset",Dusty Sienna Trendy,#D18062,Accent Walls & Powder Rooms,"Warm Terracotta, Ochre & Sunset tone curated for optimal interior/exterior depth and light reflectance."
SHADE-1352,Trendy Across All Spaces,"Warm Terracotta, Ochre & Sunset",Sunbaked Clay Modern,#BB8259,Accent Walls & Powder Rooms,"Warm Terracotta, Ochre & Sunset tone curated for optimal interior/exterior depth and light reflectance."
SHADE-1353,Trendy Across All Spaces,"Warm Terracotta, Ochre & Sunset",Baked Terracotta Trendy,#D7896E,Accent Walls & Powder Rooms,"Warm Terracotta, Ochre & Sunset tone curated for optimal interior/exterior depth and light reflectance."
SHADE-1354,Trendy Across All Spaces,"Warm Terracotta, Ochre & Sunset",Spiced Apricot,#C47E6B,Accent Walls & Powder Rooms,"Warm Terracotta, Ochre & Sunset tone curated for optimal interior/exterior depth and light reflectance."
SHADE-1355,Trendy Across All Spaces,"Warm Terracotta, Ochre & Sunset",Muted Rust Modern,#CC8A58,Accent Walls & Powder Rooms,"Warm Terracotta, Ochre & Sunset tone curated for optimal interior/exterior depth and light reflectance."
SHADE-1356,Trendy Across All Spaces,"Warm Terracotta, Ochre & Sunset",Peach Fuzz Modern,#CB7756,Accent Walls & Powder Rooms,"Warm Terracotta, Ochre & Sunset tone curated for optimal interior/exterior depth and light reflectance."
SHADE-1357,Trendy Across All Spaces,"Warm Terracotta, Ochre & Sunset",Warm Adobe Modern,#C38E69,Accent Walls & Powder Rooms,"Warm Terracotta, Ochre & Sunset tone curated for optimal interior/exterior depth and light reflectance."
SHADE-1358,Trendy Across All Spaces,"Warm Terracotta, Ochre & Sunset",Desert Sandstone Trendy,#C88473,Accent Walls & Powder Rooms,"Warm Terracotta, Ochre & Sunset tone curated for optimal interior/exterior depth and light reflectance."
SHADE-1359,Trendy Across All Spaces,"Warm Terracotta, Ochre & Sunset",Rose Quartz Earth,#C6816F,Accent Walls & Powder Rooms,"Warm Terracotta, Ochre & Sunset tone curated for optimal interior/exterior depth and light reflectance."
SHADE-1360,Trendy Across All Spaces,"Warm Terracotta, Ochre & Sunset",Soft Paprika Modern,#C97475,Accent Walls & Powder Rooms,"Warm Terracotta, Ochre & Sunset tone curated for optimal interior/exterior depth and light reflectance."
SHADE-1361,Trendy Across All Spaces,"Warm Terracotta, Ochre & Sunset",Muted Guava,#BF8861,Accent Walls & Powder Rooms,"Warm Terracotta, Ochre & Sunset tone curated for optimal interior/exterior depth and light reflectance."
SHADE-1362,Trendy Across All Spaces,"Warm Terracotta, Ochre & Sunset",Cinnamon Dust Modern,#CC8A58,Accent Walls & Powder Rooms,"Warm Terracotta, Ochre & Sunset tone curated for optimal interior/exterior depth and light reflectance."
SHADE-1363,Trendy Across All Spaces,"Warm Terracotta, Ochre & Sunset",Raw Ochre Trendy,#D27064,Accent Walls & Powder Rooms,"Warm Terracotta, Ochre & Sunset tone curated for optimal interior/exterior depth and light reflectance."
SHADE-1364,Trendy Across All Spaces,"Warm Terracotta, Ochre & Sunset",Warm Cinnabar Modern,#CA8754,Accent Walls & Powder Rooms,"Warm Terracotta, Ochre & Sunset tone curated for optimal interior/exterior depth and light reflectance."
SHADE-1365,Trendy Across All Spaces,"Warm Terracotta, Ochre & Sunset",Spiced Clay Modern,#D27064,Accent Walls & Powder Rooms,"Warm Terracotta, Ochre & Sunset tone curated for optimal interior/exterior depth and light reflectance."
SHADE-1366,Trendy Across All Spaces,"Warm Terracotta, Ochre & Sunset",Golden Amber Trendy,#C88473,Accent Walls & Powder Rooms,"Warm Terracotta, Ochre & Sunset tone curated for optimal interior/exterior depth and light reflectance."
SHADE-1367,Trendy Across All Spaces,"Warm Terracotta, Ochre & Sunset",Muted Persimmon,#CF7D5E,Accent Walls & Powder Rooms,"Warm Terracotta, Ochre & Sunset tone curated for optimal interior/exterior depth and light reflectance."
SHADE-1368,Trendy Across All Spaces,"Warm Terracotta, Ochre & Sunset",Desert Rose Modern,#C77171,Accent Walls & Powder Rooms,"Warm Terracotta, Ochre & Sunset tone curated for optimal interior/exterior depth and light reflectance."
SHADE-1369,Trendy Across All Spaces,"Warm Terracotta, Ochre & Sunset",Soft Ochre Modern,#BA6F57,Accent Walls & Powder Rooms,"Warm Terracotta, Ochre & Sunset tone curated for optimal interior/exterior depth and light reflectance."
SHADE-1370,Trendy Across All Spaces,"Warm Terracotta, Ochre & Sunset",Terracotta Tile Trendy,#CC8A58,Accent Walls & Powder Rooms,"Warm Terracotta, Ochre & Sunset tone curated for optimal interior/exterior depth and light reflectance."
SHADE-1371,Trendy Across All Spaces,"Warm Terracotta, Ochre & Sunset",Sun-Drenched Clay,#C56E6D,Accent Walls & Powder Rooms,"Warm Terracotta, Ochre & Sunset tone curated for optimal interior/exterior depth and light reflectance."
SHADE-1372,Trendy Across All Spaces,"Warm Terracotta, Ochre & Sunset",Spiced Ginger Trendy,#D87970,Accent Walls & Powder Rooms,"Warm Terracotta, Ochre & Sunset tone curated for optimal interior/exterior depth and light reflectance."
SHADE-1373,Trendy Across All Spaces,"Warm Terracotta, Ochre & Sunset",Warm Adobe Brick,#DA7C74,Accent Walls & Powder Rooms,"Warm Terracotta, Ochre & Sunset tone curated for optimal interior/exterior depth and light reflectance."
SHADE-1374,Trendy Across All Spaces,"Warm Terracotta, Ochre & Sunset",Muted Saffron,#D38366,Accent Walls & Powder Rooms,"Warm Terracotta, Ochre & Sunset tone curated for optimal interior/exterior depth and light reflectance."
SHADE-1375,Trendy Across All Spaces,"Warm Terracotta, Ochre & Sunset",Desert Blossom Clay,#BB8259,Accent Walls & Powder Rooms,"Warm Terracotta, Ochre & Sunset tone curated for optimal interior/exterior depth and light reflectance."
SHADE-1376,Trendy Across All Spaces,"Warm Terracotta, Ochre & Sunset",Sunset Haze Earth,#BD855D,Accent Walls & Powder Rooms,"Warm Terracotta, Ochre & Sunset tone curated for optimal interior/exterior depth and light reflectance."
SHADE-1377,Trendy Across All Spaces,"Warm Terracotta, Ochre & Sunset",Raw Sienna Modern,#C6816F,Accent Walls & Powder Rooms,"Warm Terracotta, Ochre & Sunset tone curated for optimal interior/exterior depth and light reflectance."
SHADE-1378,Trendy Across All Spaces,"Warm Terracotta, Ochre & Sunset",Toasted Terracotta,#D27064,Accent Walls & Powder Rooms,"Warm Terracotta, Ochre & Sunset tone curated for optimal interior/exterior depth and light reflectance."
SHADE-1379,Trendy Across All Spaces,"Warm Terracotta, Ochre & Sunset",Spiced Paprika Clay,#BF8861,Accent Walls & Powder Rooms,"Warm Terracotta, Ochre & Sunset tone curated for optimal interior/exterior depth and light reflectance."
SHADE-1380,Trendy Across All Spaces,"Warm Terracotta, Ochre & Sunset",Muted Apricot Glaze,#D27064,Accent Walls & Powder Rooms,"Warm Terracotta, Ochre & Sunset tone curated for optimal interior/exterior depth and light reflectance."
SHADE-1381,Trendy Across All Spaces,"Warm Terracotta, Ochre & Sunset",Warm Desert Bloom,#BC725B,Accent Walls & Powder Rooms,"Warm Terracotta, Ochre & Sunset tone curated for optimal interior/exterior depth and light reflectance."
SHADE-1382,Trendy Across All Spaces,"Warm Terracotta, Ochre & Sunset",Spiced Tangerine Wash,#B86C53,Accent Walls & Powder Rooms,"Warm Terracotta, Ochre & Sunset tone curated for optimal interior/exterior depth and light reflectance."
SHADE-1383,Trendy Across All Spaces,"Warm Terracotta, Ochre & Sunset",Sunset Adobe,#C47E6B,Accent Walls & Powder Rooms,"Warm Terracotta, Ochre & Sunset tone curated for optimal interior/exterior depth and light reflectance."
SHADE-1384,Trendy Across All Spaces,"Warm Terracotta, Ochre & Sunset",Golden Ochre Wash,#CA8754,Accent Walls & Powder Rooms,"Warm Terracotta, Ochre & Sunset tone curated for optimal interior/exterior depth and light reflectance."
SHADE-1385,Trendy Across All Spaces,"Warm Terracotta, Ochre & Sunset",Muted Cinnabar Earth,#C18B65,Accent Walls & Powder Rooms,"Warm Terracotta, Ochre & Sunset tone curated for optimal interior/exterior depth and light reflectance."
SHADE-1386,Trendy Across All Spaces,"Warm Terracotta, Ochre & Sunset",Baked Earth Tile,#BF8861,Accent Walls & Powder Rooms,"Warm Terracotta, Ochre & Sunset tone curated for optimal interior/exterior depth and light reflectance."
SHADE-1387,Trendy Across All Spaces,"Warm Terracotta, Ochre & Sunset",Desert Twilight Clay,#D38366,Accent Walls & Powder Rooms,"Warm Terracotta, Ochre & Sunset tone curated for optimal interior/exterior depth and light reflectance."
SHADE-1388,Trendy Across All Spaces,"Warm Terracotta, Ochre & Sunset",Sunbaked Adobe,#D6766C,Accent Walls & Powder Rooms,"Warm Terracotta, Ochre & Sunset tone curated for optimal interior/exterior depth and light reflectance."
SHADE-1389,Trendy Across All Spaces,"Warm Terracotta, Ochre & Sunset",Warm Terracotta Wash,#B97F55,Accent Walls & Powder Rooms,"Warm Terracotta, Ochre & Sunset tone curated for optimal interior/exterior depth and light reflectance."
SHADE-1390,Trendy Across All Spaces,"Warm Terracotta, Ochre & Sunset",Spiced Ochre Clay,#C56E6D,Accent Walls & Powder Rooms,"Warm Terracotta, Ochre & Sunset tone curated for optimal interior/exterior depth and light reflectance."
SHADE-1391,Trendy Across All Spaces,"Warm Terracotta, Ochre & Sunset",Muted Coral Dust,#C88473,Accent Walls & Powder Rooms,"Warm Terracotta, Ochre & Sunset tone curated for optimal interior/exterior depth and light reflectance."
SHADE-1392,Trendy Across All Spaces,"Warm Terracotta, Ochre & Sunset",Raw Terracotta Earth,#D47368,Accent Walls & Powder Rooms,"Warm Terracotta, Ochre & Sunset tone curated for optimal interior/exterior depth and light reflectance."
SHADE-1393,Trendy Across All Spaces,"Warm Terracotta, Ochre & Sunset",Sunset Sandstone,#CF7D5E,Accent Walls & Powder Rooms,"Warm Terracotta, Ochre & Sunset tone curated for optimal interior/exterior depth and light reflectance."
SHADE-1394,Trendy Across All Spaces,"Warm Terracotta, Ochre & Sunset",Golden Earth Ochre,#C18B65,Accent Walls & Powder Rooms,"Warm Terracotta, Ochre & Sunset tone curated for optimal interior/exterior depth and light reflectance."
SHADE-1395,Trendy Across All Spaces,"Warm Terracotta, Ochre & Sunset",Spiced Apricot Clay,#D5866A,Accent Walls & Powder Rooms,"Warm Terracotta, Ochre & Sunset tone curated for optimal interior/exterior depth and light reflectance."
SHADE-1396,Trendy Across All Spaces,"Warm Terracotta, Ochre & Sunset",Warm Sedona Earth,#DA7C74,Accent Walls & Powder Rooms,"Warm Terracotta, Ochre & Sunset tone curated for optimal interior/exterior depth and light reflectance."
SHADE-1397,Trendy Across All Spaces,"Warm Terracotta, Ochre & Sunset",Baked Clay Tile,#C18B65,Accent Walls & Powder Rooms,"Warm Terracotta, Ochre & Sunset tone curated for optimal interior/exterior depth and light reflectance."
SHADE-1398,Trendy Across All Spaces,"Warm Terracotta, Ochre & Sunset",Desert Cinnabar,#D87970,Accent Walls & Powder Rooms,"Warm Terracotta, Ochre & Sunset tone curated for optimal interior/exterior depth and light reflectance."
SHADE-1399,Trendy Across All Spaces,"Warm Terracotta, Ochre & Sunset",Sun-Kissed Sienna,#BA6F57,Accent Walls & Powder Rooms,"Warm Terracotta, Ochre & Sunset tone curated for optimal interior/exterior depth and light reflectance."
SHADE-1400,Trendy Across All Spaces,"Warm Terracotta, Ochre & Sunset",Warm Rust Earth,#D7896E,Accent Walls & Powder Rooms,"Warm Terracotta, Ochre & Sunset tone curated for optimal interior/exterior depth and light reflectance."
SHADE-1401,Trendy Across All Spaces,"Warm Terracotta, Ochre & Sunset",Muted Persimmon Clay,#DA7C74,Accent Walls & Powder Rooms,"Warm Terracotta, Ochre & Sunset tone curated for optimal interior/exterior depth and light reflectance."
SHADE-1402,Trendy Across All Spaces,"Warm Terracotta, Ochre & Sunset",Sunset Adobe Brick,#D06D60,Accent Walls & Powder Rooms,"Warm Terracotta, Ochre & Sunset tone curated for optimal interior/exterior depth and light reflectance."
SHADE-1403,Trendy Across All Spaces,"Warm Terracotta, Ochre & Sunset",Spiced Peach Dust,#C6816F,Accent Walls & Powder Rooms,"Warm Terracotta, Ochre & Sunset tone curated for optimal interior/exterior depth and light reflectance."
SHADE-1404,Trendy Across All Spaces,"Warm Terracotta, Ochre & Sunset",Warm Raw Ochre,#BB8259,Accent Walls & Powder Rooms,"Warm Terracotta, Ochre & Sunset tone curated for optimal interior/exterior depth and light reflectance."
SHADE-1405,Trendy Across All Spaces,"Warm Terracotta, Ochre & Sunset",Baked Canyon Stone,#C27B67,Accent Walls & Powder Rooms,"Warm Terracotta, Ochre & Sunset tone curated for optimal interior/exterior depth and light reflectance."
SHADE-1406,Trendy Across All Spaces,"Warm Terracotta, Ochre & Sunset",Desert Horizon Clay,#BF8861,Accent Walls & Powder Rooms,"Warm Terracotta, Ochre & Sunset tone curated for optimal interior/exterior depth and light reflectance."
SHADE-1407,Trendy Across All Spaces,"Warm Terracotta, Ochre & Sunset",Sun-Drenched Ochre,#D06D60,Accent Walls & Powder Rooms,"Warm Terracotta, Ochre & Sunset tone curated for optimal interior/exterior depth and light reflectance."
SHADE-1408,Trendy Across All Spaces,"Warm Terracotta, Ochre & Sunset",Muted Terracotta Pink,#B97F55,Accent Walls & Powder Rooms,"Warm Terracotta, Ochre & Sunset tone curated for optimal interior/exterior depth and light reflectance."
SHADE-1409,Trendy Across All Spaces,"Warm Terracotta, Ochre & Sunset",Spiced Honey Clay,#BC725B,Accent Walls & Powder Rooms,"Warm Terracotta, Ochre & Sunset tone curated for optimal interior/exterior depth and light reflectance."
SHADE-1410,Trendy Across All Spaces,"Warm Terracotta, Ochre & Sunset",Warm Saffron Earth,#D47368,Accent Walls & Powder Rooms,"Warm Terracotta, Ochre & Sunset tone curated for optimal interior/exterior depth and light reflectance."
SHADE-1411,Trendy Across All Spaces,"Warm Terracotta, Ochre & Sunset",Sunset Coral Clay,#C18B65,Accent Walls & Powder Rooms,"Warm Terracotta, Ochre & Sunset tone curated for optimal interior/exterior depth and light reflectance."
SHADE-1412,Trendy Across All Spaces,"Warm Terracotta, Ochre & Sunset",Baked Earth Terracotta,#BB8259,Accent Walls & Powder Rooms,"Warm Terracotta, Ochre & Sunset tone curated for optimal interior/exterior depth and light reflectance."
SHADE-1413,Trendy Across All Spaces,"Warm Terracotta, Ochre & Sunset",Desert Dust Clay,#CE8D5C,Accent Walls & Powder Rooms,"Warm Terracotta, Ochre & Sunset tone curated for optimal interior/exterior depth and light reflectance."
SHADE-1414,Trendy Across All Spaces,"Warm Terracotta, Ochre & Sunset",Spiced Melon Earth,#BB8259,Accent Walls & Powder Rooms,"Warm Terracotta, Ochre & Sunset tone curated for optimal interior/exterior depth and light reflectance."
SHADE-1415,Trendy Across All Spaces,"Warm Terracotta, Ochre & Sunset",Warm Desert Adobe,#CF7D5E,Accent Walls & Powder Rooms,"Warm Terracotta, Ochre & Sunset tone curated for optimal interior/exterior depth and light reflectance."
SHADE-1416,Trendy Across All Spaces,"Warm Terracotta, Ochre & Sunset",Muted Amber Clay,#B86C53,Accent Walls & Powder Rooms,"Warm Terracotta, Ochre & Sunset tone curated for optimal interior/exterior depth and light reflectance."
SHADE-1417,Trendy Across All Spaces,"Warm Terracotta, Ochre & Sunset",Sunbaked Sienna Tile,#CA8754,Accent Walls & Powder Rooms,"Warm Terracotta, Ochre & Sunset tone curated for optimal interior/exterior depth and light reflectance."
SHADE-1418,Trendy Across All Spaces,"Warm Terracotta, Ochre & Sunset",Spiced Apricot Glaze,#BE755F,Accent Walls & Powder Rooms,"Warm Terracotta, Ochre & Sunset tone curated for optimal interior/exterior depth and light reflectance."
SHADE-1419,Trendy Across All Spaces,"Warm Terracotta, Ochre & Sunset",Warm Ochre Sandstone,#D27064,Accent Walls & Powder Rooms,"Warm Terracotta, Ochre & Sunset tone curated for optimal interior/exterior depth and light reflectance."
SHADE-1420,Trendy Across All Spaces,"Warm Terracotta, Ochre & Sunset",Sunset Terracotta Earth,#D87970,Accent Walls & Powder Rooms,"Warm Terracotta, Ochre & Sunset tone curated for optimal interior/exterior depth and light reflectance."
SHADE-1421,Trendy Across All Spaces,"Warm Terracotta, Ochre & Sunset",Raw Adobe Earth,#D6766C,Accent Walls & Powder Rooms,"Warm Terracotta, Ochre & Sunset tone curated for optimal interior/exterior depth and light reflectance."
SHADE-1422,Trendy Across All Spaces,"Warm Terracotta, Ochre & Sunset",Spiced Sandstone Clay,#BA6F57,Accent Walls & Powder Rooms,"Warm Terracotta, Ochre & Sunset tone curated for optimal interior/exterior depth and light reflectance."
SHADE-1423,Trendy Across All Spaces,"Warm Terracotta, Ochre & Sunset",Warm Cinnamon Terracotta,#CB7756,Accent Walls & Powder Rooms,"Warm Terracotta, Ochre & Sunset tone curated for optimal interior/exterior depth and light reflectance."
SHADE-1424,Trendy Across All Spaces,"Warm Terracotta, Ochre & Sunset",Sun-Drenched Sienna,#D87970,Accent Walls & Powder Rooms,"Warm Terracotta, Ochre & Sunset tone curated for optimal interior/exterior depth and light reflectance."
SHADE-1425,Trendy Across All Spaces,"Warm Terracotta, Ochre & Sunset",Baked Desert Clay,#B97F55,Accent Walls & Powder Rooms,"Warm Terracotta, Ochre & Sunset tone curated for optimal interior/exterior depth and light reflectance."
SHADE-1426,Trendy Across All Spaces,Moody Dramatic Darks,Cast Iron Modern,#2F343B,"Dining Rooms, Offices, Entries",Moody Dramatic Darks tone curated for optimal interior/exterior depth and light reflectance.
SHADE-1427,Trendy Across All Spaces,Moody Dramatic Darks,Deep Pine Modern,#403C3A,"Dining Rooms, Offices, Entries",Moody Dramatic Darks tone curated for optimal interior/exterior depth and light reflectance.
SHADE-1428,Trendy Across All Spaces,Moody Dramatic Darks,Eclipse Navy Modern,#2E4439,"Dining Rooms, Offices, Entries",Moody Dramatic Darks tone curated for optimal interior/exterior depth and light reflectance.
SHADE-1429,Trendy Across All Spaces,Moody Dramatic Darks,Dark Graphite Trendy,#2C4135,"Dining Rooms, Offices, Entries",Moody Dramatic Darks tone curated for optimal interior/exterior depth and light reflectance.
SHADE-1430,Trendy Across All Spaces,Moody Dramatic Darks,Obsidian Mist Modern,#38304D,"Dining Rooms, Offices, Entries",Moody Dramatic Darks tone curated for optimal interior/exterior depth and light reflectance.
SHADE-1431,Trendy Across All Spaces,Moody Dramatic Darks,Bitter Coffee Trendy,#3A3351,"Dining Rooms, Offices, Entries",Moody Dramatic Darks tone curated for optimal interior/exterior depth and light reflectance.
SHADE-1432,Trendy Across All Spaces,Moody Dramatic Darks,Caviar Modern,#365049,"Dining Rooms, Offices, Entries",Moody Dramatic Darks tone curated for optimal interior/exterior depth and light reflectance.
SHADE-1433,Trendy Across All Spaces,Moody Dramatic Darks,Dark Basalt Trendy,#365049,"Dining Rooms, Offices, Entries",Moody Dramatic Darks tone curated for optimal interior/exterior depth and light reflectance.
SHADE-1434,Trendy Across All Spaces,Moody Dramatic Darks,Charcoal Umber Modern,#3C3655,"Dining Rooms, Offices, Entries",Moody Dramatic Darks tone curated for optimal interior/exterior depth and light reflectance.
SHADE-1435,Trendy Across All Spaces,Moody Dramatic Darks,Smoked Walnut Modern,#432F40,"Dining Rooms, Offices, Entries",Moody Dramatic Darks tone curated for optimal interior/exterior depth and light reflectance.
SHADE-1436,Trendy Across All Spaces,Moody Dramatic Darks,Rich Sapphire Trendy,#49384C,"Dining Rooms, Offices, Entries",Moody Dramatic Darks tone curated for optimal interior/exterior depth and light reflectance.
SHADE-1437,Trendy Across All Spaces,Moody Dramatic Darks,Blackened Olive Modern,#3B4653,"Dining Rooms, Offices, Entries",Moody Dramatic Darks tone curated for optimal interior/exterior depth and light reflectance.
SHADE-1438,Trendy Across All Spaces,Moody Dramatic Darks,Dark Silt Modern,#473548,"Dining Rooms, Offices, Entries",Moody Dramatic Darks tone curated for optimal interior/exterior depth and light reflectance.
SHADE-1439,Trendy Across All Spaces,Moody Dramatic Darks,Peppercorn Dust,#3D4934,"Dining Rooms, Offices, Entries",Moody Dramatic Darks tone curated for optimal interior/exterior depth and light reflectance.
SHADE-1440,Trendy Across All Spaces,Moody Dramatic Darks,Nightfall Charcoal Modern,#39434F,"Dining Rooms, Offices, Entries",Moody Dramatic Darks tone curated for optimal interior/exterior depth and light reflectance.
SHADE-1441,Trendy Across All Spaces,Moody Dramatic Darks,Dark Pewter Modern,#324A41,"Dining Rooms, Offices, Entries",Moody Dramatic Darks tone curated for optimal interior/exterior depth and light reflectance.
SHADE-1442,Trendy Across All Spaces,Moody Dramatic Darks,Wrought Slate Modern,#3A3351,"Dining Rooms, Offices, Entries",Moody Dramatic Darks tone curated for optimal interior/exterior depth and light reflectance.
SHADE-1443,Trendy Across All Spaces,Moody Dramatic Darks,Blue Charcoal Modern,#4D3E54,"Dining Rooms, Offices, Entries",Moody Dramatic Darks tone curated for optimal interior/exterior depth and light reflectance.
SHADE-1444,Trendy Across All Spaces,Moody Dramatic Darks,Burnt Iron Modern,#38304D,"Dining Rooms, Offices, Entries",Moody Dramatic Darks tone curated for optimal interior/exterior depth and light reflectance.
SHADE-1445,Trendy Across All Spaces,Moody Dramatic Darks,Pitch Black Tint,#49384C,"Dining Rooms, Offices, Entries",Moody Dramatic Darks tone curated for optimal interior/exterior depth and light reflectance.
SHADE-1446,Trendy Across All Spaces,Moody Dramatic Darks,Obsidian Velvet,#365049,"Dining Rooms, Offices, Entries",Moody Dramatic Darks tone curated for optimal interior/exterior depth and light reflectance.
SHADE-1447,Trendy Across All Spaces,Moody Dramatic Darks,Smoked Inkwell,#4D3E54,"Dining Rooms, Offices, Entries",Moody Dramatic Darks tone curated for optimal interior/exterior depth and light reflectance.
SHADE-1448,Trendy Across All Spaces,Moody Dramatic Darks,Deep Forest Slate,#39434F,"Dining Rooms, Offices, Entries",Moody Dramatic Darks tone curated for optimal interior/exterior depth and light reflectance.
SHADE-1449,Trendy Across All Spaces,Moody Dramatic Darks,Charcoal Truffle Modern,#3B4653,"Dining Rooms, Offices, Entries",Moody Dramatic Darks tone curated for optimal interior/exterior depth and light reflectance.
SHADE-1450,Trendy Across All Spaces,Moody Dramatic Darks,Dark Carbon Modern,#423F3E,"Dining Rooms, Offices, Entries",Moody Dramatic Darks tone curated for optimal interior/exterior depth and light reflectance.
SHADE-1451,Trendy Across All Spaces,Moody Dramatic Darks,Blackened Indigo Modern,#2B2E33,"Dining Rooms, Offices, Entries",Moody Dramatic Darks tone curated for optimal interior/exterior depth and light reflectance.
SHADE-1452,Trendy Across All Spaces,Moody Dramatic Darks,Smoky Basalt Modern,#403C3A,"Dining Rooms, Offices, Entries",Moody Dramatic Darks tone curated for optimal interior/exterior depth and light reflectance.
SHADE-1453,Trendy Across All Spaces,Moody Dramatic Darks,Dark Ironstone,#3C3655,"Dining Rooms, Offices, Entries",Moody Dramatic Darks tone curated for optimal interior/exterior depth and light reflectance.
SHADE-1454,Trendy Across All Spaces,Moody Dramatic Darks,Velvet Charcoal Modern,#444242,"Dining Rooms, Offices, Entries",Moody Dramatic Darks tone curated for optimal interior/exterior depth and light reflectance.
SHADE-1455,Trendy Across All Spaces,Moody Dramatic Darks,Midnight Pine Modern,#464546,"Dining Rooms, Offices, Entries",Moody Dramatic Darks tone curated for optimal interior/exterior depth and light reflectance.
SHADE-1456,Trendy Across All Spaces,Moody Dramatic Darks,Deep Raven Modern,#4D3E54,"Dining Rooms, Offices, Entries",Moody Dramatic Darks tone curated for optimal interior/exterior depth and light reflectance.
SHADE-1457,Trendy Across All Spaces,Moody Dramatic Darks,Dark Mineral Slate,#473548,"Dining Rooms, Offices, Entries",Moody Dramatic Darks tone curated for optimal interior/exterior depth and light reflectance.
SHADE-1458,Trendy Across All Spaces,Moody Dramatic Darks,Smoked Peat Modern,#353D47,"Dining Rooms, Offices, Entries",Moody Dramatic Darks tone curated for optimal interior/exterior depth and light reflectance.
SHADE-1459,Trendy Across All Spaces,Moody Dramatic Darks,Blackened Bronze Modern,#30473D,"Dining Rooms, Offices, Entries",Moody Dramatic Darks tone curated for optimal interior/exterior depth and light reflectance.
SHADE-1460,Trendy Across All Spaces,Moody Dramatic Darks,Obsidian Shadow Modern,#31373F,"Dining Rooms, Offices, Entries",Moody Dramatic Darks tone curated for optimal interior/exterior depth and light reflectance.
SHADE-1461,Trendy Across All Spaces,Moody Dramatic Darks,Deep Anchor Navy,#3E3936,"Dining Rooms, Offices, Entries",Moody Dramatic Darks tone curated for optimal interior/exterior depth and light reflectance.
SHADE-1462,Trendy Across All Spaces,Moody Dramatic Darks,Dark Jet Modern,#3E3936,"Dining Rooms, Offices, Entries",Moody Dramatic Darks tone curated for optimal interior/exterior depth and light reflectance.
SHADE-1463,Trendy Across All Spaces,Moody Dramatic Darks,Charcoal Blackberry,#39434F,"Dining Rooms, Offices, Entries",Moody Dramatic Darks tone curated for optimal interior/exterior depth and light reflectance.
SHADE-1464,Trendy Across All Spaces,Moody Dramatic Darks,Smoked Quartz Modern,#423F3E,"Dining Rooms, Offices, Entries",Moody Dramatic Darks tone curated for optimal interior/exterior depth and light reflectance.
SHADE-1465,Trendy Across All Spaces,Moody Dramatic Darks,Blackened Cypress Modern,#48484A,"Dining Rooms, Offices, Entries",Moody Dramatic Darks tone curated for optimal interior/exterior depth and light reflectance.
SHADE-1466,Trendy Across All Spaces,Moody Dramatic Darks,Dark Flint Modern,#2D3137,"Dining Rooms, Offices, Entries",Moody Dramatic Darks tone curated for optimal interior/exterior depth and light reflectance.
SHADE-1467,Trendy Across All Spaces,Moody Dramatic Darks,Midnight Obsidian,#414F3C,"Dining Rooms, Offices, Entries",Moody Dramatic Darks tone curated for optimal interior/exterior depth and light reflectance.
SHADE-1468,Trendy Across All Spaces,Moody Dramatic Darks,Deep Basalt Rock,#3D4934,"Dining Rooms, Offices, Entries",Moody Dramatic Darks tone curated for optimal interior/exterior depth and light reflectance.
SHADE-1469,Trendy Across All Spaces,Moody Dramatic Darks,Blackened Teak Modern,#4B3B50,"Dining Rooms, Offices, Entries",Moody Dramatic Darks tone curated for optimal interior/exterior depth and light reflectance.
SHADE-1470,Trendy Across All Spaces,Moody Dramatic Darks,Smoked Iron Modern,#49384C,"Dining Rooms, Offices, Entries",Moody Dramatic Darks tone curated for optimal interior/exterior depth and light reflectance.
SHADE-1471,Trendy Across All Spaces,Moody Dramatic Darks,Dark Slate Shadow,#49384C,"Dining Rooms, Offices, Entries",Moody Dramatic Darks tone curated for optimal interior/exterior depth and light reflectance.
SHADE-1472,Trendy Across All Spaces,Moody Dramatic Darks,Velvet Obsidian,#2F343B,"Dining Rooms, Offices, Entries",Moody Dramatic Darks tone curated for optimal interior/exterior depth and light reflectance.
SHADE-1473,Trendy Across All Spaces,Moody Dramatic Darks,Deep Gothic Charcoal,#37404B,"Dining Rooms, Offices, Entries",Moody Dramatic Darks tone curated for optimal interior/exterior depth and light reflectance.
SHADE-1474,Trendy Across All Spaces,Moody Dramatic Darks,Dark Umber Modern,#31373F,"Dining Rooms, Offices, Entries",Moody Dramatic Darks tone curated for optimal interior/exterior depth and light reflectance.
SHADE-1475,Trendy Across All Spaces,Moody Dramatic Darks,Blackened Mahogany,#423F3E,"Dining Rooms, Offices, Entries",Moody Dramatic Darks tone curated for optimal interior/exterior depth and light reflectance.
SHADE-1476,Trendy Across All Spaces,Moody Dramatic Darks,Smoked Graphite Modern,#432F40,"Dining Rooms, Offices, Entries",Moody Dramatic Darks tone curated for optimal interior/exterior depth and light reflectance.
SHADE-1477,Trendy Across All Spaces,Moody Dramatic Darks,Midnight Basalt Modern,#30473D,"Dining Rooms, Offices, Entries",Moody Dramatic Darks tone curated for optimal interior/exterior depth and light reflectance.
SHADE-1478,Trendy Across All Spaces,Moody Dramatic Darks,Deep Carbon Velvet,#344D45,"Dining Rooms, Offices, Entries",Moody Dramatic Darks tone curated for optimal interior/exterior depth and light reflectance.
SHADE-1479,Trendy Across All Spaces,Moody Dramatic Darks,Dark Peppercorn Modern,#30473D,"Dining Rooms, Offices, Entries",Moody Dramatic Darks tone curated for optimal interior/exterior depth and light reflectance.
SHADE-1480,Trendy Across All Spaces,Moody Dramatic Darks,Blackened Walnut Modern,#2E4439,"Dining Rooms, Offices, Entries",Moody Dramatic Darks tone curated for optimal interior/exterior depth and light reflectance.
SHADE-1481,Trendy Across All Spaces,Moody Dramatic Darks,Smoked Caviar Modern,#423F3E,"Dining Rooms, Offices, Entries",Moody Dramatic Darks tone curated for optimal interior/exterior depth and light reflectance.
SHADE-1482,Trendy Across All Spaces,Moody Dramatic Darks,Dark Slate Velvet,#4D3E54,"Dining Rooms, Offices, Entries",Moody Dramatic Darks tone curated for optimal interior/exterior depth and light reflectance.
SHADE-1483,Trendy Across All Spaces,Moody Dramatic Darks,Midnight Iron Ore,#4B3B50,"Dining Rooms, Offices, Entries",Moody Dramatic Darks tone curated for optimal interior/exterior depth and light reflectance.
SHADE-1484,Trendy Across All Spaces,Moody Dramatic Darks,Deep Raven Black,#324A41,"Dining Rooms, Offices, Entries",Moody Dramatic Darks tone curated for optimal interior/exterior depth and light reflectance.
SHADE-1485,Trendy Across All Spaces,Moody Dramatic Darks,Blackened Coffee,#48484A,"Dining Rooms, Offices, Entries",Moody Dramatic Darks tone curated for optimal interior/exterior depth and light reflectance.
SHADE-1486,Trendy Across All Spaces,Moody Dramatic Darks,Smoked Ebony Modern,#4B3B50,"Dining Rooms, Offices, Entries",Moody Dramatic Darks tone curated for optimal interior/exterior depth and light reflectance.
SHADE-1487,Trendy Across All Spaces,Moody Dramatic Darks,Dark Eclipse Slate,#31373F,"Dining Rooms, Offices, Entries",Moody Dramatic Darks tone curated for optimal interior/exterior depth and light reflectance.
SHADE-1488,Trendy Across All Spaces,Moody Dramatic Darks,Velvet Charcoal Jet,#333A43,"Dining Rooms, Offices, Entries",Moody Dramatic Darks tone curated for optimal interior/exterior depth and light reflectance.
SHADE-1489,Trendy Across All Spaces,Moody Dramatic Darks,Midnight Bronze Modern,#365049,"Dining Rooms, Offices, Entries",Moody Dramatic Darks tone curated for optimal interior/exterior depth and light reflectance.
SHADE-1490,Trendy Across All Spaces,Moody Dramatic Darks,Deep Ashen Slate,#2B2E33,"Dining Rooms, Offices, Entries",Moody Dramatic Darks tone curated for optimal interior/exterior depth and light reflectance.
SHADE-1491,Trendy Across All Spaces,Moody Dramatic Darks,Blackened Navy Modern,#423F3E,"Dining Rooms, Offices, Entries",Moody Dramatic Darks tone curated for optimal interior/exterior depth and light reflectance.
SHADE-1492,Trendy Across All Spaces,Moody Dramatic Darks,Smoked Dark Truffle,#4A4B4E,"Dining Rooms, Offices, Entries",Moody Dramatic Darks tone curated for optimal interior/exterior depth and light reflectance.
SHADE-1493,Trendy Across All Spaces,Moody Dramatic Darks,Dark Obsidian Velvet,#4B3B50,"Dining Rooms, Offices, Entries",Moody Dramatic Darks tone curated for optimal interior/exterior depth and light reflectance.
SHADE-1494,Trendy Across All Spaces,Moody Dramatic Darks,Midnight Forest Slate,#453244,"Dining Rooms, Offices, Entries",Moody Dramatic Darks tone curated for optimal interior/exterior depth and light reflectance.
SHADE-1495,Trendy Across All Spaces,Moody Dramatic Darks,Deep Pitch Charcoal,#423F3E,"Dining Rooms, Offices, Entries",Moody Dramatic Darks tone curated for optimal interior/exterior depth and light reflectance.
SHADE-1496,Trendy Across All Spaces,Moody Dramatic Darks,Blackened Umber Rock,#49384C,"Dining Rooms, Offices, Entries",Moody Dramatic Darks tone curated for optimal interior/exterior depth and light reflectance.
SHADE-1497,Trendy Across All Spaces,Moody Dramatic Darks,Smoked Cast Iron,#31373F,"Dining Rooms, Offices, Entries",Moody Dramatic Darks tone curated for optimal interior/exterior depth and light reflectance.
SHADE-1498,Trendy Across All Spaces,Moody Dramatic Darks,Dark Onyx Modern,#2E4439,"Dining Rooms, Offices, Entries",Moody Dramatic Darks tone curated for optimal interior/exterior depth and light reflectance.
SHADE-1499,Trendy Across All Spaces,Moody Dramatic Darks,Midnight Graphite Rock,#30473D,"Dining Rooms, Offices, Entries",Moody Dramatic Darks tone curated for optimal interior/exterior depth and light reflectance.
SHADE-1500,Trendy Across All Spaces,Moody Dramatic Darks,Deep Charcoal Velvet,#4B3B50,"Dining Rooms, Offices, Entries",Moody Dramatic Darks tone curated for optimal interior/exterior depth and light reflectance.
SHADE-1501,"Aesthetic Feel Giver, Calm & Vibrant","Aesthetic Feel Giver (Curated, Designer & Editorial)",Limewash Putty,#998D80,Editorial & High-Design Living,"Aesthetic Feel Giver (Curated, Designer & Editorial) tone curated for optimal interior/exterior depth and light reflectance."
SHADE-1502,"Aesthetic Feel Giver, Calm & Vibrant","Aesthetic Feel Giver (Curated, Designer & Editorial)",Soft Terracotta Bloom,#9C8086,Editorial & High-Design Living,"Aesthetic Feel Giver (Curated, Designer & Editorial) tone curated for optimal interior/exterior depth and light reflectance."
SHADE-1503,"Aesthetic Feel Giver, Calm & Vibrant","Aesthetic Feel Giver (Curated, Designer & Editorial)",Smoked Olive Silk,#969A7A,Editorial & High-Design Living,"Aesthetic Feel Giver (Curated, Designer & Editorial) tone curated for optimal interior/exterior depth and light reflectance."
SHADE-1504,"Aesthetic Feel Giver, Calm & Vibrant","Aesthetic Feel Giver (Curated, Designer & Editorial)",Burnt Mustard Modern,#9A7D82,Editorial & High-Design Living,"Aesthetic Feel Giver (Curated, Designer & Editorial) tone curated for optimal interior/exterior depth and light reflectance."
SHADE-1505,"Aesthetic Feel Giver, Calm & Vibrant","Aesthetic Feel Giver (Curated, Designer & Editorial)",Digital Lavender Edit,#A39C71,Editorial & High-Design Living,"Aesthetic Feel Giver (Curated, Designer & Editorial) tone curated for optimal interior/exterior depth and light reflectance."
SHADE-1506,"Aesthetic Feel Giver, Calm & Vibrant","Aesthetic Feel Giver (Curated, Designer & Editorial)",Rich Sapphire Editorial,#AF8B89,Editorial & High-Design Living,"Aesthetic Feel Giver (Curated, Designer & Editorial) tone curated for optimal interior/exterior depth and light reflectance."
SHADE-1507,"Aesthetic Feel Giver, Calm & Vibrant","Aesthetic Feel Giver (Curated, Designer & Editorial)",Vintage Taupe Edit,#958778,Editorial & High-Design Living,"Aesthetic Feel Giver (Curated, Designer & Editorial) tone curated for optimal interior/exterior depth and light reflectance."
SHADE-1508,"Aesthetic Feel Giver, Calm & Vibrant","Aesthetic Feel Giver (Curated, Designer & Editorial)",Weathered Zinc Glaze,#A9827D,Editorial & High-Design Living,"Aesthetic Feel Giver (Curated, Designer & Editorial) tone curated for optimal interior/exterior depth and light reflectance."
SHADE-1509,"Aesthetic Feel Giver, Calm & Vibrant","Aesthetic Feel Giver (Curated, Designer & Editorial)",Raw Sisal Weave,#949776,Editorial & High-Design Living,"Aesthetic Feel Giver (Curated, Designer & Editorial) tone curated for optimal interior/exterior depth and light reflectance."
SHADE-1510,"Aesthetic Feel Giver, Calm & Vibrant","Aesthetic Feel Giver (Curated, Designer & Editorial)",Dusty Rose Velvet,#90916E,Editorial & High-Design Living,"Aesthetic Feel Giver (Curated, Designer & Editorial) tone curated for optimal interior/exterior depth and light reflectance."
SHADE-1511,"Aesthetic Feel Giver, Calm & Vibrant","Aesthetic Feel Giver (Curated, Designer & Editorial)",Bleached Travertine Edit,#90916E,Editorial & High-Design Living,"Aesthetic Feel Giver (Curated, Designer & Editorial) tone curated for optimal interior/exterior depth and light reflectance."
SHADE-1512,"Aesthetic Feel Giver, Calm & Vibrant","Aesthetic Feel Giver (Curated, Designer & Editorial)",Muted Russet Earth,#949776,Editorial & High-Design Living,"Aesthetic Feel Giver (Curated, Designer & Editorial) tone curated for optimal interior/exterior depth and light reflectance."
SHADE-1513,"Aesthetic Feel Giver, Calm & Vibrant","Aesthetic Feel Giver (Curated, Designer & Editorial)",Faded Indigo Wash,#969A7A,Editorial & High-Design Living,"Aesthetic Feel Giver (Curated, Designer & Editorial) tone curated for optimal interior/exterior depth and light reflectance."
SHADE-1514,"Aesthetic Feel Giver, Calm & Vibrant","Aesthetic Feel Giver (Curated, Designer & Editorial)",Plum Wine Velvet,#8E8E6A,Editorial & High-Design Living,"Aesthetic Feel Giver (Curated, Designer & Editorial) tone curated for optimal interior/exterior depth and light reflectance."
SHADE-1515,"Aesthetic Feel Giver, Calm & Vibrant","Aesthetic Feel Giver (Curated, Designer & Editorial)",Desert Ochre Earth,#989D7E,Editorial & High-Design Living,"Aesthetic Feel Giver (Curated, Designer & Editorial) tone curated for optimal interior/exterior depth and light reflectance."
SHADE-1516,"Aesthetic Feel Giver, Calm & Vibrant","Aesthetic Feel Giver (Curated, Designer & Editorial)",Brushed Flaxen,#AC9883,Editorial & High-Design Living,"Aesthetic Feel Giver (Curated, Designer & Editorial) tone curated for optimal interior/exterior depth and light reflectance."
SHADE-1517,"Aesthetic Feel Giver, Calm & Vibrant","Aesthetic Feel Giver (Curated, Designer & Editorial)",Modern Ecru Editorial,#A2896F,Editorial & High-Design Living,"Aesthetic Feel Giver (Curated, Designer & Editorial) tone curated for optimal interior/exterior depth and light reflectance."
SHADE-1518,"Aesthetic Feel Giver, Calm & Vibrant","Aesthetic Feel Giver (Curated, Designer & Editorial)",Chalky Terracotta,#AB8581,Editorial & High-Design Living,"Aesthetic Feel Giver (Curated, Designer & Editorial) tone curated for optimal interior/exterior depth and light reflectance."
SHADE-1519,"Aesthetic Feel Giver, Calm & Vibrant","Aesthetic Feel Giver (Curated, Designer & Editorial)",Smoked Damson,#958778,Editorial & High-Design Living,"Aesthetic Feel Giver (Curated, Designer & Editorial) tone curated for optimal interior/exterior depth and light reflectance."
SHADE-1520,"Aesthetic Feel Giver, Calm & Vibrant","Aesthetic Feel Giver (Curated, Designer & Editorial)",Celadon Velvet,#AC9883,Editorial & High-Design Living,"Aesthetic Feel Giver (Curated, Designer & Editorial) tone curated for optimal interior/exterior depth and light reflectance."
SHADE-1521,"Aesthetic Feel Giver, Calm & Vibrant","Aesthetic Feel Giver (Curated, Designer & Editorial)",Raw Umber Wash,#949776,Editorial & High-Design Living,"Aesthetic Feel Giver (Curated, Designer & Editorial) tone curated for optimal interior/exterior depth and light reflectance."
SHADE-1522,"Aesthetic Feel Giver, Calm & Vibrant","Aesthetic Feel Giver (Curated, Designer & Editorial)",Toasted Sesame Edit,#969A7A,Editorial & High-Design Living,"Aesthetic Feel Giver (Curated, Designer & Editorial) tone curated for optimal interior/exterior depth and light reflectance."
SHADE-1523,"Aesthetic Feel Giver, Calm & Vibrant","Aesthetic Feel Giver (Curated, Designer & Editorial)",Blushing Suede Edit,#9F9669,Editorial & High-Design Living,"Aesthetic Feel Giver (Curated, Designer & Editorial) tone curated for optimal interior/exterior depth and light reflectance."
SHADE-1524,"Aesthetic Feel Giver, Calm & Vibrant","Aesthetic Feel Giver (Curated, Designer & Editorial)",Moody Lake Editorial,#AD8885,Editorial & High-Design Living,"Aesthetic Feel Giver (Curated, Designer & Editorial) tone curated for optimal interior/exterior depth and light reflectance."
SHADE-1525,"Aesthetic Feel Giver, Calm & Vibrant","Aesthetic Feel Giver (Curated, Designer & Editorial)",Sunbaked Ochre,#989D7E,Editorial & High-Design Living,"Aesthetic Feel Giver (Curated, Designer & Editorial) tone curated for optimal interior/exterior depth and light reflectance."
SHADE-1526,"Aesthetic Feel Giver, Calm & Vibrant","Aesthetic Feel Giver (Curated, Designer & Editorial)",Washed Saffron,#AD8885,Editorial & High-Design Living,"Aesthetic Feel Giver (Curated, Designer & Editorial) tone curated for optimal interior/exterior depth and light reflectance."
SHADE-1527,"Aesthetic Feel Giver, Calm & Vibrant","Aesthetic Feel Giver (Curated, Designer & Editorial)",Canyon Clay Editorial,#AB8581,Editorial & High-Design Living,"Aesthetic Feel Giver (Curated, Designer & Editorial) tone curated for optimal interior/exterior depth and light reflectance."
SHADE-1528,"Aesthetic Feel Giver, Calm & Vibrant","Aesthetic Feel Giver (Curated, Designer & Editorial)",Nordic Greige Edit,#AA957F,Editorial & High-Design Living,"Aesthetic Feel Giver (Curated, Designer & Editorial) tone curated for optimal interior/exterior depth and light reflectance."
SHADE-1529,"Aesthetic Feel Giver, Calm & Vibrant","Aesthetic Feel Giver (Curated, Designer & Editorial)",Smoked Fig Velvet,#998D80,Editorial & High-Design Living,"Aesthetic Feel Giver (Curated, Designer & Editorial) tone curated for optimal interior/exterior depth and light reflectance."
SHADE-1530,"Aesthetic Feel Giver, Calm & Vibrant","Aesthetic Feel Giver (Curated, Designer & Editorial)",Muted Periwinkle Edit,#90916E,Editorial & High-Design Living,"Aesthetic Feel Giver (Curated, Designer & Editorial) tone curated for optimal interior/exterior depth and light reflectance."
SHADE-1531,"Aesthetic Feel Giver, Calm & Vibrant","Aesthetic Feel Giver (Curated, Designer & Editorial)",Spiced Cinnamon Glaze,#A2896F,Editorial & High-Design Living,"Aesthetic Feel Giver (Curated, Designer & Editorial) tone curated for optimal interior/exterior depth and light reflectance."
SHADE-1532,"Aesthetic Feel Giver, Calm & Vibrant","Aesthetic Feel Giver (Curated, Designer & Editorial)",Earthy Sandstone Edit,#AD8885,Editorial & High-Design Living,"Aesthetic Feel Giver (Curated, Designer & Editorial) tone curated for optimal interior/exterior depth and light reflectance."
SHADE-1533,"Aesthetic Feel Giver, Calm & Vibrant","Aesthetic Feel Giver (Curated, Designer & Editorial)",Dusty Coral Editorial,#949776,Editorial & High-Design Living,"Aesthetic Feel Giver (Curated, Designer & Editorial) tone curated for optimal interior/exterior depth and light reflectance."
SHADE-1534,"Aesthetic Feel Giver, Calm & Vibrant","Aesthetic Feel Giver (Curated, Designer & Editorial)",Muted Agave Velvet,#949776,Editorial & High-Design Living,"Aesthetic Feel Giver (Curated, Designer & Editorial) tone curated for optimal interior/exterior depth and light reflectance."
SHADE-1535,"Aesthetic Feel Giver, Calm & Vibrant","Aesthetic Feel Giver (Curated, Designer & Editorial)",Raw Canvas Editorial,#A2896F,Editorial & High-Design Living,"Aesthetic Feel Giver (Curated, Designer & Editorial) tone curated for optimal interior/exterior depth and light reflectance."
SHADE-1536,"Aesthetic Feel Giver, Calm & Vibrant","Aesthetic Feel Giver (Curated, Designer & Editorial)",Smoked Quartz Glaze,#AF8B89,Editorial & High-Design Living,"Aesthetic Feel Giver (Curated, Designer & Editorial) tone curated for optimal interior/exterior depth and light reflectance."
SHADE-1537,"Aesthetic Feel Giver, Calm & Vibrant","Aesthetic Feel Giver (Curated, Designer & Editorial)",Velvet Aubergine Edit,#949776,Editorial & High-Design Living,"Aesthetic Feel Giver (Curated, Designer & Editorial) tone curated for optimal interior/exterior depth and light reflectance."
SHADE-1538,"Aesthetic Feel Giver, Calm & Vibrant","Aesthetic Feel Giver (Curated, Designer & Editorial)",Limewash Sandstone,#A39C71,Editorial & High-Design Living,"Aesthetic Feel Giver (Curated, Designer & Editorial) tone curated for optimal interior/exterior depth and light reflectance."
SHADE-1539,"Aesthetic Feel Giver, Calm & Vibrant","Aesthetic Feel Giver (Curated, Designer & Editorial)",Muted French Blue,#9A7D82,Editorial & High-Design Living,"Aesthetic Feel Giver (Curated, Designer & Editorial) tone curated for optimal interior/exterior depth and light reflectance."
SHADE-1540,"Aesthetic Feel Giver, Calm & Vibrant","Aesthetic Feel Giver (Curated, Designer & Editorial)",Sun-Drenched Clay Edit,#A68F77,Editorial & High-Design Living,"Aesthetic Feel Giver (Curated, Designer & Editorial) tone curated for optimal interior/exterior depth and light reflectance."
SHADE-1541,"Aesthetic Feel Giver, Calm & Vibrant","Aesthetic Feel Giver (Curated, Designer & Editorial)",Soft Cinnabar Bloom,#A68F77,Editorial & High-Design Living,"Aesthetic Feel Giver (Curated, Designer & Editorial) tone curated for optimal interior/exterior depth and light reflectance."
SHADE-1542,"Aesthetic Feel Giver, Calm & Vibrant","Aesthetic Feel Giver (Curated, Designer & Editorial)",Vintage Cashmere Edit,#A77F79,Editorial & High-Design Living,"Aesthetic Feel Giver (Curated, Designer & Editorial) tone curated for optimal interior/exterior depth and light reflectance."
SHADE-1543,"Aesthetic Feel Giver, Calm & Vibrant","Aesthetic Feel Giver (Curated, Designer & Editorial)",Smoked Rosemary Silk,#A68F77,Editorial & High-Design Living,"Aesthetic Feel Giver (Curated, Designer & Editorial) tone curated for optimal interior/exterior depth and light reflectance."
SHADE-1544,"Aesthetic Feel Giver, Calm & Vibrant","Aesthetic Feel Giver (Curated, Designer & Editorial)",Muted Amber Glow,#AC9883,Editorial & High-Design Living,"Aesthetic Feel Giver (Curated, Designer & Editorial) tone curated for optimal interior/exterior depth and light reflectance."
SHADE-1545,"Aesthetic Feel Giver, Calm & Vibrant","Aesthetic Feel Giver (Curated, Designer & Editorial)",Raw Linen Editorial,#A77F79,Editorial & High-Design Living,"Aesthetic Feel Giver (Curated, Designer & Editorial) tone curated for optimal interior/exterior depth and light reflectance."
SHADE-1546,"Aesthetic Feel Giver, Calm & Vibrant","Aesthetic Feel Giver (Curated, Designer & Editorial)",Dusty Amethyst Edit,#A9827D,Editorial & High-Design Living,"Aesthetic Feel Giver (Curated, Designer & Editorial) tone curated for optimal interior/exterior depth and light reflectance."
SHADE-1547,"Aesthetic Feel Giver, Calm & Vibrant","Aesthetic Feel Giver (Curated, Designer & Editorial)",Bleached Teak Glaze,#938474,Editorial & High-Design Living,"Aesthetic Feel Giver (Curated, Designer & Editorial) tone curated for optimal interior/exterior depth and light reflectance."
SHADE-1548,"Aesthetic Feel Giver, Calm & Vibrant","Aesthetic Feel Giver (Curated, Designer & Editorial)",Chalky Sienna,#A9827D,Editorial & High-Design Living,"Aesthetic Feel Giver (Curated, Designer & Editorial) tone curated for optimal interior/exterior depth and light reflectance."
SHADE-1549,"Aesthetic Feel Giver, Calm & Vibrant","Aesthetic Feel Giver (Curated, Designer & Editorial)",Smoked Blackberry Silk,#90916E,Editorial & High-Design Living,"Aesthetic Feel Giver (Curated, Designer & Editorial) tone curated for optimal interior/exterior depth and light reflectance."
SHADE-1550,"Aesthetic Feel Giver, Calm & Vibrant","Aesthetic Feel Giver (Curated, Designer & Editorial)",Muted Celadon Edit,#969A7A,Editorial & High-Design Living,"Aesthetic Feel Giver (Curated, Designer & Editorial) tone curated for optimal interior/exterior depth and light reflectance."
SHADE-1551,"Aesthetic Feel Giver, Calm & Vibrant","Aesthetic Feel Giver (Curated, Designer & Editorial)",Raw Sisal Glaze,#949776,Editorial & High-Design Living,"Aesthetic Feel Giver (Curated, Designer & Editorial) tone curated for optimal interior/exterior depth and light reflectance."
SHADE-1552,"Aesthetic Feel Giver, Calm & Vibrant","Aesthetic Feel Giver (Curated, Designer & Editorial)",Toasted Pecan Edit,#AA957F,Editorial & High-Design Living,"Aesthetic Feel Giver (Curated, Designer & Editorial) tone curated for optimal interior/exterior depth and light reflectance."
SHADE-1553,"Aesthetic Feel Giver, Calm & Vibrant","Aesthetic Feel Giver (Curated, Designer & Editorial)",Blushing Terracotta,#A77F79,Editorial & High-Design Living,"Aesthetic Feel Giver (Curated, Designer & Editorial) tone curated for optimal interior/exterior depth and light reflectance."
SHADE-1554,"Aesthetic Feel Giver, Calm & Vibrant","Aesthetic Feel Giver (Curated, Designer & Editorial)",Moody Cobalt Editorial,#989D7E,Editorial & High-Design Living,"Aesthetic Feel Giver (Curated, Designer & Editorial) tone curated for optimal interior/exterior depth and light reflectance."
SHADE-1555,"Aesthetic Feel Giver, Calm & Vibrant","Aesthetic Feel Giver (Curated, Designer & Editorial)",Sunbaked Adobe Edit,#AD8885,Editorial & High-Design Living,"Aesthetic Feel Giver (Curated, Designer & Editorial) tone curated for optimal interior/exterior depth and light reflectance."
SHADE-1556,"Aesthetic Feel Giver, Calm & Vibrant","Aesthetic Feel Giver (Curated, Designer & Editorial)",Washed Turmeric,#969A7A,Editorial & High-Design Living,"Aesthetic Feel Giver (Curated, Designer & Editorial) tone curated for optimal interior/exterior depth and light reflectance."
SHADE-1557,"Aesthetic Feel Giver, Calm & Vibrant","Aesthetic Feel Giver (Curated, Designer & Editorial)",Canyon Stone Editorial,#A2896F,Editorial & High-Design Living,"Aesthetic Feel Giver (Curated, Designer & Editorial) tone curated for optimal interior/exterior depth and light reflectance."
SHADE-1558,"Aesthetic Feel Giver, Calm & Vibrant","Aesthetic Feel Giver (Curated, Designer & Editorial)",Nordic Mist Edit,#A2896F,Editorial & High-Design Living,"Aesthetic Feel Giver (Curated, Designer & Editorial) tone curated for optimal interior/exterior depth and light reflectance."
SHADE-1559,"Aesthetic Feel Giver, Calm & Vibrant","Aesthetic Feel Giver (Curated, Designer & Editorial)",Smoked Truffle Velvet,#958778,Editorial & High-Design Living,"Aesthetic Feel Giver (Curated, Designer & Editorial) tone curated for optimal interior/exterior depth and light reflectance."
SHADE-1560,"Aesthetic Feel Giver, Calm & Vibrant","Aesthetic Feel Giver (Curated, Designer & Editorial)",Muted Cornflower Edit,#A48C73,Editorial & High-Design Living,"Aesthetic Feel Giver (Curated, Designer & Editorial) tone curated for optimal interior/exterior depth and light reflectance."
SHADE-1561,"Aesthetic Feel Giver, Calm & Vibrant","Aesthetic Feel Giver (Curated, Designer & Editorial)",Spiced Nutmeg Glaze,#9C8086,Editorial & High-Design Living,"Aesthetic Feel Giver (Curated, Designer & Editorial) tone curated for optimal interior/exterior depth and light reflectance."
SHADE-1562,"Aesthetic Feel Giver, Calm & Vibrant","Aesthetic Feel Giver (Curated, Designer & Editorial)",Earthy Loam Edit,#A0866B,Editorial & High-Design Living,"Aesthetic Feel Giver (Curated, Designer & Editorial) tone curated for optimal interior/exterior depth and light reflectance."
SHADE-1563,"Aesthetic Feel Giver, Calm & Vibrant","Aesthetic Feel Giver (Curated, Designer & Editorial)",Dusty Peach Editorial,#AE9B87,Editorial & High-Design Living,"Aesthetic Feel Giver (Curated, Designer & Editorial) tone curated for optimal interior/exterior depth and light reflectance."
SHADE-1564,"Aesthetic Feel Giver, Calm & Vibrant","Aesthetic Feel Giver (Curated, Designer & Editorial)",Muted Cypress Velvet,#969A7A,Editorial & High-Design Living,"Aesthetic Feel Giver (Curated, Designer & Editorial) tone curated for optimal interior/exterior depth and light reflectance."
SHADE-1565,"Aesthetic Feel Giver, Calm & Vibrant","Aesthetic Feel Giver (Curated, Designer & Editorial)",Raw Jute Editorial,#AD8885,Editorial & High-Design Living,"Aesthetic Feel Giver (Curated, Designer & Editorial) tone curated for optimal interior/exterior depth and light reflectance."
SHADE-1566,"Aesthetic Feel Giver, Calm & Vibrant","Aesthetic Feel Giver (Curated, Designer & Editorial)",Smoked Slate Glaze,#929472,Editorial & High-Design Living,"Aesthetic Feel Giver (Curated, Designer & Editorial) tone curated for optimal interior/exterior depth and light reflectance."
SHADE-1567,"Aesthetic Feel Giver, Calm & Vibrant","Aesthetic Feel Giver (Curated, Designer & Editorial)",Velvet Port Wine,#A68F77,Editorial & High-Design Living,"Aesthetic Feel Giver (Curated, Designer & Editorial) tone curated for optimal interior/exterior depth and light reflectance."
SHADE-1568,"Aesthetic Feel Giver, Calm & Vibrant","Aesthetic Feel Giver (Curated, Designer & Editorial)",Limewash Mortar,#989D7E,Editorial & High-Design Living,"Aesthetic Feel Giver (Curated, Designer & Editorial) tone curated for optimal interior/exterior depth and light reflectance."
SHADE-1569,"Aesthetic Feel Giver, Calm & Vibrant","Aesthetic Feel Giver (Curated, Designer & Editorial)",Muted Prussian Blue,#90916E,Editorial & High-Design Living,"Aesthetic Feel Giver (Curated, Designer & Editorial) tone curated for optimal interior/exterior depth and light reflectance."
SHADE-1570,"Aesthetic Feel Giver, Calm & Vibrant","Aesthetic Feel Giver (Curated, Designer & Editorial)",Sun-Drenched Ochre Edit,#90916E,Editorial & High-Design Living,"Aesthetic Feel Giver (Curated, Designer & Editorial) tone curated for optimal interior/exterior depth and light reflectance."
SHADE-1571,"Aesthetic Feel Giver, Calm & Vibrant","Aesthetic Feel Giver (Curated, Designer & Editorial)",Soft Paprika Bloom,#A0866B,Editorial & High-Design Living,"Aesthetic Feel Giver (Curated, Designer & Editorial) tone curated for optimal interior/exterior depth and light reflectance."
SHADE-1572,"Aesthetic Feel Giver, Calm & Vibrant","Aesthetic Feel Giver (Curated, Designer & Editorial)",Vintage Mohair Edit,#918170,Editorial & High-Design Living,"Aesthetic Feel Giver (Curated, Designer & Editorial) tone curated for optimal interior/exterior depth and light reflectance."
SHADE-1573,"Aesthetic Feel Giver, Calm & Vibrant","Aesthetic Feel Giver (Curated, Designer & Editorial)",Smoked Thyme Silk,#A8927B,Editorial & High-Design Living,"Aesthetic Feel Giver (Curated, Designer & Editorial) tone curated for optimal interior/exterior depth and light reflectance."
SHADE-1574,"Aesthetic Feel Giver, Calm & Vibrant","Aesthetic Feel Giver (Curated, Designer & Editorial)",Muted Saffron Glow,#A1996D,Editorial & High-Design Living,"Aesthetic Feel Giver (Curated, Designer & Editorial) tone curated for optimal interior/exterior depth and light reflectance."
SHADE-1575,"Aesthetic Feel Giver, Calm & Vibrant","Aesthetic Feel Giver (Curated, Designer & Editorial)",Raw Cotton Editorial,#90916E,Editorial & High-Design Living,"Aesthetic Feel Giver (Curated, Designer & Editorial) tone curated for optimal interior/exterior depth and light reflectance."
SHADE-1576,"Aesthetic Feel Giver, Calm & Vibrant","Aesthetic Feel Giver (Curated, Designer & Editorial)",Dusty Orchid Edit,#958778,Editorial & High-Design Living,"Aesthetic Feel Giver (Curated, Designer & Editorial) tone curated for optimal interior/exterior depth and light reflectance."
SHADE-1577,"Aesthetic Feel Giver, Calm & Vibrant","Aesthetic Feel Giver (Curated, Designer & Editorial)",Bleached Cedar Glaze,#A9827D,Editorial & High-Design Living,"Aesthetic Feel Giver (Curated, Designer & Editorial) tone curated for optimal interior/exterior depth and light reflectance."
SHADE-1578,"Aesthetic Feel Giver, Calm & Vibrant","Aesthetic Feel Giver (Curated, Designer & Editorial)",Chalky Ochre,#998D80,Editorial & High-Design Living,"Aesthetic Feel Giver (Curated, Designer & Editorial) tone curated for optimal interior/exterior depth and light reflectance."
SHADE-1579,"Aesthetic Feel Giver, Calm & Vibrant","Aesthetic Feel Giver (Curated, Designer & Editorial)",Smoked Currant Silk,#AC9883,Editorial & High-Design Living,"Aesthetic Feel Giver (Curated, Designer & Editorial) tone curated for optimal interior/exterior depth and light reflectance."
SHADE-1580,"Aesthetic Feel Giver, Calm & Vibrant","Aesthetic Feel Giver (Curated, Designer & Editorial)",Muted Jade Edit,#AB8581,Editorial & High-Design Living,"Aesthetic Feel Giver (Curated, Designer & Editorial) tone curated for optimal interior/exterior depth and light reflectance."
SHADE-1581,"Aesthetic Feel Giver, Calm & Vibrant","Aesthetic Feel Giver (Curated, Designer & Editorial)",Raw Hemp Glaze,#AD8885,Editorial & High-Design Living,"Aesthetic Feel Giver (Curated, Designer & Editorial) tone curated for optimal interior/exterior depth and light reflectance."
SHADE-1582,"Aesthetic Feel Giver, Calm & Vibrant","Aesthetic Feel Giver (Curated, Designer & Editorial)",Toasted Hazelnut Edit,#958778,Editorial & High-Design Living,"Aesthetic Feel Giver (Curated, Designer & Editorial) tone curated for optimal interior/exterior depth and light reflectance."
SHADE-1583,"Aesthetic Feel Giver, Calm & Vibrant","Aesthetic Feel Giver (Curated, Designer & Editorial)",Blushing Clay,#AD8885,Editorial & High-Design Living,"Aesthetic Feel Giver (Curated, Designer & Editorial) tone curated for optimal interior/exterior depth and light reflectance."
SHADE-1584,"Aesthetic Feel Giver, Calm & Vibrant","Aesthetic Feel Giver (Curated, Designer & Editorial)",Moody Indigo Editorial,#AB8581,Editorial & High-Design Living,"Aesthetic Feel Giver (Curated, Designer & Editorial) tone curated for optimal interior/exterior depth and light reflectance."
SHADE-1585,"Aesthetic Feel Giver, Calm & Vibrant","Aesthetic Feel Giver (Curated, Designer & Editorial)",Sunbaked Loam Edit,#9E838A,Editorial & High-Design Living,"Aesthetic Feel Giver (Curated, Designer & Editorial) tone curated for optimal interior/exterior depth and light reflectance."
SHADE-1586,"Aesthetic Feel Giver, Calm & Vibrant","Aesthetic Feel Giver (Curated, Designer & Editorial)",Washed Curry,#AD8885,Editorial & High-Design Living,"Aesthetic Feel Giver (Curated, Designer & Editorial) tone curated for optimal interior/exterior depth and light reflectance."
SHADE-1587,"Aesthetic Feel Giver, Calm & Vibrant","Aesthetic Feel Giver (Curated, Designer & Editorial)",Canyon Ridge Editorial,#AD8885,Editorial & High-Design Living,"Aesthetic Feel Giver (Curated, Designer & Editorial) tone curated for optimal interior/exterior depth and light reflectance."
SHADE-1588,"Aesthetic Feel Giver, Calm & Vibrant","Aesthetic Feel Giver (Curated, Designer & Editorial)",Nordic Frost Edit,#90916E,Editorial & High-Design Living,"Aesthetic Feel Giver (Curated, Designer & Editorial) tone curated for optimal interior/exterior depth and light reflectance."
SHADE-1589,"Aesthetic Feel Giver, Calm & Vibrant","Aesthetic Feel Giver (Curated, Designer & Editorial)",Smoked Peat Velvet,#A77F79,Editorial & High-Design Living,"Aesthetic Feel Giver (Curated, Designer & Editorial) tone curated for optimal interior/exterior depth and light reflectance."
SHADE-1590,"Aesthetic Feel Giver, Calm & Vibrant","Aesthetic Feel Giver (Curated, Designer & Editorial)",Muted Navy Edit,#AD8885,Editorial & High-Design Living,"Aesthetic Feel Giver (Curated, Designer & Editorial) tone curated for optimal interior/exterior depth and light reflectance."
SHADE-1591,"Aesthetic Feel Giver, Calm & Vibrant","Aesthetic Feel Giver (Curated, Designer & Editorial)",Spiced Clove Glaze,#AD8885,Editorial & High-Design Living,"Aesthetic Feel Giver (Curated, Designer & Editorial) tone curated for optimal interior/exterior depth and light reflectance."
SHADE-1592,"Aesthetic Feel Giver, Calm & Vibrant","Aesthetic Feel Giver (Curated, Designer & Editorial)",Earthy Chert Edit,#AA957F,Editorial & High-Design Living,"Aesthetic Feel Giver (Curated, Designer & Editorial) tone curated for optimal interior/exterior depth and light reflectance."
SHADE-1593,"Aesthetic Feel Giver, Calm & Vibrant","Aesthetic Feel Giver (Curated, Designer & Editorial)",Dusty Apricot Editorial,#AB8581,Editorial & High-Design Living,"Aesthetic Feel Giver (Curated, Designer & Editorial) tone curated for optimal interior/exterior depth and light reflectance."
SHADE-1594,"Aesthetic Feel Giver, Calm & Vibrant","Aesthetic Feel Giver (Curated, Designer & Editorial)",Muted Laurel Velvet,#9A7D82,Editorial & High-Design Living,"Aesthetic Feel Giver (Curated, Designer & Editorial) tone curated for optimal interior/exterior depth and light reflectance."
SHADE-1595,"Aesthetic Feel Giver, Calm & Vibrant","Aesthetic Feel Giver (Curated, Designer & Editorial)",Raw Wool Editorial,#AD8885,Editorial & High-Design Living,"Aesthetic Feel Giver (Curated, Designer & Editorial) tone curated for optimal interior/exterior depth and light reflectance."
SHADE-1596,"Aesthetic Feel Giver, Calm & Vibrant","Aesthetic Feel Giver (Curated, Designer & Editorial)",Smoked Zinc Glaze,#8F7E6C,Editorial & High-Design Living,"Aesthetic Feel Giver (Curated, Designer & Editorial) tone curated for optimal interior/exterior depth and light reflectance."
SHADE-1597,"Aesthetic Feel Giver, Calm & Vibrant","Aesthetic Feel Giver (Curated, Designer & Editorial)",Velvet Blackberry Edit,#AD8885,Editorial & High-Design Living,"Aesthetic Feel Giver (Curated, Designer & Editorial) tone curated for optimal interior/exterior depth and light reflectance."
SHADE-1598,"Aesthetic Feel Giver, Calm & Vibrant","Aesthetic Feel Giver (Curated, Designer & Editorial)",Limewash Plaster,#AF8B89,Editorial & High-Design Living,"Aesthetic Feel Giver (Curated, Designer & Editorial) tone curated for optimal interior/exterior depth and light reflectance."
SHADE-1599,"Aesthetic Feel Giver, Calm & Vibrant","Aesthetic Feel Giver (Curated, Designer & Editorial)",Muted Delft Blue,#929472,Editorial & High-Design Living,"Aesthetic Feel Giver (Curated, Designer & Editorial) tone curated for optimal interior/exterior depth and light reflectance."
SHADE-1600,"Aesthetic Feel Giver, Calm & Vibrant","Aesthetic Feel Giver (Curated, Designer & Editorial)",Sun-Drenched Sienna Edit,#9A7D82,Editorial & High-Design Living,"Aesthetic Feel Giver (Curated, Designer & Editorial) tone curated for optimal interior/exterior depth and light reflectance."
SHADE-1601,"Aesthetic Feel Giver, Calm & Vibrant","Most Calm (Zen, Restful & Stress-Relieving)",Silver Sage Zen,#B2B6C2,"Meditation, Spa & Bedrooms","Most Calm (Zen, Restful & Stress-Relieving) tone curated for optimal interior/exterior depth and light reflectance."
SHADE-1602,"Aesthetic Feel Giver, Calm & Vibrant","Most Calm (Zen, Restful & Stress-Relieving)",Sea Salt Gray Calm,#A4C4A6,"Meditation, Spa & Bedrooms","Most Calm (Zen, Restful & Stress-Relieving) tone curated for optimal interior/exterior depth and light reflectance."
SHADE-1603,"Aesthetic Feel Giver, Calm & Vibrant","Most Calm (Zen, Restful & Stress-Relieving)",Morning Mist Serene,#AACDB2,"Meditation, Spa & Bedrooms","Most Calm (Zen, Restful & Stress-Relieving) tone curated for optimal interior/exterior depth and light reflectance."
SHADE-1604,"Aesthetic Feel Giver, Calm & Vibrant","Most Calm (Zen, Restful & Stress-Relieving)",Pale Lavender Rest,#C1BBBD,"Meditation, Spa & Bedrooms","Most Calm (Zen, Restful & Stress-Relieving) tone curated for optimal interior/exterior depth and light reflectance."
SHADE-1605,"Aesthetic Feel Giver, Calm & Vibrant","Most Calm (Zen, Restful & Stress-Relieving)",Mist Blue Quiet,#A4C4A6,"Meditation, Spa & Bedrooms","Most Calm (Zen, Restful & Stress-Relieving) tone curated for optimal interior/exterior depth and light reflectance."
SHADE-1606,"Aesthetic Feel Giver, Calm & Vibrant","Most Calm (Zen, Restful & Stress-Relieving)",Washed Willow Zen,#B8BFAB,"Meditation, Spa & Bedrooms","Most Calm (Zen, Restful & Stress-Relieving) tone curated for optimal interior/exterior depth and light reflectance."
SHADE-1607,"Aesthetic Feel Giver, Calm & Vibrant","Most Calm (Zen, Restful & Stress-Relieving)",Frosted Eucalyptus Calm,#B4B9C6,"Meditation, Spa & Bedrooms","Most Calm (Zen, Restful & Stress-Relieving) tone curated for optimal interior/exterior depth and light reflectance."
SHADE-1608,"Aesthetic Feel Giver, Calm & Vibrant","Most Calm (Zen, Restful & Stress-Relieving)",Cashmere Gray Serene,#C3BEC1,"Meditation, Spa & Bedrooms","Most Calm (Zen, Restful & Stress-Relieving) tone curated for optimal interior/exterior depth and light reflectance."
SHADE-1609,"Aesthetic Feel Giver, Calm & Vibrant","Most Calm (Zen, Restful & Stress-Relieving)",Soft Celadon Quiet,#C3BEC1,"Meditation, Spa & Bedrooms","Most Calm (Zen, Restful & Stress-Relieving) tone curated for optimal interior/exterior depth and light reflectance."
SHADE-1610,"Aesthetic Feel Giver, Calm & Vibrant","Most Calm (Zen, Restful & Stress-Relieving)",Pale Chamois Rest,#C3BEC1,"Meditation, Spa & Bedrooms","Most Calm (Zen, Restful & Stress-Relieving) tone curated for optimal interior/exterior depth and light reflectance."
SHADE-1611,"Aesthetic Feel Giver, Calm & Vibrant","Most Calm (Zen, Restful & Stress-Relieving)",Duck Egg Pale Calm,#B4B9C6,"Meditation, Spa & Bedrooms","Most Calm (Zen, Restful & Stress-Relieving) tone curated for optimal interior/exterior depth and light reflectance."
SHADE-1612,"Aesthetic Feel Giver, Calm & Vibrant","Most Calm (Zen, Restful & Stress-Relieving)",Alabaster Zen,#BBB2B1,"Meditation, Spa & Bedrooms","Most Calm (Zen, Restful & Stress-Relieving) tone curated for optimal interior/exterior depth and light reflectance."
SHADE-1613,"Aesthetic Feel Giver, Calm & Vibrant","Most Calm (Zen, Restful & Stress-Relieving)",Oat Milk Serene,#A9BAB0,"Meditation, Spa & Bedrooms","Most Calm (Zen, Restful & Stress-Relieving) tone curated for optimal interior/exterior depth and light reflectance."
SHADE-1614,"Aesthetic Feel Giver, Calm & Vibrant","Most Calm (Zen, Restful & Stress-Relieving)",Dewdrop Blue Rest,#A8CAAE,"Meditation, Spa & Bedrooms","Most Calm (Zen, Restful & Stress-Relieving) tone curated for optimal interior/exterior depth and light reflectance."
SHADE-1615,"Aesthetic Feel Giver, Calm & Vibrant","Most Calm (Zen, Restful & Stress-Relieving)",Faded Aqua Quiet,#B5CCA5,"Meditation, Spa & Bedrooms","Most Calm (Zen, Restful & Stress-Relieving) tone curated for optimal interior/exterior depth and light reflectance."
SHADE-1616,"Aesthetic Feel Giver, Calm & Vibrant","Most Calm (Zen, Restful & Stress-Relieving)",Whispering Mist,#ADC0B8,"Meditation, Spa & Bedrooms","Most Calm (Zen, Restful & Stress-Relieving) tone curated for optimal interior/exterior depth and light reflectance."
SHADE-1617,"Aesthetic Feel Giver, Calm & Vibrant","Most Calm (Zen, Restful & Stress-Relieving)",Silent Sand Calm,#AFC3BC,"Meditation, Spa & Bedrooms","Most Calm (Zen, Restful & Stress-Relieving) tone curated for optimal interior/exterior depth and light reflectance."
SHADE-1618,"Aesthetic Feel Giver, Calm & Vibrant","Most Calm (Zen, Restful & Stress-Relieving)",Gentle Rain Serene,#A6C7AA,"Meditation, Spa & Bedrooms","Most Calm (Zen, Restful & Stress-Relieving) tone curated for optimal interior/exterior depth and light reflectance."
SHADE-1619,"Aesthetic Feel Giver, Calm & Vibrant","Most Calm (Zen, Restful & Stress-Relieving)",Pale Cloud Zen,#A7B7AC,"Meditation, Spa & Bedrooms","Most Calm (Zen, Restful & Stress-Relieving) tone curated for optimal interior/exterior depth and light reflectance."
SHADE-1620,"Aesthetic Feel Giver, Calm & Vibrant","Most Calm (Zen, Restful & Stress-Relieving)",Quiet Horizon Rest,#B2B6C2,"Meditation, Spa & Bedrooms","Most Calm (Zen, Restful & Stress-Relieving) tone curated for optimal interior/exterior depth and light reflectance."
SHADE-1621,"Aesthetic Feel Giver, Calm & Vibrant","Most Calm (Zen, Restful & Stress-Relieving)",Soft Foam Quiet,#BDB5B5,"Meditation, Spa & Bedrooms","Most Calm (Zen, Restful & Stress-Relieving) tone curated for optimal interior/exterior depth and light reflectance."
SHADE-1622,"Aesthetic Feel Giver, Calm & Vibrant","Most Calm (Zen, Restful & Stress-Relieving)",Serene Pebble,#BDB5B5,"Meditation, Spa & Bedrooms","Most Calm (Zen, Restful & Stress-Relieving) tone curated for optimal interior/exterior depth and light reflectance."
SHADE-1623,"Aesthetic Feel Giver, Calm & Vibrant","Most Calm (Zen, Restful & Stress-Relieving)",Pale Breeze Calm,#ABBDB4,"Meditation, Spa & Bedrooms","Most Calm (Zen, Restful & Stress-Relieving) tone curated for optimal interior/exterior depth and light reflectance."
SHADE-1624,"Aesthetic Feel Giver, Calm & Vibrant","Most Calm (Zen, Restful & Stress-Relieving)",Calm Waters Serene,#A8CAAE,"Meditation, Spa & Bedrooms","Most Calm (Zen, Restful & Stress-Relieving) tone curated for optimal interior/exterior depth and light reflectance."
SHADE-1625,"Aesthetic Feel Giver, Calm & Vibrant","Most Calm (Zen, Restful & Stress-Relieving)",Muted Dove Zen,#BAC2AF,"Meditation, Spa & Bedrooms","Most Calm (Zen, Restful & Stress-Relieving) tone curated for optimal interior/exterior depth and light reflectance."
SHADE-1626,"Aesthetic Feel Giver, Calm & Vibrant","Most Calm (Zen, Restful & Stress-Relieving)",Drifting Fog Rest,#C1BBBD,"Meditation, Spa & Bedrooms","Most Calm (Zen, Restful & Stress-Relieving) tone curated for optimal interior/exterior depth and light reflectance."
SHADE-1627,"Aesthetic Feel Giver, Calm & Vibrant","Most Calm (Zen, Restful & Stress-Relieving)",Restful Linen Quiet,#ADC0B8,"Meditation, Spa & Bedrooms","Most Calm (Zen, Restful & Stress-Relieving) tone curated for optimal interior/exterior depth and light reflectance."
SHADE-1628,"Aesthetic Feel Giver, Calm & Vibrant","Most Calm (Zen, Restful & Stress-Relieving)",Tranquil Stone Calm,#BEC8B7,"Meditation, Spa & Bedrooms","Most Calm (Zen, Restful & Stress-Relieving) tone curated for optimal interior/exterior depth and light reflectance."
SHADE-1629,"Aesthetic Feel Giver, Calm & Vibrant","Most Calm (Zen, Restful & Stress-Relieving)",Silent Dawn Serene,#ACD0B6,"Meditation, Spa & Bedrooms","Most Calm (Zen, Restful & Stress-Relieving) tone curated for optimal interior/exterior depth and light reflectance."
SHADE-1630,"Aesthetic Feel Giver, Calm & Vibrant","Most Calm (Zen, Restful & Stress-Relieving)",Peaceful Sage Zen,#B6BCA7,"Meditation, Spa & Bedrooms","Most Calm (Zen, Restful & Stress-Relieving) tone curated for optimal interior/exterior depth and light reflectance."
SHADE-1631,"Aesthetic Feel Giver, Calm & Vibrant","Most Calm (Zen, Restful & Stress-Relieving)",Soft River Rock Rest,#C1BBBD,"Meditation, Spa & Bedrooms","Most Calm (Zen, Restful & Stress-Relieving) tone curated for optimal interior/exterior depth and light reflectance."
SHADE-1632,"Aesthetic Feel Giver, Calm & Vibrant","Most Calm (Zen, Restful & Stress-Relieving)",Calm Morn Quiet,#A4C4A6,"Meditation, Spa & Bedrooms","Most Calm (Zen, Restful & Stress-Relieving) tone curated for optimal interior/exterior depth and light reflectance."
SHADE-1633,"Aesthetic Feel Giver, Calm & Vibrant","Most Calm (Zen, Restful & Stress-Relieving)",Pale Whisper Calm,#B4B9C6,"Meditation, Spa & Bedrooms","Most Calm (Zen, Restful & Stress-Relieving) tone curated for optimal interior/exterior depth and light reflectance."
SHADE-1634,"Aesthetic Feel Giver, Calm & Vibrant","Most Calm (Zen, Restful & Stress-Relieving)",Quiet Glade Serene,#B0B3BE,"Meditation, Spa & Bedrooms","Most Calm (Zen, Restful & Stress-Relieving) tone curated for optimal interior/exterior depth and light reflectance."
SHADE-1635,"Aesthetic Feel Giver, Calm & Vibrant","Most Calm (Zen, Restful & Stress-Relieving)",Muted Chambray Zen,#C5C1C5,"Meditation, Spa & Bedrooms","Most Calm (Zen, Restful & Stress-Relieving) tone curated for optimal interior/exterior depth and light reflectance."
SHADE-1636,"Aesthetic Feel Giver, Calm & Vibrant","Most Calm (Zen, Restful & Stress-Relieving)",Restful Breeze Rest,#B9D2AD,"Meditation, Spa & Bedrooms","Most Calm (Zen, Restful & Stress-Relieving) tone curated for optimal interior/exterior depth and light reflectance."
SHADE-1637,"Aesthetic Feel Giver, Calm & Vibrant","Most Calm (Zen, Restful & Stress-Relieving)",Tranquil Moss Quiet,#BEC8B7,"Meditation, Spa & Bedrooms","Most Calm (Zen, Restful & Stress-Relieving) tone curated for optimal interior/exterior depth and light reflectance."
SHADE-1638,"Aesthetic Feel Giver, Calm & Vibrant","Most Calm (Zen, Restful & Stress-Relieving)",Serene Driftwood Calm,#B5CCA5,"Meditation, Spa & Bedrooms","Most Calm (Zen, Restful & Stress-Relieving) tone curated for optimal interior/exterior depth and light reflectance."
SHADE-1639,"Aesthetic Feel Giver, Calm & Vibrant","Most Calm (Zen, Restful & Stress-Relieving)",Gentle Dusk Serene,#A6C7AA,"Meditation, Spa & Bedrooms","Most Calm (Zen, Restful & Stress-Relieving) tone curated for optimal interior/exterior depth and light reflectance."
SHADE-1640,"Aesthetic Feel Giver, Calm & Vibrant","Most Calm (Zen, Restful & Stress-Relieving)",Pale Horizon Zen,#A4C4A6,"Meditation, Spa & Bedrooms","Most Calm (Zen, Restful & Stress-Relieving) tone curated for optimal interior/exterior depth and light reflectance."
SHADE-1641,"Aesthetic Feel Giver, Calm & Vibrant","Most Calm (Zen, Restful & Stress-Relieving)",Calm Lagoon Rest,#C5C1C5,"Meditation, Spa & Bedrooms","Most Calm (Zen, Restful & Stress-Relieving) tone curated for optimal interior/exterior depth and light reflectance."
SHADE-1642,"Aesthetic Feel Giver, Calm & Vibrant","Most Calm (Zen, Restful & Stress-Relieving)",Soft Ripple Quiet,#A4C4A6,"Meditation, Spa & Bedrooms","Most Calm (Zen, Restful & Stress-Relieving) tone curated for optimal interior/exterior depth and light reflectance."
SHADE-1643,"Aesthetic Feel Giver, Calm & Vibrant","Most Calm (Zen, Restful & Stress-Relieving)",Peaceful Dune Calm,#B5CCA5,"Meditation, Spa & Bedrooms","Most Calm (Zen, Restful & Stress-Relieving) tone curated for optimal interior/exterior depth and light reflectance."
SHADE-1644,"Aesthetic Feel Giver, Calm & Vibrant","Most Calm (Zen, Restful & Stress-Relieving)",Muted Opal Serene,#C3BEC1,"Meditation, Spa & Bedrooms","Most Calm (Zen, Restful & Stress-Relieving) tone curated for optimal interior/exterior depth and light reflectance."
SHADE-1645,"Aesthetic Feel Giver, Calm & Vibrant","Most Calm (Zen, Restful & Stress-Relieving)",Restful Birch Zen,#A9BAB0,"Meditation, Spa & Bedrooms","Most Calm (Zen, Restful & Stress-Relieving) tone curated for optimal interior/exterior depth and light reflectance."
SHADE-1646,"Aesthetic Feel Giver, Calm & Vibrant","Most Calm (Zen, Restful & Stress-Relieving)",Tranquil Sea Rest,#C0CBBB,"Meditation, Spa & Bedrooms","Most Calm (Zen, Restful & Stress-Relieving) tone curated for optimal interior/exterior depth and light reflectance."
SHADE-1647,"Aesthetic Feel Giver, Calm & Vibrant","Most Calm (Zen, Restful & Stress-Relieving)",Silent Frost Quiet,#ADC0B8,"Meditation, Spa & Bedrooms","Most Calm (Zen, Restful & Stress-Relieving) tone curated for optimal interior/exterior depth and light reflectance."
SHADE-1648,"Aesthetic Feel Giver, Calm & Vibrant","Most Calm (Zen, Restful & Stress-Relieving)",Pale Cashmere Calm,#ABBDB4,"Meditation, Spa & Bedrooms","Most Calm (Zen, Restful & Stress-Relieving) tone curated for optimal interior/exterior depth and light reflectance."
SHADE-1649,"Aesthetic Feel Giver, Calm & Vibrant","Most Calm (Zen, Restful & Stress-Relieving)",Gentle Shingle Serene,#A5B4A8,"Meditation, Spa & Bedrooms","Most Calm (Zen, Restful & Stress-Relieving) tone curated for optimal interior/exterior depth and light reflectance."
SHADE-1650,"Aesthetic Feel Giver, Calm & Vibrant","Most Calm (Zen, Restful & Stress-Relieving)",Quiet Valley Zen,#BCC5B3,"Meditation, Spa & Bedrooms","Most Calm (Zen, Restful & Stress-Relieving) tone curated for optimal interior/exterior depth and light reflectance."
SHADE-1651,"Aesthetic Feel Giver, Calm & Vibrant","Most Calm (Zen, Restful & Stress-Relieving)",Soft Stream Rest,#ACD0B6,"Meditation, Spa & Bedrooms","Most Calm (Zen, Restful & Stress-Relieving) tone curated for optimal interior/exterior depth and light reflectance."
SHADE-1652,"Aesthetic Feel Giver, Calm & Vibrant","Most Calm (Zen, Restful & Stress-Relieving)",Calm Mistral Quiet,#BFB8B9,"Meditation, Spa & Bedrooms","Most Calm (Zen, Restful & Stress-Relieving) tone curated for optimal interior/exterior depth and light reflectance."
SHADE-1653,"Aesthetic Feel Giver, Calm & Vibrant","Most Calm (Zen, Restful & Stress-Relieving)",Peaceful Bamboo Calm,#A5B4A8,"Meditation, Spa & Bedrooms","Most Calm (Zen, Restful & Stress-Relieving) tone curated for optimal interior/exterior depth and light reflectance."
SHADE-1654,"Aesthetic Feel Giver, Calm & Vibrant","Most Calm (Zen, Restful & Stress-Relieving)",Muted Glacier Serene,#A9BAB0,"Meditation, Spa & Bedrooms","Most Calm (Zen, Restful & Stress-Relieving) tone curated for optimal interior/exterior depth and light reflectance."
SHADE-1655,"Aesthetic Feel Giver, Calm & Vibrant","Most Calm (Zen, Restful & Stress-Relieving)",Restful Celadon Zen,#C5C1C5,"Meditation, Spa & Bedrooms","Most Calm (Zen, Restful & Stress-Relieving) tone curated for optimal interior/exterior depth and light reflectance."
SHADE-1656,"Aesthetic Feel Giver, Calm & Vibrant","Most Calm (Zen, Restful & Stress-Relieving)",Tranquil Willow Rest,#B4B9C6,"Meditation, Spa & Bedrooms","Most Calm (Zen, Restful & Stress-Relieving) tone curated for optimal interior/exterior depth and light reflectance."
SHADE-1657,"Aesthetic Feel Giver, Calm & Vibrant","Most Calm (Zen, Restful & Stress-Relieving)",Silent Meadow Quiet,#B3C9C4,"Meditation, Spa & Bedrooms","Most Calm (Zen, Restful & Stress-Relieving) tone curated for optimal interior/exterior depth and light reflectance."
SHADE-1658,"Aesthetic Feel Giver, Calm & Vibrant","Most Calm (Zen, Restful & Stress-Relieving)",Pale Pearl Calm,#A3B1A4,"Meditation, Spa & Bedrooms","Most Calm (Zen, Restful & Stress-Relieving) tone curated for optimal interior/exterior depth and light reflectance."
SHADE-1659,"Aesthetic Feel Giver, Calm & Vibrant","Most Calm (Zen, Restful & Stress-Relieving)",Gentle Zephyr Serene,#AED3BA,"Meditation, Spa & Bedrooms","Most Calm (Zen, Restful & Stress-Relieving) tone curated for optimal interior/exterior depth and light reflectance."
SHADE-1660,"Aesthetic Feel Giver, Calm & Vibrant","Most Calm (Zen, Restful & Stress-Relieving)",Quiet Lake Zen,#C5C1C5,"Meditation, Spa & Bedrooms","Most Calm (Zen, Restful & Stress-Relieving) tone curated for optimal interior/exterior depth and light reflectance."
SHADE-1661,"Aesthetic Feel Giver, Calm & Vibrant","Most Calm (Zen, Restful & Stress-Relieving)",Soft Raindrop Rest,#A3B1A4,"Meditation, Spa & Bedrooms","Most Calm (Zen, Restful & Stress-Relieving) tone curated for optimal interior/exterior depth and light reflectance."
SHADE-1662,"Aesthetic Feel Giver, Calm & Vibrant","Most Calm (Zen, Restful & Stress-Relieving)",Calm Harbor Quiet,#B3C9C4,"Meditation, Spa & Bedrooms","Most Calm (Zen, Restful & Stress-Relieving) tone curated for optimal interior/exterior depth and light reflectance."
SHADE-1663,"Aesthetic Feel Giver, Calm & Vibrant","Most Calm (Zen, Restful & Stress-Relieving)",Peaceful Reed Calm,#B4B9C6,"Meditation, Spa & Bedrooms","Most Calm (Zen, Restful & Stress-Relieving) tone curated for optimal interior/exterior depth and light reflectance."
SHADE-1664,"Aesthetic Feel Giver, Calm & Vibrant","Most Calm (Zen, Restful & Stress-Relieving)",Muted Springwater Serene,#C4D1C3,"Meditation, Spa & Bedrooms","Most Calm (Zen, Restful & Stress-Relieving) tone curated for optimal interior/exterior depth and light reflectance."
SHADE-1665,"Aesthetic Feel Giver, Calm & Vibrant","Most Calm (Zen, Restful & Stress-Relieving)",Restful Dew Zen,#B5CCA5,"Meditation, Spa & Bedrooms","Most Calm (Zen, Restful & Stress-Relieving) tone curated for optimal interior/exterior depth and light reflectance."
SHADE-1666,"Aesthetic Feel Giver, Calm & Vibrant","Most Calm (Zen, Restful & Stress-Relieving)",Tranquil Cotton Rest,#AFC3BC,"Meditation, Spa & Bedrooms","Most Calm (Zen, Restful & Stress-Relieving) tone curated for optimal interior/exterior depth and light reflectance."
SHADE-1667,"Aesthetic Feel Giver, Calm & Vibrant","Most Calm (Zen, Restful & Stress-Relieving)",Silent Shore Quiet,#BDB5B5,"Meditation, Spa & Bedrooms","Most Calm (Zen, Restful & Stress-Relieving) tone curated for optimal interior/exterior depth and light reflectance."
SHADE-1668,"Aesthetic Feel Giver, Calm & Vibrant","Most Calm (Zen, Restful & Stress-Relieving)",Pale Moonbeam Calm,#AED3BA,"Meditation, Spa & Bedrooms","Most Calm (Zen, Restful & Stress-Relieving) tone curated for optimal interior/exterior depth and light reflectance."
SHADE-1669,"Aesthetic Feel Giver, Calm & Vibrant","Most Calm (Zen, Restful & Stress-Relieving)",Gentle Cloud Serene,#B2B6C2,"Meditation, Spa & Bedrooms","Most Calm (Zen, Restful & Stress-Relieving) tone curated for optimal interior/exterior depth and light reflectance."
SHADE-1670,"Aesthetic Feel Giver, Calm & Vibrant","Most Calm (Zen, Restful & Stress-Relieving)",Quiet Forest Zen,#A4C4A6,"Meditation, Spa & Bedrooms","Most Calm (Zen, Restful & Stress-Relieving) tone curated for optimal interior/exterior depth and light reflectance."
SHADE-1671,"Aesthetic Feel Giver, Calm & Vibrant","Most Calm (Zen, Restful & Stress-Relieving)",Soft Sky Rest,#BEC8B7,"Meditation, Spa & Bedrooms","Most Calm (Zen, Restful & Stress-Relieving) tone curated for optimal interior/exterior depth and light reflectance."
SHADE-1672,"Aesthetic Feel Giver, Calm & Vibrant","Most Calm (Zen, Restful & Stress-Relieving)",Calm Tide Quiet,#BBB2B1,"Meditation, Spa & Bedrooms","Most Calm (Zen, Restful & Stress-Relieving) tone curated for optimal interior/exterior depth and light reflectance."
SHADE-1673,"Aesthetic Feel Giver, Calm & Vibrant","Most Calm (Zen, Restful & Stress-Relieving)",Peaceful Aloe Calm,#B2B6C2,"Meditation, Spa & Bedrooms","Most Calm (Zen, Restful & Stress-Relieving) tone curated for optimal interior/exterior depth and light reflectance."
SHADE-1674,"Aesthetic Feel Giver, Calm & Vibrant","Most Calm (Zen, Restful & Stress-Relieving)",Muted Rain Serene,#BDB5B5,"Meditation, Spa & Bedrooms","Most Calm (Zen, Restful & Stress-Relieving) tone curated for optimal interior/exterior depth and light reflectance."
SHADE-1675,"Aesthetic Feel Giver, Calm & Vibrant","Most Calm (Zen, Restful & Stress-Relieving)",Restful Fog Zen,#BFB8B9,"Meditation, Spa & Bedrooms","Most Calm (Zen, Restful & Stress-Relieving) tone curated for optimal interior/exterior depth and light reflectance."
SHADE-1676,"Aesthetic Feel Giver, Calm & Vibrant","Most Calm (Zen, Restful & Stress-Relieving)",Tranquil Birch Rest,#BFB8B9,"Meditation, Spa & Bedrooms","Most Calm (Zen, Restful & Stress-Relieving) tone curated for optimal interior/exterior depth and light reflectance."
SHADE-1677,"Aesthetic Feel Giver, Calm & Vibrant","Most Calm (Zen, Restful & Stress-Relieving)",Silent Glade Quiet,#A3B1A4,"Meditation, Spa & Bedrooms","Most Calm (Zen, Restful & Stress-Relieving) tone curated for optimal interior/exterior depth and light reflectance."
SHADE-1678,"Aesthetic Feel Giver, Calm & Vibrant","Most Calm (Zen, Restful & Stress-Relieving)",Pale Dawn Calm,#A8CAAE,"Meditation, Spa & Bedrooms","Most Calm (Zen, Restful & Stress-Relieving) tone curated for optimal interior/exterior depth and light reflectance."
SHADE-1679,"Aesthetic Feel Giver, Calm & Vibrant","Most Calm (Zen, Restful & Stress-Relieving)",Gentle Brook Serene,#B5CCA5,"Meditation, Spa & Bedrooms","Most Calm (Zen, Restful & Stress-Relieving) tone curated for optimal interior/exterior depth and light reflectance."
SHADE-1680,"Aesthetic Feel Giver, Calm & Vibrant","Most Calm (Zen, Restful & Stress-Relieving)",Quiet Willow Zen,#BBB2B1,"Meditation, Spa & Bedrooms","Most Calm (Zen, Restful & Stress-Relieving) tone curated for optimal interior/exterior depth and light reflectance."
SHADE-1681,"Aesthetic Feel Giver, Calm & Vibrant","Most Calm (Zen, Restful & Stress-Relieving)",Soft Petal Rest,#A5B4A8,"Meditation, Spa & Bedrooms","Most Calm (Zen, Restful & Stress-Relieving) tone curated for optimal interior/exterior depth and light reflectance."
SHADE-1682,"Aesthetic Feel Giver, Calm & Vibrant","Most Calm (Zen, Restful & Stress-Relieving)",Calm Vapor Quiet,#BFB8B9,"Meditation, Spa & Bedrooms","Most Calm (Zen, Restful & Stress-Relieving) tone curated for optimal interior/exterior depth and light reflectance."
SHADE-1683,"Aesthetic Feel Giver, Calm & Vibrant","Most Calm (Zen, Restful & Stress-Relieving)",Peaceful Seafoam Calm,#B5CCA5,"Meditation, Spa & Bedrooms","Most Calm (Zen, Restful & Stress-Relieving) tone curated for optimal interior/exterior depth and light reflectance."
SHADE-1684,"Aesthetic Feel Giver, Calm & Vibrant","Most Calm (Zen, Restful & Stress-Relieving)",Muted Horizon Serene,#BBB2B1,"Meditation, Spa & Bedrooms","Most Calm (Zen, Restful & Stress-Relieving) tone curated for optimal interior/exterior depth and light reflectance."
SHADE-1685,"Aesthetic Feel Giver, Calm & Vibrant","Most Calm (Zen, Restful & Stress-Relieving)",Restful Lavender Zen,#C4D1C3,"Meditation, Spa & Bedrooms","Most Calm (Zen, Restful & Stress-Relieving) tone curated for optimal interior/exterior depth and light reflectance."
SHADE-1686,"Aesthetic Feel Giver, Calm & Vibrant","Most Calm (Zen, Restful & Stress-Relieving)",Tranquil Meadow Rest,#BFB8B9,"Meditation, Spa & Bedrooms","Most Calm (Zen, Restful & Stress-Relieving) tone curated for optimal interior/exterior depth and light reflectance."
SHADE-1687,"Aesthetic Feel Giver, Calm & Vibrant","Most Calm (Zen, Restful & Stress-Relieving)",Silent Wave Quiet,#C3BEC1,"Meditation, Spa & Bedrooms","Most Calm (Zen, Restful & Stress-Relieving) tone curated for optimal interior/exterior depth and light reflectance."
SHADE-1688,"Aesthetic Feel Giver, Calm & Vibrant","Most Calm (Zen, Restful & Stress-Relieving)",Pale Rain Calm,#B9D2AD,"Meditation, Spa & Bedrooms","Most Calm (Zen, Restful & Stress-Relieving) tone curated for optimal interior/exterior depth and light reflectance."
SHADE-1689,"Aesthetic Feel Giver, Calm & Vibrant","Most Calm (Zen, Restful & Stress-Relieving)",Gentle Foam Serene,#A9BAB0,"Meditation, Spa & Bedrooms","Most Calm (Zen, Restful & Stress-Relieving) tone curated for optimal interior/exterior depth and light reflectance."
SHADE-1690,"Aesthetic Feel Giver, Calm & Vibrant","Most Calm (Zen, Restful & Stress-Relieving)",Quiet Sage Zen,#B9D2AD,"Meditation, Spa & Bedrooms","Most Calm (Zen, Restful & Stress-Relieving) tone curated for optimal interior/exterior depth and light reflectance."
SHADE-1691,"Aesthetic Feel Giver, Calm & Vibrant","Most Calm (Zen, Restful & Stress-Relieving)",Soft Breeze Rest,#C1BBBD,"Meditation, Spa & Bedrooms","Most Calm (Zen, Restful & Stress-Relieving) tone curated for optimal interior/exterior depth and light reflectance."
SHADE-1692,"Aesthetic Feel Giver, Calm & Vibrant","Most Calm (Zen, Restful & Stress-Relieving)",Calm Meadow Quiet,#B9D2AD,"Meditation, Spa & Bedrooms","Most Calm (Zen, Restful & Stress-Relieving) tone curated for optimal interior/exterior depth and light reflectance."
SHADE-1693,"Aesthetic Feel Giver, Calm & Vibrant","Most Calm (Zen, Restful & Stress-Relieving)",Peaceful Stone Calm,#B0B3BE,"Meditation, Spa & Bedrooms","Most Calm (Zen, Restful & Stress-Relieving) tone curated for optimal interior/exterior depth and light reflectance."
SHADE-1694,"Aesthetic Feel Giver, Calm & Vibrant","Most Calm (Zen, Restful & Stress-Relieving)",Muted River Serene,#A9BAB0,"Meditation, Spa & Bedrooms","Most Calm (Zen, Restful & Stress-Relieving) tone curated for optimal interior/exterior depth and light reflectance."
SHADE-1695,"Aesthetic Feel Giver, Calm & Vibrant","Most Calm (Zen, Restful & Stress-Relieving)",Restful Sky Zen,#A6C7AA,"Meditation, Spa & Bedrooms","Most Calm (Zen, Restful & Stress-Relieving) tone curated for optimal interior/exterior depth and light reflectance."
SHADE-1696,"Aesthetic Feel Giver, Calm & Vibrant","Most Calm (Zen, Restful & Stress-Relieving)",Tranquil Dune Rest,#B7CFA9,"Meditation, Spa & Bedrooms","Most Calm (Zen, Restful & Stress-Relieving) tone curated for optimal interior/exterior depth and light reflectance."
SHADE-1697,"Aesthetic Feel Giver, Calm & Vibrant","Most Calm (Zen, Restful & Stress-Relieving)",Silent Breeze Quiet,#B5CCA5,"Meditation, Spa & Bedrooms","Most Calm (Zen, Restful & Stress-Relieving) tone curated for optimal interior/exterior depth and light reflectance."
SHADE-1698,"Aesthetic Feel Giver, Calm & Vibrant","Most Calm (Zen, Restful & Stress-Relieving)",Pale Stream Calm,#C5C1C5,"Meditation, Spa & Bedrooms","Most Calm (Zen, Restful & Stress-Relieving) tone curated for optimal interior/exterior depth and light reflectance."
SHADE-1699,"Aesthetic Feel Giver, Calm & Vibrant","Most Calm (Zen, Restful & Stress-Relieving)",Gentle Tide Serene,#AACDB2,"Meditation, Spa & Bedrooms","Most Calm (Zen, Restful & Stress-Relieving) tone curated for optimal interior/exterior depth and light reflectance."
SHADE-1700,"Aesthetic Feel Giver, Calm & Vibrant","Most Calm (Zen, Restful & Stress-Relieving)",Quiet Morn Zen,#BFB8B9,"Meditation, Spa & Bedrooms","Most Calm (Zen, Restful & Stress-Relieving) tone curated for optimal interior/exterior depth and light reflectance."
SHADE-1701,"Aesthetic Feel Giver, Calm & Vibrant","Most Vibrant (Energetic, Cheerful & High-Impact)",Marigold Gold Vivid,#F06914,"Accent Walls, Front Doors & Creative Spaces","Most Vibrant (Energetic, Cheerful & High-Impact) tone curated for optimal interior/exterior depth and light reflectance."
SHADE-1702,"Aesthetic Feel Giver, Calm & Vibrant","Most Vibrant (Energetic, Cheerful & High-Impact)",Tangerine Twist,#F96526,"Accent Walls, Front Doors & Creative Spaces","Most Vibrant (Energetic, Cheerful & High-Impact) tone curated for optimal interior/exterior depth and light reflectance."
SHADE-1703,"Aesthetic Feel Giver, Calm & Vibrant","Most Vibrant (Energetic, Cheerful & High-Impact)",Electric Aqua Pop,#EA600F,"Accent Walls, Front Doors & Creative Spaces","Most Vibrant (Energetic, Cheerful & High-Impact) tone curated for optimal interior/exterior depth and light reflectance."
SHADE-1704,"Aesthetic Feel Giver, Calm & Vibrant","Most Vibrant (Energetic, Cheerful & High-Impact)",Capri Blue Vivid,#EB730F,"Accent Walls, Front Doors & Creative Spaces","Most Vibrant (Energetic, Cheerful & High-Impact) tone curated for optimal interior/exterior depth and light reflectance."
SHADE-1705,"Aesthetic Feel Giver, Calm & Vibrant","Most Vibrant (Energetic, Cheerful & High-Impact)",Bright Coral Punch,#F67220,"Accent Walls, Front Doors & Creative Spaces","Most Vibrant (Energetic, Cheerful & High-Impact) tone curated for optimal interior/exterior depth and light reflectance."
SHADE-1706,"Aesthetic Feel Giver, Calm & Vibrant","Most Vibrant (Energetic, Cheerful & High-Impact)",Citron Yellow Energy,#FF7D23,"Accent Walls, Front Doors & Creative Spaces","Most Vibrant (Energetic, Cheerful & High-Impact) tone curated for optimal interior/exterior depth and light reflectance."
SHADE-1707,"Aesthetic Feel Giver, Calm & Vibrant","Most Vibrant (Energetic, Cheerful & High-Impact)",Emerald Spark,#FF671D,"Accent Walls, Front Doors & Creative Spaces","Most Vibrant (Energetic, Cheerful & High-Impact) tone curated for optimal interior/exterior depth and light reflectance."
SHADE-1708,"Aesthetic Feel Giver, Calm & Vibrant","Most Vibrant (Energetic, Cheerful & High-Impact)",Sunset Orange Blast,#F06914,"Accent Walls, Front Doors & Creative Spaces","Most Vibrant (Energetic, Cheerful & High-Impact) tone curated for optimal interior/exterior depth and light reflectance."
SHADE-1709,"Aesthetic Feel Giver, Calm & Vibrant","Most Vibrant (Energetic, Cheerful & High-Impact)",Cobalt Flash,#FF7D23,"Accent Walls, Front Doors & Creative Spaces","Most Vibrant (Energetic, Cheerful & High-Impact) tone curated for optimal interior/exterior depth and light reflectance."
SHADE-1710,"Aesthetic Feel Giver, Calm & Vibrant","Most Vibrant (Energetic, Cheerful & High-Impact)",Poppy Red Vivid,#F96526,"Accent Walls, Front Doors & Creative Spaces","Most Vibrant (Energetic, Cheerful & High-Impact) tone curated for optimal interior/exterior depth and light reflectance."
SHADE-1711,"Aesthetic Feel Giver, Calm & Vibrant","Most Vibrant (Energetic, Cheerful & High-Impact)",Saffron Burst,#FE7E0F,"Accent Walls, Front Doors & Creative Spaces","Most Vibrant (Energetic, Cheerful & High-Impact) tone curated for optimal interior/exterior depth and light reflectance."
SHADE-1712,"Aesthetic Feel Giver, Calm & Vibrant","Most Vibrant (Energetic, Cheerful & High-Impact)",Vibrant Teal Wave,#E85D0F,"Accent Walls, Front Doors & Creative Spaces","Most Vibrant (Energetic, Cheerful & High-Impact) tone curated for optimal interior/exterior depth and light reflectance."
SHADE-1713,"Aesthetic Feel Giver, Calm & Vibrant","Most Vibrant (Energetic, Cheerful & High-Impact)",Fuchsia Pop,#FF6D25,"Accent Walls, Front Doors & Creative Spaces","Most Vibrant (Energetic, Cheerful & High-Impact) tone curated for optimal interior/exterior depth and light reflectance."
SHADE-1714,"Aesthetic Feel Giver, Calm & Vibrant","Most Vibrant (Energetic, Cheerful & High-Impact)",Mango Sorbet Vivid,#EB730F,"Accent Walls, Front Doors & Creative Spaces","Most Vibrant (Energetic, Cheerful & High-Impact) tone curated for optimal interior/exterior depth and light reflectance."
SHADE-1715,"Aesthetic Feel Giver, Calm & Vibrant","Most Vibrant (Energetic, Cheerful & High-Impact)",Vivid Lime Punch,#FF6419,"Accent Walls, Front Doors & Creative Spaces","Most Vibrant (Energetic, Cheerful & High-Impact) tone curated for optimal interior/exterior depth and light reflectance."
SHADE-1716,"Aesthetic Feel Giver, Calm & Vibrant","Most Vibrant (Energetic, Cheerful & High-Impact)",Electric Coral,#F96526,"Accent Walls, Front Doors & Creative Spaces","Most Vibrant (Energetic, Cheerful & High-Impact) tone curated for optimal interior/exterior depth and light reflectance."
SHADE-1717,"Aesthetic Feel Giver, Calm & Vibrant","Most Vibrant (Energetic, Cheerful & High-Impact)",Sunbeam Yellow,#EB730F,"Accent Walls, Front Doors & Creative Spaces","Most Vibrant (Energetic, Cheerful & High-Impact) tone curated for optimal interior/exterior depth and light reflectance."
SHADE-1718,"Aesthetic Feel Giver, Calm & Vibrant","Most Vibrant (Energetic, Cheerful & High-Impact)",Neon Peacock,#FA780F,"Accent Walls, Front Doors & Creative Spaces","Most Vibrant (Energetic, Cheerful & High-Impact) tone curated for optimal interior/exterior depth and light reflectance."
SHADE-1719,"Aesthetic Feel Giver, Calm & Vibrant","Most Vibrant (Energetic, Cheerful & High-Impact)",Dragonfruit Magenta,#F37F1A,"Accent Walls, Front Doors & Creative Spaces","Most Vibrant (Energetic, Cheerful & High-Impact) tone curated for optimal interior/exterior depth and light reflectance."
SHADE-1720,"Aesthetic Feel Giver, Calm & Vibrant","Most Vibrant (Energetic, Cheerful & High-Impact)",Bright Turmeric,#FF6A21,"Accent Walls, Front Doors & Creative Spaces","Most Vibrant (Energetic, Cheerful & High-Impact) tone curated for optimal interior/exterior depth and light reflectance."
SHADE-1721,"Aesthetic Feel Giver, Calm & Vibrant","Most Vibrant (Energetic, Cheerful & High-Impact)",Vivid Ultramarine,#FF6A21,"Accent Walls, Front Doors & Creative Spaces","Most Vibrant (Energetic, Cheerful & High-Impact) tone curated for optimal interior/exterior depth and light reflectance."
SHADE-1722,"Aesthetic Feel Giver, Calm & Vibrant","Most Vibrant (Energetic, Cheerful & High-Impact)",Papaya Punch,#F96526,"Accent Walls, Front Doors & Creative Spaces","Most Vibrant (Energetic, Cheerful & High-Impact) tone curated for optimal interior/exterior depth and light reflectance."
SHADE-1723,"Aesthetic Feel Giver, Calm & Vibrant","Most Vibrant (Energetic, Cheerful & High-Impact)",Electric Mint,#F67220,"Accent Walls, Front Doors & Creative Spaces","Most Vibrant (Energetic, Cheerful & High-Impact) tone curated for optimal interior/exterior depth and light reflectance."
SHADE-1724,"Aesthetic Feel Giver, Calm & Vibrant","Most Vibrant (Energetic, Cheerful & High-Impact)",Flame Scarlet,#FF7A1F,"Accent Walls, Front Doors & Creative Spaces","Most Vibrant (Energetic, Cheerful & High-Impact) tone curated for optimal interior/exterior depth and light reflectance."
SHADE-1725,"Aesthetic Feel Giver, Calm & Vibrant","Most Vibrant (Energetic, Cheerful & High-Impact)",Zesty Lemon,#FF7417,"Accent Walls, Front Doors & Creative Spaces","Most Vibrant (Energetic, Cheerful & High-Impact) tone curated for optimal interior/exterior depth and light reflectance."
SHADE-1726,"Aesthetic Feel Giver, Calm & Vibrant","Most Vibrant (Energetic, Cheerful & High-Impact)",Vivid Cyan,#FE7E0F,"Accent Walls, Front Doors & Creative Spaces","Most Vibrant (Energetic, Cheerful & High-Impact) tone curated for optimal interior/exterior depth and light reflectance."
SHADE-1727,"Aesthetic Feel Giver, Calm & Vibrant","Most Vibrant (Energetic, Cheerful & High-Impact)",Bright Guava Pop,#E9700F,"Accent Walls, Front Doors & Creative Spaces","Most Vibrant (Energetic, Cheerful & High-Impact) tone curated for optimal interior/exterior depth and light reflectance."
SHADE-1728,"Aesthetic Feel Giver, Calm & Vibrant","Most Vibrant (Energetic, Cheerful & High-Impact)",Golden Sunshine,#FF6A21,"Accent Walls, Front Doors & Creative Spaces","Most Vibrant (Energetic, Cheerful & High-Impact) tone curated for optimal interior/exterior depth and light reflectance."
SHADE-1729,"Aesthetic Feel Giver, Calm & Vibrant","Most Vibrant (Energetic, Cheerful & High-Impact)",Electric Violet,#EA600F,"Accent Walls, Front Doors & Creative Spaces","Most Vibrant (Energetic, Cheerful & High-Impact) tone curated for optimal interior/exterior depth and light reflectance."
SHADE-1730,"Aesthetic Feel Giver, Calm & Vibrant","Most Vibrant (Energetic, Cheerful & High-Impact)",Firecracker Orange,#F17C16,"Accent Walls, Front Doors & Creative Spaces","Most Vibrant (Energetic, Cheerful & High-Impact) tone curated for optimal interior/exterior depth and light reflectance."
SHADE-1731,"Aesthetic Feel Giver, Calm & Vibrant","Most Vibrant (Energetic, Cheerful & High-Impact)",Vivid Emerald Flash,#F46F1C,"Accent Walls, Front Doors & Creative Spaces","Most Vibrant (Energetic, Cheerful & High-Impact) tone curated for optimal interior/exterior depth and light reflectance."
SHADE-1732,"Aesthetic Feel Giver, Calm & Vibrant","Most Vibrant (Energetic, Cheerful & High-Impact)",Lapis Lazuli Burst,#F55F1E,"Accent Walls, Front Doors & Creative Spaces","Most Vibrant (Energetic, Cheerful & High-Impact) tone curated for optimal interior/exterior depth and light reflectance."
SHADE-1733,"Aesthetic Feel Giver, Calm & Vibrant","Most Vibrant (Energetic, Cheerful & High-Impact)",Sunny Saffron,#E9700F,"Accent Walls, Front Doors & Creative Spaces","Most Vibrant (Energetic, Cheerful & High-Impact) tone curated for optimal interior/exterior depth and light reflectance."
SHADE-1734,"Aesthetic Feel Giver, Calm & Vibrant","Most Vibrant (Energetic, Cheerful & High-Impact)",Vibrant Magenta Glow,#FF6D25,"Accent Walls, Front Doors & Creative Spaces","Most Vibrant (Energetic, Cheerful & High-Impact) tone curated for optimal interior/exterior depth and light reflectance."
SHADE-1735,"Aesthetic Feel Giver, Calm & Vibrant","Most Vibrant (Energetic, Cheerful & High-Impact)",Electric Turquoise,#FF6A21,"Accent Walls, Front Doors & Creative Spaces","Most Vibrant (Energetic, Cheerful & High-Impact) tone curated for optimal interior/exterior depth and light reflectance."
SHADE-1736,"Aesthetic Feel Giver, Calm & Vibrant","Most Vibrant (Energetic, Cheerful & High-Impact)",Hot Coral,#FF7A1F,"Accent Walls, Front Doors & Creative Spaces","Most Vibrant (Energetic, Cheerful & High-Impact) tone curated for optimal interior/exterior depth and light reflectance."
SHADE-1737,"Aesthetic Feel Giver, Calm & Vibrant","Most Vibrant (Energetic, Cheerful & High-Impact)",Bright Canary,#EC630F,"Accent Walls, Front Doors & Creative Spaces","Most Vibrant (Energetic, Cheerful & High-Impact) tone curated for optimal interior/exterior depth and light reflectance."
SHADE-1738,"Aesthetic Feel Giver, Calm & Vibrant","Most Vibrant (Energetic, Cheerful & High-Impact)",Vivid Royal Blue,#FF7D23,"Accent Walls, Front Doors & Creative Spaces","Most Vibrant (Energetic, Cheerful & High-Impact) tone curated for optimal interior/exterior depth and light reflectance."
SHADE-1739,"Aesthetic Feel Giver, Calm & Vibrant","Most Vibrant (Energetic, Cheerful & High-Impact)",Tangerine Tango,#EC630F,"Accent Walls, Front Doors & Creative Spaces","Most Vibrant (Energetic, Cheerful & High-Impact) tone curated for optimal interior/exterior depth and light reflectance."
SHADE-1740,"Aesthetic Feel Giver, Calm & Vibrant","Most Vibrant (Energetic, Cheerful & High-Impact)",Neon Lime Burst,#FF6D25,"Accent Walls, Front Doors & Creative Spaces","Most Vibrant (Energetic, Cheerful & High-Impact) tone curated for optimal interior/exterior depth and light reflectance."
SHADE-1741,"Aesthetic Feel Giver, Calm & Vibrant","Most Vibrant (Energetic, Cheerful & High-Impact)",Bright Passionfruit,#F76222,"Accent Walls, Front Doors & Creative Spaces","Most Vibrant (Energetic, Cheerful & High-Impact) tone curated for optimal interior/exterior depth and light reflectance."
SHADE-1742,"Aesthetic Feel Giver, Calm & Vibrant","Most Vibrant (Energetic, Cheerful & High-Impact)",Electric Cerulean,#FF7A1F,"Accent Walls, Front Doors & Creative Spaces","Most Vibrant (Energetic, Cheerful & High-Impact) tone curated for optimal interior/exterior depth and light reflectance."
SHADE-1743,"Aesthetic Feel Giver, Calm & Vibrant","Most Vibrant (Energetic, Cheerful & High-Impact)",Spicy Pepper Red,#EF7912,"Accent Walls, Front Doors & Creative Spaces","Most Vibrant (Energetic, Cheerful & High-Impact) tone curated for optimal interior/exterior depth and light reflectance."
SHADE-1744,"Aesthetic Feel Giver, Calm & Vibrant","Most Vibrant (Energetic, Cheerful & High-Impact)",Golden Citrine,#FF6419,"Accent Walls, Front Doors & Creative Spaces","Most Vibrant (Energetic, Cheerful & High-Impact) tone curated for optimal interior/exterior depth and light reflectance."
SHADE-1745,"Aesthetic Feel Giver, Calm & Vibrant","Most Vibrant (Energetic, Cheerful & High-Impact)",Vivid Topaz Teal,#EC630F,"Accent Walls, Front Doors & Creative Spaces","Most Vibrant (Energetic, Cheerful & High-Impact) tone curated for optimal interior/exterior depth and light reflectance."
SHADE-1746,"Aesthetic Feel Giver, Calm & Vibrant","Most Vibrant (Energetic, Cheerful & High-Impact)",Hot Watermelon,#FF6115,"Accent Walls, Front Doors & Creative Spaces","Most Vibrant (Energetic, Cheerful & High-Impact) tone curated for optimal interior/exterior depth and light reflectance."
SHADE-1747,"Aesthetic Feel Giver, Calm & Vibrant","Most Vibrant (Energetic, Cheerful & High-Impact)",Electric Amber,#FF6A21,"Accent Walls, Front Doors & Creative Spaces","Most Vibrant (Energetic, Cheerful & High-Impact) tone curated for optimal interior/exterior depth and light reflectance."
SHADE-1748,"Aesthetic Feel Giver, Calm & Vibrant","Most Vibrant (Energetic, Cheerful & High-Impact)",Vivid Marine Blue,#F46F1C,"Accent Walls, Front Doors & Creative Spaces","Most Vibrant (Energetic, Cheerful & High-Impact) tone curated for optimal interior/exterior depth and light reflectance."
SHADE-1749,"Aesthetic Feel Giver, Calm & Vibrant","Most Vibrant (Energetic, Cheerful & High-Impact)",Bright Clementine,#FF5E11,"Accent Walls, Front Doors & Creative Spaces","Most Vibrant (Energetic, Cheerful & High-Impact) tone curated for optimal interior/exterior depth and light reflectance."
SHADE-1750,"Aesthetic Feel Giver, Calm & Vibrant","Most Vibrant (Energetic, Cheerful & High-Impact)",Neon Chartreuse,#F87524,"Accent Walls, Front Doors & Creative Spaces","Most Vibrant (Energetic, Cheerful & High-Impact) tone curated for optimal interior/exterior depth and light reflectance."
SHADE-1751,"Aesthetic Feel Giver, Calm & Vibrant","Most Vibrant (Energetic, Cheerful & High-Impact)",Bright Hibiscus,#ED760F,"Accent Walls, Front Doors & Creative Spaces","Most Vibrant (Energetic, Cheerful & High-Impact) tone curated for optimal interior/exterior depth and light reflectance."
SHADE-1752,"Aesthetic Feel Giver, Calm & Vibrant","Most Vibrant (Energetic, Cheerful & High-Impact)",Electric Sky Blue,#FF6A21,"Accent Walls, Front Doors & Creative Spaces","Most Vibrant (Energetic, Cheerful & High-Impact) tone curated for optimal interior/exterior depth and light reflectance."
SHADE-1753,"Aesthetic Feel Giver, Calm & Vibrant","Most Vibrant (Energetic, Cheerful & High-Impact)",Fiery Saffron,#EE6610,"Accent Walls, Front Doors & Creative Spaces","Most Vibrant (Energetic, Cheerful & High-Impact) tone curated for optimal interior/exterior depth and light reflectance."
SHADE-1754,"Aesthetic Feel Giver, Calm & Vibrant","Most Vibrant (Energetic, Cheerful & High-Impact)",Golden Marigold,#FE7E0F,"Accent Walls, Front Doors & Creative Spaces","Most Vibrant (Energetic, Cheerful & High-Impact) tone curated for optimal interior/exterior depth and light reflectance."
SHADE-1755,"Aesthetic Feel Giver, Calm & Vibrant","Most Vibrant (Energetic, Cheerful & High-Impact)",Vivid Aqua Marine,#F55F1E,"Accent Walls, Front Doors & Creative Spaces","Most Vibrant (Energetic, Cheerful & High-Impact) tone curated for optimal interior/exterior depth and light reflectance."
SHADE-1756,"Aesthetic Feel Giver, Calm & Vibrant","Most Vibrant (Energetic, Cheerful & High-Impact)",Hot Guava Splash,#EB730F,"Accent Walls, Front Doors & Creative Spaces","Most Vibrant (Energetic, Cheerful & High-Impact) tone curated for optimal interior/exterior depth and light reflectance."
SHADE-1757,"Aesthetic Feel Giver, Calm & Vibrant","Most Vibrant (Energetic, Cheerful & High-Impact)",Electric Tangerine,#F37F1A,"Accent Walls, Front Doors & Creative Spaces","Most Vibrant (Energetic, Cheerful & High-Impact) tone curated for optimal interior/exterior depth and light reflectance."
SHADE-1758,"Aesthetic Feel Giver, Calm & Vibrant","Most Vibrant (Energetic, Cheerful & High-Impact)",Vivid Cobalt Blue,#FF671D,"Accent Walls, Front Doors & Creative Spaces","Most Vibrant (Energetic, Cheerful & High-Impact) tone curated for optimal interior/exterior depth and light reflectance."
SHADE-1759,"Aesthetic Feel Giver, Calm & Vibrant","Most Vibrant (Energetic, Cheerful & High-Impact)",Bright Paprika Blast,#F06914,"Accent Walls, Front Doors & Creative Spaces","Most Vibrant (Energetic, Cheerful & High-Impact) tone curated for optimal interior/exterior depth and light reflectance."
SHADE-1760,"Aesthetic Feel Giver, Calm & Vibrant","Most Vibrant (Energetic, Cheerful & High-Impact)",Neon Peridot,#FF6A21,"Accent Walls, Front Doors & Creative Spaces","Most Vibrant (Energetic, Cheerful & High-Impact) tone curated for optimal interior/exterior depth and light reflectance."
SHADE-1761,"Aesthetic Feel Giver, Calm & Vibrant","Most Vibrant (Energetic, Cheerful & High-Impact)",Bright Bougainvillea,#FA780F,"Accent Walls, Front Doors & Creative Spaces","Most Vibrant (Energetic, Cheerful & High-Impact) tone curated for optimal interior/exterior depth and light reflectance."
SHADE-1762,"Aesthetic Feel Giver, Calm & Vibrant","Most Vibrant (Energetic, Cheerful & High-Impact)",Electric Indigo Flash,#F67220,"Accent Walls, Front Doors & Creative Spaces","Most Vibrant (Energetic, Cheerful & High-Impact) tone curated for optimal interior/exterior depth and light reflectance."
SHADE-1763,"Aesthetic Feel Giver, Calm & Vibrant","Most Vibrant (Energetic, Cheerful & High-Impact)",Fiery Sunset Orange,#F17C16,"Accent Walls, Front Doors & Creative Spaces","Most Vibrant (Energetic, Cheerful & High-Impact) tone curated for optimal interior/exterior depth and light reflectance."
SHADE-1764,"Aesthetic Feel Giver, Calm & Vibrant","Most Vibrant (Energetic, Cheerful & High-Impact)",Golden Topaz Spark,#FF7D23,"Accent Walls, Front Doors & Creative Spaces","Most Vibrant (Energetic, Cheerful & High-Impact) tone curated for optimal interior/exterior depth and light reflectance."
SHADE-1765,"Aesthetic Feel Giver, Calm & Vibrant","Most Vibrant (Energetic, Cheerful & High-Impact)",Vivid Lagoon Teal,#EE6610,"Accent Walls, Front Doors & Creative Spaces","Most Vibrant (Energetic, Cheerful & High-Impact) tone curated for optimal interior/exterior depth and light reflectance."
SHADE-1766,"Aesthetic Feel Giver, Calm & Vibrant","Most Vibrant (Energetic, Cheerful & High-Impact)",Hot Flamingo Pink,#FA780F,"Accent Walls, Front Doors & Creative Spaces","Most Vibrant (Energetic, Cheerful & High-Impact) tone curated for optimal interior/exterior depth and light reflectance."
SHADE-1767,"Aesthetic Feel Giver, Calm & Vibrant","Most Vibrant (Energetic, Cheerful & High-Impact)",Electric Persimmon,#FF7A1F,"Accent Walls, Front Doors & Creative Spaces","Most Vibrant (Energetic, Cheerful & High-Impact) tone curated for optimal interior/exterior depth and light reflectance."
SHADE-1768,"Aesthetic Feel Giver, Calm & Vibrant","Most Vibrant (Energetic, Cheerful & High-Impact)",Vivid Sapphire Burst,#FF6E0F,"Accent Walls, Front Doors & Creative Spaces","Most Vibrant (Energetic, Cheerful & High-Impact) tone curated for optimal interior/exterior depth and light reflectance."
SHADE-1769,"Aesthetic Feel Giver, Calm & Vibrant","Most Vibrant (Energetic, Cheerful & High-Impact)",Bright Cayenne Red,#FA780F,"Accent Walls, Front Doors & Creative Spaces","Most Vibrant (Energetic, Cheerful & High-Impact) tone curated for optimal interior/exterior depth and light reflectance."
SHADE-1770,"Aesthetic Feel Giver, Calm & Vibrant","Most Vibrant (Energetic, Cheerful & High-Impact)",Neon Acid Lime,#F06914,"Accent Walls, Front Doors & Creative Spaces","Most Vibrant (Energetic, Cheerful & High-Impact) tone curated for optimal interior/exterior depth and light reflectance."
SHADE-1771,"Aesthetic Feel Giver, Calm & Vibrant","Most Vibrant (Energetic, Cheerful & High-Impact)",Bright Raspberry Pop,#FF6D25,"Accent Walls, Front Doors & Creative Spaces","Most Vibrant (Energetic, Cheerful & High-Impact) tone curated for optimal interior/exterior depth and light reflectance."
SHADE-1772,"Aesthetic Feel Giver, Calm & Vibrant","Most Vibrant (Energetic, Cheerful & High-Impact)",Electric Ocean Wave,#F46F1C,"Accent Walls, Front Doors & Creative Spaces","Most Vibrant (Energetic, Cheerful & High-Impact) tone curated for optimal interior/exterior depth and light reflectance."
SHADE-1773,"Aesthetic Feel Giver, Calm & Vibrant","Most Vibrant (Energetic, Cheerful & High-Impact)",Fiery Coral Reef,#FF6E0F,"Accent Walls, Front Doors & Creative Spaces","Most Vibrant (Energetic, Cheerful & High-Impact) tone curated for optimal interior/exterior depth and light reflectance."
SHADE-1774,"Aesthetic Feel Giver, Calm & Vibrant","Most Vibrant (Energetic, Cheerful & High-Impact)",Golden Saffron Sun,#FF6115,"Accent Walls, Front Doors & Creative Spaces","Most Vibrant (Energetic, Cheerful & High-Impact) tone curated for optimal interior/exterior depth and light reflectance."
SHADE-1775,"Aesthetic Feel Giver, Calm & Vibrant","Most Vibrant (Energetic, Cheerful & High-Impact)",Vivid Persian Blue,#F87524,"Accent Walls, Front Doors & Creative Spaces","Most Vibrant (Energetic, Cheerful & High-Impact) tone curated for optimal interior/exterior depth and light reflectance."
SHADE-1776,"Aesthetic Feel Giver, Calm & Vibrant","Most Vibrant (Energetic, Cheerful & High-Impact)",Hot Guava Glow,#FF6D25,"Accent Walls, Front Doors & Creative Spaces","Most Vibrant (Energetic, Cheerful & High-Impact) tone curated for optimal interior/exterior depth and light reflectance."
SHADE-1777,"Aesthetic Feel Giver, Calm & Vibrant","Most Vibrant (Energetic, Cheerful & High-Impact)",Electric Apricot Burst,#F46F1C,"Accent Walls, Front Doors & Creative Spaces","Most Vibrant (Energetic, Cheerful & High-Impact) tone curated for optimal interior/exterior depth and light reflectance."
SHADE-1778,"Aesthetic Feel Giver, Calm & Vibrant","Most Vibrant (Energetic, Cheerful & High-Impact)",Vivid Olympic Blue,#F96526,"Accent Walls, Front Doors & Creative Spaces","Most Vibrant (Energetic, Cheerful & High-Impact) tone curated for optimal interior/exterior depth and light reflectance."
SHADE-1779,"Aesthetic Feel Giver, Calm & Vibrant","Most Vibrant (Energetic, Cheerful & High-Impact)",Bright Chili Pepper,#F87524,"Accent Walls, Front Doors & Creative Spaces","Most Vibrant (Energetic, Cheerful & High-Impact) tone curated for optimal interior/exterior depth and light reflectance."
SHADE-1780,"Aesthetic Feel Giver, Calm & Vibrant","Most Vibrant (Energetic, Cheerful & High-Impact)",Neon Citrus Lime,#FF6115,"Accent Walls, Front Doors & Creative Spaces","Most Vibrant (Energetic, Cheerful & High-Impact) tone curated for optimal interior/exterior depth and light reflectance."
SHADE-1781,"Aesthetic Feel Giver, Calm & Vibrant","Most Vibrant (Energetic, Cheerful & High-Impact)",Bright Fuchsia Bloom,#ED760F,"Accent Walls, Front Doors & Creative Spaces","Most Vibrant (Energetic, Cheerful & High-Impact) tone curated for optimal interior/exterior depth and light reflectance."
SHADE-1782,"Aesthetic Feel Giver, Calm & Vibrant","Most Vibrant (Energetic, Cheerful & High-Impact)",Electric Pacific Teal,#F06914,"Accent Walls, Front Doors & Creative Spaces","Most Vibrant (Energetic, Cheerful & High-Impact) tone curated for optimal interior/exterior depth and light reflectance."
SHADE-1783,"Aesthetic Feel Giver, Calm & Vibrant","Most Vibrant (Energetic, Cheerful & High-Impact)",Fiery Marigold Flash,#F37F1A,"Accent Walls, Front Doors & Creative Spaces","Most Vibrant (Energetic, Cheerful & High-Impact) tone curated for optimal interior/exterior depth and light reflectance."
SHADE-1784,"Aesthetic Feel Giver, Calm & Vibrant","Most Vibrant (Energetic, Cheerful & High-Impact)",Golden Canary Burst,#F96526,"Accent Walls, Front Doors & Creative Spaces","Most Vibrant (Energetic, Cheerful & High-Impact) tone curated for optimal interior/exterior depth and light reflectance."
SHADE-1785,"Aesthetic Feel Giver, Calm & Vibrant","Most Vibrant (Energetic, Cheerful & High-Impact)",Vivid Peacock Blue,#FC7B0F,"Accent Walls, Front Doors & Creative Spaces","Most Vibrant (Energetic, Cheerful & High-Impact) tone curated for optimal interior/exterior depth and light reflectance."
SHADE-1786,"Aesthetic Feel Giver, Calm & Vibrant","Most Vibrant (Energetic, Cheerful & High-Impact)",Hot Coral Blaze,#FE7E0F,"Accent Walls, Front Doors & Creative Spaces","Most Vibrant (Energetic, Cheerful & High-Impact) tone curated for optimal interior/exterior depth and light reflectance."
SHADE-1787,"Aesthetic Feel Giver, Calm & Vibrant","Most Vibrant (Energetic, Cheerful & High-Impact)",Electric Blood Orange,#FF6D25,"Accent Walls, Front Doors & Creative Spaces","Most Vibrant (Energetic, Cheerful & High-Impact) tone curated for optimal interior/exterior depth and light reflectance."
SHADE-1788,"Aesthetic Feel Giver, Calm & Vibrant","Most Vibrant (Energetic, Cheerful & High-Impact)",Vivid Aztec Gold,#EA600F,"Accent Walls, Front Doors & Creative Spaces","Most Vibrant (Energetic, Cheerful & High-Impact) tone curated for optimal interior/exterior depth and light reflectance."
SHADE-1789,"Aesthetic Feel Giver, Calm & Vibrant","Most Vibrant (Energetic, Cheerful & High-Impact)",Bright Crimson Pop,#F55F1E,"Accent Walls, Front Doors & Creative Spaces","Most Vibrant (Energetic, Cheerful & High-Impact) tone curated for optimal interior/exterior depth and light reflectance."
SHADE-1790,"Aesthetic Feel Giver, Calm & Vibrant","Most Vibrant (Energetic, Cheerful & High-Impact)",Neon Key Lime,#E9700F,"Accent Walls, Front Doors & Creative Spaces","Most Vibrant (Energetic, Cheerful & High-Impact) tone curated for optimal interior/exterior depth and light reflectance."
SHADE-1791,"Aesthetic Feel Giver, Calm & Vibrant","Most Vibrant (Energetic, Cheerful & High-Impact)",Bright Orchid Blast,#FF6A21,"Accent Walls, Front Doors & Creative Spaces","Most Vibrant (Energetic, Cheerful & High-Impact) tone curated for optimal interior/exterior depth and light reflectance."
SHADE-1792,"Aesthetic Feel Giver, Calm & Vibrant","Most Vibrant (Energetic, Cheerful & High-Impact)",Electric Adriatic Blue,#FF5E11,"Accent Walls, Front Doors & Creative Spaces","Most Vibrant (Energetic, Cheerful & High-Impact) tone curated for optimal interior/exterior depth and light reflectance."
SHADE-1793,"Aesthetic Feel Giver, Calm & Vibrant","Most Vibrant (Energetic, Cheerful & High-Impact)",Fiery Saffron Sun,#EA600F,"Accent Walls, Front Doors & Creative Spaces","Most Vibrant (Energetic, Cheerful & High-Impact) tone curated for optimal interior/exterior depth and light reflectance."
SHADE-1794,"Aesthetic Feel Giver, Calm & Vibrant","Most Vibrant (Energetic, Cheerful & High-Impact)",Golden Citron Spark,#FF7417,"Accent Walls, Front Doors & Creative Spaces","Most Vibrant (Energetic, Cheerful & High-Impact) tone curated for optimal interior/exterior depth and light reflectance."
SHADE-1795,"Aesthetic Feel Giver, Calm & Vibrant","Most Vibrant (Energetic, Cheerful & High-Impact)",Vivid Caribbean Teal,#FF5E11,"Accent Walls, Front Doors & Creative Spaces","Most Vibrant (Energetic, Cheerful & High-Impact) tone curated for optimal interior/exterior depth and light reflectance."
SHADE-1796,"Aesthetic Feel Giver, Calm & Vibrant","Most Vibrant (Energetic, Cheerful & High-Impact)",Hot Dragonfruit Pop,#EF7912,"Accent Walls, Front Doors & Creative Spaces","Most Vibrant (Energetic, Cheerful & High-Impact) tone curated for optimal interior/exterior depth and light reflectance."
SHADE-1797,"Aesthetic Feel Giver, Calm & Vibrant","Most Vibrant (Energetic, Cheerful & High-Impact)",Electric Melon Burst,#E85D0F,"Accent Walls, Front Doors & Creative Spaces","Most Vibrant (Energetic, Cheerful & High-Impact) tone curated for optimal interior/exterior depth and light reflectance."
SHADE-1798,"Aesthetic Feel Giver, Calm & Vibrant","Most Vibrant (Energetic, Cheerful & High-Impact)",Vivid Electric Blue,#FF671D,"Accent Walls, Front Doors & Creative Spaces","Most Vibrant (Energetic, Cheerful & High-Impact) tone curated for optimal interior/exterior depth and light reflectance."
SHADE-1799,"Aesthetic Feel Giver, Calm & Vibrant","Most Vibrant (Energetic, Cheerful & High-Impact)",Bright Scarlet Flash,#FE7E0F,"Accent Walls, Front Doors & Creative Spaces","Most Vibrant (Energetic, Cheerful & High-Impact) tone curated for optimal interior/exterior depth and light reflectance."
SHADE-1800,"Aesthetic Feel Giver, Calm & Vibrant","Most Vibrant (Energetic, Cheerful & High-Impact)",Neon Lemon Drop,#EA600F,"Accent Walls, Front Doors & Creative Spaces","Most Vibrant (Energetic, Cheerful & High-Impact) tone curated for optimal interior/exterior depth and light reflectance."
